ISO-10303-21;
HEADER;
FILE_DESCRIPTION(('FreeCAD Model'),'2;1');
FILE_NAME('Open CASCADE Shape Model','2026-09-12T15:33:40',('FreeCAD'),(
    'FreeCAD'),'Open CASCADE STEP processor 7.8','FreeCAD','Unknown');
FILE_SCHEMA(('AUTOMOTIVE_DESIGN { 1 0 10303 214 1 1 1 1 }'));
ENDSEC;
DATA;
#1 = APPLICATION_PROTOCOL_DEFINITION('international standard',
  'automotive_design',2000,#2);
#2 = APPLICATION_CONTEXT(
  'core data for automotive mechanical design processes');
#3 = SHAPE_DEFINITION_REPRESENTATION(#4,#10);
#4 = PRODUCT_DEFINITION_SHAPE('','',#5);
#5 = PRODUCT_DEFINITION('design','',#6,#9);
#6 = PRODUCT_DEFINITION_FORMATION('','',#7);
#7 = PRODUCT('Open CASCADE STEP translator 7.8 1',
  'Open CASCADE STEP translator 7.8 1','',(#8));
#8 = PRODUCT_CONTEXT('',#2,'mechanical');
#9 = PRODUCT_DEFINITION_CONTEXT('part definition',#2,'design');
#10 = ADVANCED_BREP_SHAPE_REPRESENTATION('',(#11,#15),#4993);
#11 = AXIS2_PLACEMENT_3D('',#12,#13,#14);
#12 = CARTESIAN_POINT('',(0.,0.,0.));
#13 = DIRECTION('',(0.,0.,1.));
#14 = DIRECTION('',(1.,0.,-0.));
#15 = MANIFOLD_SOLID_BREP('',#16);
#16 = CLOSED_SHELL('',(#17,#82,#114,#178,#353,#401,#426,#467,#492,#523,
    #547,#571,#588,#624,#649,#674,#725,#750,#797,#822,#857,#882,#917,
    #942,#960,#2442,#2467,#2502,#2526,#2550,#2677,#2705,#2730,#2754,
    #2786,#2899,#2934,#2959,#2991,#3015,#3043,#3068,#3204,#3255,#3279,
    #3303,#3331,#3366,#3390,#3418,#3442,#3466,#3501,#3620,#3679,#3696,
    #3716,#3733,#3764,#3788,#3812,#3829,#3854,#3987,#4037,#4061,#4085,
    #4113,#4148,#4172,#4200,#4224,#4248,#4283,#4402,#4452,#4469,#4488,
    #4505,#4530,#4550,#4622,#4657,#4677,#4697,#4717,#4747,#4759,#4779,
    #4809,#4829,#4854,#4866,#4891,#4916,#4941,#4950,#4959,#4968,#4977));
#17 = ADVANCED_FACE('',(#18),#77,.T.);
#18 = FACE_BOUND('',#19,.T.);
#19 = EDGE_LOOP('',(#20,#30,#62,#70));
#20 = ORIENTED_EDGE('',*,*,#21,.F.);
#21 = EDGE_CURVE('',#22,#24,#26,.T.);
#22 = VERTEX_POINT('',#23);
#23 = CARTESIAN_POINT('',(-6.,-25.93795592266,-3.236518394142));
#24 = VERTEX_POINT('',#25);
#25 = CARTESIAN_POINT('',(-6.,-25.93795592266,10.));
#26 = LINE('',#27,#28);
#27 = CARTESIAN_POINT('',(-6.,-25.93795592266,-30.));
#28 = VECTOR('',#29,1.);
#29 = DIRECTION('',(0.,0.,1.));
#30 = ORIENTED_EDGE('',*,*,#31,.F.);
#31 = EDGE_CURVE('',#32,#22,#34,.T.);
#32 = VERTEX_POINT('',#33);
#33 = CARTESIAN_POINT('',(7.015215167428,-37.89493456125,2.606298918896)
  );
#34 = B_SPLINE_CURVE_WITH_KNOTS('',6,(#35,#36,#37,#38,#39,#40,#41,#42,
    #43,#44,#45,#46,#47,#48,#49,#50,#51,#52,#53,#54,#55,#56,#57,#58,#59,
    #60,#61),.UNSPECIFIED.,.F.,.F.,(7,5,5,5,5,7),(0.,6.570701700767E-02,
    0.269319440936,0.572132215177,0.786540012272,1.),.UNSPECIFIED.);
#35 = CARTESIAN_POINT('',(7.015215167428,-37.89493456125,2.606298918896)
  );
#36 = CARTESIAN_POINT('',(6.813358934369,-37.91207329802,2.616708163693)
  );
#37 = CARTESIAN_POINT('',(6.61119996108,-37.92511894453,2.624639200284)
  );
#38 = CARTESIAN_POINT('',(6.408829796335,-37.93406731389,2.630082549788)
  );
#39 = CARTESIAN_POINT('',(6.206338760417,-37.93891586349,2.633032494434)
  );
#40 = CARTESIAN_POINT('',(6.003815945116,-37.939663695,2.633487077565));
#41 = CARTESIAN_POINT('',(5.173946786713,-37.9259239655,2.625129746136)
  );
#42 = CARTESIAN_POINT('',(4.54720391671,-37.87616775305,2.594867863459)
  );
#43 = CARTESIAN_POINT('',(3.923714952899,-37.78708753667,2.540730019082)
  );
#44 = CARTESIAN_POINT('',(3.306083304563,-37.65884527128,2.463110341235)
  );
#45 = CARTESIAN_POINT('',(2.696946553507,-37.4917270048,2.362730198212)
  );
#46 = CARTESIAN_POINT('',(1.209734999673,-36.98049189551,2.05899867034)
  );
#47 = CARTESIAN_POINT('',(0.345734826125,-36.58998573195,1.829410964242)
  );
#48 = CARTESIAN_POINT('',(-0.485780317399,-36.11577201935,1.554994169556
    ));
#49 = CARTESIAN_POINT('',(-1.276973394999,-35.55876260821,1.239786550199
    ));
#50 = CARTESIAN_POINT('',(-2.018953305394,-34.9200647704,0.888764372166)
  );
#51 = CARTESIAN_POINT('',(-3.184476885823,-33.69280255331,0.237922582606
    ));
#52 = CARTESIAN_POINT('',(-3.638177593937,-33.14358491083,
    -4.716826627826E-02));
#53 = CARTESIAN_POINT('',(-4.058523859826,-32.55454268981,-0.345483858)
  );
#54 = CARTESIAN_POINT('',(-4.441224386693,-31.92659816044,
    -0.654703696819));
#55 = CARTESIAN_POINT('',(-4.78152873435,-31.26109413511,-0.972266726818
    ));
#56 = CARTESIAN_POINT('',(-5.365471881164,-29.8619997142,-1.617202726579
    ));
#57 = CARTESIAN_POINT('',(-5.610186821154,-29.12715152297,-1.94525048958
    ));
#58 = CARTESIAN_POINT('',(-5.801195104123,-28.36064052939,
    -2.275318983009));
#59 = CARTESIAN_POINT('',(-5.93265472345,-27.56873633899,-2.603074358007
    ));
#60 = CARTESIAN_POINT('',(-6.,-26.75859997215,-2.924576494338));
#61 = CARTESIAN_POINT('',(-6.,-25.93795592266,-3.236518394142));
#62 = ORIENTED_EDGE('',*,*,#63,.T.);
#63 = EDGE_CURVE('',#32,#64,#66,.T.);
#64 = VERTEX_POINT('',#65);
#65 = CARTESIAN_POINT('',(7.015215167428,-37.89493456125,10.));
#66 = LINE('',#67,#68);
#67 = CARTESIAN_POINT('',(7.015215167428,-37.89493456125,-30.));
#68 = VECTOR('',#69,1.);
#69 = DIRECTION('',(0.,0.,1.));
#70 = ORIENTED_EDGE('',*,*,#71,.F.);
#71 = EDGE_CURVE('',#24,#64,#72,.T.);
#72 = CIRCLE('',#73,12.);
#73 = AXIS2_PLACEMENT_3D('',#74,#75,#76);
#74 = CARTESIAN_POINT('',(6.,-25.93795592266,10.));
#75 = DIRECTION('',(-0.,0.,1.));
#76 = DIRECTION('',(8.460126395233E-02,-0.99641488655,0.));
#77 = CYLINDRICAL_SURFACE('',#78,12.);
#78 = AXIS2_PLACEMENT_3D('',#79,#80,#81);
#79 = CARTESIAN_POINT('',(6.,-25.93795592266,-30.));
#80 = DIRECTION('',(0.,0.,1.));
#81 = DIRECTION('',(8.460126395233E-02,-0.99641488655,0.));
#82 = ADVANCED_FACE('',(#83),#109,.F.);
#83 = FACE_BOUND('',#84,.T.);
#84 = EDGE_LOOP('',(#85,#86,#94,#102));
#85 = ORIENTED_EDGE('',*,*,#21,.T.);
#86 = ORIENTED_EDGE('',*,*,#87,.F.);
#87 = EDGE_CURVE('',#88,#24,#90,.T.);
#88 = VERTEX_POINT('',#89);
#89 = CARTESIAN_POINT('',(-6.,25.937955922661,10.));
#90 = LINE('',#91,#92);
#91 = CARTESIAN_POINT('',(-6.,-5.5,10.));
#92 = VECTOR('',#93,1.);
#93 = DIRECTION('',(0.,-1.,0.));
#94 = ORIENTED_EDGE('',*,*,#95,.F.);
#95 = EDGE_CURVE('',#96,#88,#98,.T.);
#96 = VERTEX_POINT('',#97);
#97 = CARTESIAN_POINT('',(-6.,25.937955922661,-3.236518394142));
#98 = LINE('',#99,#100);
#99 = CARTESIAN_POINT('',(-6.,25.937955922661,-30.));
#100 = VECTOR('',#101,1.);
#101 = DIRECTION('',(0.,0.,1.));
#102 = ORIENTED_EDGE('',*,*,#103,.F.);
#103 = EDGE_CURVE('',#22,#96,#104,.T.);
#104 = CIRCLE('',#105,73.);
#105 = AXIS2_PLACEMENT_3D('',#106,#107,#108);
#106 = CARTESIAN_POINT('',(-6.,0.,65.));
#107 = DIRECTION('',(1.,0.,-0.));
#108 = DIRECTION('',(0.,0.,1.));
#109 = PLANE('',#110);
#110 = AXIS2_PLACEMENT_3D('',#111,#112,#113);
#111 = CARTESIAN_POINT('',(-6.,39.,-30.));
#112 = DIRECTION('',(1.,0.,0.));
#113 = DIRECTION('',(0.,-1.,0.));
#114 = ADVANCED_FACE('',(#115),#173,.F.);
#115 = FACE_BOUND('',#116,.T.);
#116 = EDGE_LOOP('',(#117,#127,#135,#143,#151,#159,#165,#166));
#117 = ORIENTED_EDGE('',*,*,#118,.T.);
#118 = EDGE_CURVE('',#119,#121,#123,.T.);
#119 = VERTEX_POINT('',#120);
#120 = CARTESIAN_POINT('',(89.015215167428,-30.93267041031,
    -1.122385780362));
#121 = VERTEX_POINT('',#122);
#122 = CARTESIAN_POINT('',(89.015215167428,-30.93267041031,10.));
#123 = LINE('',#124,#125);
#124 = CARTESIAN_POINT('',(89.015215167428,-30.93267041031,-30.));
#125 = VECTOR('',#126,1.);
#126 = DIRECTION('',(0.,0.,1.));
#127 = ORIENTED_EDGE('',*,*,#128,.T.);
#128 = EDGE_CURVE('',#121,#129,#131,.T.);
#129 = VERTEX_POINT('',#130);
#130 = CARTESIAN_POINT('',(55.17777229664,-33.80566084273,10.));
#131 = LINE('',#132,#133);
#132 = CARTESIAN_POINT('',(24.58888614832,-36.40283042136,10.));
#133 = VECTOR('',#134,1.);
#134 = DIRECTION('',(-0.99641488655,-8.460126395233E-02,0.));
#135 = ORIENTED_EDGE('',*,*,#136,.F.);
#136 = EDGE_CURVE('',#137,#129,#139,.T.);
#137 = VERTEX_POINT('',#138);
#138 = CARTESIAN_POINT('',(55.17777229664,-33.80566084273,6.65));
#139 = LINE('',#140,#141);
#140 = CARTESIAN_POINT('',(55.17777229664,-33.80566084273,-12.5));
#141 = VECTOR('',#142,1.);
#142 = DIRECTION('',(0.,0.,1.));
#143 = ORIENTED_EDGE('',*,*,#144,.T.);
#144 = EDGE_CURVE('',#137,#145,#147,.T.);
#145 = VERTEX_POINT('',#146);
#146 = CARTESIAN_POINT('',(42.822227703425,-34.85471651574,6.65));
#147 = LINE('',#148,#149);
#148 = CARTESIAN_POINT('',(18.087279013584,-36.95485366865,6.65));
#149 = VECTOR('',#150,1.);
#150 = DIRECTION('',(-0.99641488655,-8.460126395233E-02,0.));
#151 = ORIENTED_EDGE('',*,*,#152,.T.);
#152 = EDGE_CURVE('',#145,#153,#155,.T.);
#153 = VERTEX_POINT('',#154);
#154 = CARTESIAN_POINT('',(42.822227703425,-34.85471651574,10.));
#155 = LINE('',#156,#157);
#156 = CARTESIAN_POINT('',(42.822227703425,-34.85471651574,-12.5));
#157 = VECTOR('',#158,1.);
#158 = DIRECTION('',(0.,0.,1.));
#159 = ORIENTED_EDGE('',*,*,#160,.F.);
#160 = EDGE_CURVE('',#64,#153,#161,.T.);
#161 = LINE('',#162,#163);
#162 = CARTESIAN_POINT('',(-13.41353715649,-39.629451268,10.));
#163 = VECTOR('',#164,1.);
#164 = DIRECTION('',(0.99641488655,8.460126395233E-02,0.));
#165 = ORIENTED_EDGE('',*,*,#63,.F.);
#166 = ORIENTED_EDGE('',*,*,#167,.F.);
#167 = EDGE_CURVE('',#119,#32,#168,.T.);
#168 = ELLIPSE('',#169,862.87126917083,73.);
#169 = AXIS2_PLACEMENT_3D('',#170,#171,#172);
#170 = CARTESIAN_POINT('',(453.33333333333,0.,65.));
#171 = DIRECTION('',(-8.460126395233E-02,0.99641488655,0.));
#172 = DIRECTION('',(0.99641488655,8.460126395233E-02,0.));
#173 = PLANE('',#174);
#174 = AXIS2_PLACEMENT_3D('',#175,#176,#177);
#175 = CARTESIAN_POINT('',(-6.,-39.,-30.));
#176 = DIRECTION('',(-8.460126395233E-02,0.99641488655,0.));
#177 = DIRECTION('',(0.99641488655,8.460126395233E-02,0.));
#178 = ADVANCED_FACE('',(#179),#348,.T.);
#179 = FACE_BOUND('',#180,.T.);
#180 = EDGE_LOOP('',(#181,#190,#191,#192,#193,#201,#209,#217,#225,#234,
    #242,#251,#259,#268,#276,#285,#293,#301,#309,#315,#316,#325,#333,
    #342));
#181 = ORIENTED_EDGE('',*,*,#182,.T.);
#182 = EDGE_CURVE('',#183,#88,#185,.T.);
#183 = VERTEX_POINT('',#184);
#184 = CARTESIAN_POINT('',(7.015215167428,37.894934561256,10.));
#185 = CIRCLE('',#186,12.);
#186 = AXIS2_PLACEMENT_3D('',#187,#188,#189);
#187 = CARTESIAN_POINT('',(6.,25.937955922661,10.));
#188 = DIRECTION('',(0.,-0.,1.));
#189 = DIRECTION('',(8.460126395233E-02,0.99641488655,0.));
#190 = ORIENTED_EDGE('',*,*,#87,.T.);
#191 = ORIENTED_EDGE('',*,*,#71,.T.);
#192 = ORIENTED_EDGE('',*,*,#160,.T.);
#193 = ORIENTED_EDGE('',*,*,#194,.F.);
#194 = EDGE_CURVE('',#195,#153,#197,.T.);
#195 = VERTEX_POINT('',#196);
#196 = CARTESIAN_POINT('',(42.20886419782,-27.63065744974,10.));
#197 = LINE('',#198,#199);
#198 = CARTESIAN_POINT('',(42.20886419782,-27.63065744974,10.));
#199 = VECTOR('',#200,1.);
#200 = DIRECTION('',(8.460126395232E-02,-0.99641488655,0.));
#201 = ORIENTED_EDGE('',*,*,#202,.F.);
#202 = EDGE_CURVE('',#203,#195,#205,.T.);
#203 = VERTEX_POINT('',#204);
#204 = CARTESIAN_POINT('',(41.561194521563,-27.68564827131,10.));
#205 = LINE('',#206,#207);
#206 = CARTESIAN_POINT('',(41.561194521563,-27.68564827131,10.));
#207 = VECTOR('',#208,1.);
#208 = DIRECTION('',(0.99641488655,8.460126395232E-02,0.));
#209 = ORIENTED_EDGE('',*,*,#210,.T.);
#210 = EDGE_CURVE('',#203,#211,#213,.T.);
#211 = VERTEX_POINT('',#212);
#212 = CARTESIAN_POINT('',(41.971514993682,-32.51831160959,10.));
#213 = LINE('',#214,#215);
#214 = CARTESIAN_POINT('',(41.561194521563,-27.68564827131,10.));
#215 = VECTOR('',#216,1.);
#216 = DIRECTION('',(8.460126395232E-02,-0.99641488655,0.));
#217 = ORIENTED_EDGE('',*,*,#218,.F.);
#218 = EDGE_CURVE('',#219,#211,#221,.T.);
#219 = VERTEX_POINT('',#220);
#220 = CARTESIAN_POINT('',(6.812172133942,-35.50353883353,10.));
#221 = LINE('',#222,#223);
#222 = CARTESIAN_POINT('',(-7.108972606262,-36.68552282091,10.));
#223 = VECTOR('',#224,1.);
#224 = DIRECTION('',(0.99641488655,8.460126395233E-02,0.));
#225 = ORIENTED_EDGE('',*,*,#226,.T.);
#226 = EDGE_CURVE('',#219,#227,#229,.T.);
#227 = VERTEX_POINT('',#228);
#228 = CARTESIAN_POINT('',(-3.6,-25.93795592266,10.));
#229 = CIRCLE('',#230,9.6);
#230 = AXIS2_PLACEMENT_3D('',#231,#232,#233);
#231 = CARTESIAN_POINT('',(6.,-25.93795592266,10.));
#232 = DIRECTION('',(-0.,-0.,-1.));
#233 = DIRECTION('',(0.,-1.,0.));
#234 = ORIENTED_EDGE('',*,*,#235,.F.);
#235 = EDGE_CURVE('',#236,#227,#238,.T.);
#236 = VERTEX_POINT('',#237);
#237 = CARTESIAN_POINT('',(-3.6,25.937955922661,10.));
#238 = LINE('',#239,#240);
#239 = CARTESIAN_POINT('',(-3.6,-12.03102203867,10.));
#240 = VECTOR('',#241,1.);
#241 = DIRECTION('',(0.,-1.,0.));
#242 = ORIENTED_EDGE('',*,*,#243,.T.);
#243 = EDGE_CURVE('',#236,#244,#246,.T.);
#244 = VERTEX_POINT('',#245);
#245 = CARTESIAN_POINT('',(6.812172133942,35.503538833537,10.));
#246 = CIRCLE('',#247,9.6);
#247 = AXIS2_PLACEMENT_3D('',#248,#249,#250);
#248 = CARTESIAN_POINT('',(6.,25.937955922661,10.));
#249 = DIRECTION('',(-0.,-0.,-1.));
#250 = DIRECTION('',(0.,-1.,0.));
#251 = ORIENTED_EDGE('',*,*,#252,.F.);
#252 = EDGE_CURVE('',#253,#244,#255,.T.);
#253 = VERTEX_POINT('',#254);
#254 = CARTESIAN_POINT('',(88.812172133942,28.541274682594,10.));
#255 = LINE('',#256,#257);
#256 = CARTESIAN_POINT('',(38.105925334889,32.846522052325,10.));
#257 = VECTOR('',#258,1.);
#258 = DIRECTION('',(-0.99641488655,8.460126395233E-02,0.));
#259 = ORIENTED_EDGE('',*,*,#260,.T.);
#260 = EDGE_CURVE('',#253,#261,#263,.T.);
#261 = VERTEX_POINT('',#262);
#262 = CARTESIAN_POINT('',(97.6,18.975691771717,10.));
#263 = CIRCLE('',#264,9.6);
#264 = AXIS2_PLACEMENT_3D('',#265,#266,#267);
#265 = CARTESIAN_POINT('',(88.,18.975691771717,10.));
#266 = DIRECTION('',(-0.,-0.,-1.));
#267 = DIRECTION('',(0.,-1.,0.));
#268 = ORIENTED_EDGE('',*,*,#269,.F.);
#269 = EDGE_CURVE('',#270,#261,#272,.T.);
#270 = VERTEX_POINT('',#271);
#271 = CARTESIAN_POINT('',(97.6,-18.97569177171,10.));
#272 = LINE('',#273,#274);
#273 = CARTESIAN_POINT('',(97.6,-34.48784588585,10.));
#274 = VECTOR('',#275,1.);
#275 = DIRECTION('',(0.,1.,0.));
#276 = ORIENTED_EDGE('',*,*,#277,.T.);
#277 = EDGE_CURVE('',#270,#278,#280,.T.);
#278 = VERTEX_POINT('',#279);
#279 = CARTESIAN_POINT('',(88.812172133942,-28.54127468259,10.));
#280 = CIRCLE('',#281,9.6);
#281 = AXIS2_PLACEMENT_3D('',#282,#283,#284);
#282 = CARTESIAN_POINT('',(88.,-18.97569177171,10.));
#283 = DIRECTION('',(-0.,-0.,-1.));
#284 = DIRECTION('',(0.,-1.,0.));
#285 = ORIENTED_EDGE('',*,*,#286,.F.);
#286 = EDGE_CURVE('',#287,#278,#289,.T.);
#287 = VERTEX_POINT('',#288);
#288 = CARTESIAN_POINT('',(55.622398939411,-31.35927429345,10.));
#289 = LINE('',#290,#291);
#290 = CARTESIAN_POINT('',(-7.108972606262,-36.68552282091,10.));
#291 = VECTOR('',#292,1.);
#292 = DIRECTION('',(0.99641488655,8.460126395233E-02,0.));
#293 = ORIENTED_EDGE('',*,*,#294,.F.);
#294 = EDGE_CURVE('',#295,#287,#297,.T.);
#295 = VERTEX_POINT('',#296);
#296 = CARTESIAN_POINT('',(55.212078467293,-26.52661095516,10.));
#297 = LINE('',#298,#299);
#298 = CARTESIAN_POINT('',(55.212078467293,-26.52661095516,10.));
#299 = VECTOR('',#300,1.);
#300 = DIRECTION('',(8.460126395232E-02,-0.99641488655,0.));
#301 = ORIENTED_EDGE('',*,*,#302,.F.);
#302 = EDGE_CURVE('',#303,#295,#305,.T.);
#303 = VERTEX_POINT('',#304);
#304 = CARTESIAN_POINT('',(54.564408791035,-26.58160177673,10.));
#305 = LINE('',#306,#307);
#306 = CARTESIAN_POINT('',(54.564408791035,-26.58160177673,10.));
#307 = VECTOR('',#308,1.);
#308 = DIRECTION('',(0.99641488655,8.460126395232E-02,0.));
#309 = ORIENTED_EDGE('',*,*,#310,.T.);
#310 = EDGE_CURVE('',#303,#129,#311,.T.);
#311 = LINE('',#312,#313);
#312 = CARTESIAN_POINT('',(54.564408791035,-26.58160177673,10.));
#313 = VECTOR('',#314,1.);
#314 = DIRECTION('',(8.460126395232E-02,-0.99641488655,0.));
#315 = ORIENTED_EDGE('',*,*,#128,.F.);
#316 = ORIENTED_EDGE('',*,*,#317,.T.);
#317 = EDGE_CURVE('',#121,#318,#320,.T.);
#318 = VERTEX_POINT('',#319);
#319 = CARTESIAN_POINT('',(100.,-18.97569177171,10.));
#320 = CIRCLE('',#321,12.);
#321 = AXIS2_PLACEMENT_3D('',#322,#323,#324);
#322 = CARTESIAN_POINT('',(88.,-18.97569177171,10.));
#323 = DIRECTION('',(-0.,0.,1.));
#324 = DIRECTION('',(8.460126395233E-02,-0.99641488655,0.));
#325 = ORIENTED_EDGE('',*,*,#326,.T.);
#326 = EDGE_CURVE('',#318,#327,#329,.T.);
#327 = VERTEX_POINT('',#328);
#328 = CARTESIAN_POINT('',(100.,18.975691771717,10.));
#329 = LINE('',#330,#331);
#330 = CARTESIAN_POINT('',(100.,-40.,10.));
#331 = VECTOR('',#332,1.);
#332 = DIRECTION('',(0.,1.,0.));
#333 = ORIENTED_EDGE('',*,*,#334,.T.);
#334 = EDGE_CURVE('',#327,#335,#337,.T.);
#335 = VERTEX_POINT('',#336);
#336 = CARTESIAN_POINT('',(89.015215167428,30.932670410313,10.));
#337 = CIRCLE('',#338,12.);
#338 = AXIS2_PLACEMENT_3D('',#339,#340,#341);
#339 = CARTESIAN_POINT('',(88.,18.975691771717,10.));
#340 = DIRECTION('',(0.,0.,1.));
#341 = DIRECTION('',(1.,0.,0.));
#342 = ORIENTED_EDGE('',*,*,#343,.T.);
#343 = EDGE_CURVE('',#335,#183,#344,.T.);
#344 = LINE('',#345,#346);
#345 = CARTESIAN_POINT('',(43.80136078466,34.771582574887,10.));
#346 = VECTOR('',#347,1.);
#347 = DIRECTION('',(-0.99641488655,8.460126395233E-02,0.));
#348 = PLANE('',#349);
#349 = AXIS2_PLACEMENT_3D('',#350,#351,#352);
#350 = CARTESIAN_POINT('',(44.76490422788,0.149799910663,10.));
#351 = DIRECTION('',(0.,0.,1.));
#352 = DIRECTION('',(1.,0.,0.));
#353 = ADVANCED_FACE('',(#354),#396,.T.);
#354 = FACE_BOUND('',#355,.T.);
#355 = EDGE_LOOP('',(#356,#357,#358,#366));
#356 = ORIENTED_EDGE('',*,*,#95,.T.);
#357 = ORIENTED_EDGE('',*,*,#182,.F.);
#358 = ORIENTED_EDGE('',*,*,#359,.F.);
#359 = EDGE_CURVE('',#360,#183,#362,.T.);
#360 = VERTEX_POINT('',#361);
#361 = CARTESIAN_POINT('',(7.015215167428,37.894934561256,2.606298918896
    ));
#362 = LINE('',#363,#364);
#363 = CARTESIAN_POINT('',(7.015215167428,37.894934561256,-30.));
#364 = VECTOR('',#365,1.);
#365 = DIRECTION('',(0.,0.,1.));
#366 = ORIENTED_EDGE('',*,*,#367,.T.);
#367 = EDGE_CURVE('',#360,#96,#368,.T.);
#368 = B_SPLINE_CURVE_WITH_KNOTS('',6,(#369,#370,#371,#372,#373,#374,
    #375,#376,#377,#378,#379,#380,#381,#382,#383,#384,#385,#386,#387,
    #388,#389,#390,#391,#392,#393,#394,#395),.UNSPECIFIED.,.F.,.F.,(7,5,
    5,5,5,7),(0.,6.570701700327E-02,0.269319440918,0.572132215163,
    0.786540012244,1.),.UNSPECIFIED.);
#369 = CARTESIAN_POINT('',(7.015215167428,37.894934561256,2.606298918896
    ));
#370 = CARTESIAN_POINT('',(6.813358934369,37.912073298025,2.616708163693
    ));
#371 = CARTESIAN_POINT('',(6.61119996108,37.925118944533,2.624639200284)
  );
#372 = CARTESIAN_POINT('',(6.408829796335,37.934067313892,2.630082549788
    ));
#373 = CARTESIAN_POINT('',(6.206338760417,37.938915863492,2.633032494434
    ));
#374 = CARTESIAN_POINT('',(6.003815945116,37.939663695004,2.633487077565
    ));
#375 = CARTESIAN_POINT('',(5.173946786713,37.925923965505,2.625129746136
    ));
#376 = CARTESIAN_POINT('',(4.54720391671,37.876167753054,2.594867863458)
  );
#377 = CARTESIAN_POINT('',(3.923714952899,37.787087536675,2.540730019082
    ));
#378 = CARTESIAN_POINT('',(3.306083304564,37.658845271287,2.463110341235
    ));
#379 = CARTESIAN_POINT('',(2.696946553507,37.491727004805,2.362730198212
    ));
#380 = CARTESIAN_POINT('',(1.209734999599,36.980491895491,2.058998670325
    ));
#381 = CARTESIAN_POINT('',(0.34573482625,36.589985731979,1.82941096426)
  );
#382 = CARTESIAN_POINT('',(-0.485780317426,36.115772019405,1.55499416958
    ));
#383 = CARTESIAN_POINT('',(-1.276973395082,35.558762608106,
    1.239786550143));
#384 = CARTESIAN_POINT('',(-2.018953305338,34.920064770462,
    0.888764372197));
#385 = CARTESIAN_POINT('',(-3.184476885823,33.692802553316,
    0.237922582606));
#386 = CARTESIAN_POINT('',(-3.638177593937,33.143584910834,
    -4.716826627812E-02));
#387 = CARTESIAN_POINT('',(-4.058523859826,32.55454268981,-0.345483858)
  );
#388 = CARTESIAN_POINT('',(-4.441224386693,31.926598160441,
    -0.654703696819));
#389 = CARTESIAN_POINT('',(-4.78152873435,31.261094135119,
    -0.972266726819));
#390 = CARTESIAN_POINT('',(-5.365471881221,29.861999714068,
    -1.617202726642));
#391 = CARTESIAN_POINT('',(-5.610186821132,29.127151522973,
    -1.945250489578));
#392 = CARTESIAN_POINT('',(-5.801195104067,28.36064052956,
    -2.275318982935));
#393 = CARTESIAN_POINT('',(-5.932654723484,27.568736339106,
    -2.603074357972));
#394 = CARTESIAN_POINT('',(-6.,26.758599971934,-2.924576494421));
#395 = CARTESIAN_POINT('',(-6.,25.937955922661,-3.236518394142));
#396 = CYLINDRICAL_SURFACE('',#397,12.);
#397 = AXIS2_PLACEMENT_3D('',#398,#399,#400);
#398 = CARTESIAN_POINT('',(6.,25.937955922661,-30.));
#399 = DIRECTION('',(0.,0.,1.));
#400 = DIRECTION('',(8.460126395233E-02,0.99641488655,0.));
#401 = ADVANCED_FACE('',(#402),#421,.F.);
#402 = FACE_BOUND('',#403,.T.);
#403 = EDGE_LOOP('',(#404,#405,#406,#414));
#404 = ORIENTED_EDGE('',*,*,#359,.T.);
#405 = ORIENTED_EDGE('',*,*,#343,.F.);
#406 = ORIENTED_EDGE('',*,*,#407,.F.);
#407 = EDGE_CURVE('',#408,#335,#410,.T.);
#408 = VERTEX_POINT('',#409);
#409 = CARTESIAN_POINT('',(89.015215167428,30.932670410313,
    -1.122385780362));
#410 = LINE('',#411,#412);
#411 = CARTESIAN_POINT('',(89.015215167428,30.932670410313,-30.));
#412 = VECTOR('',#413,1.);
#413 = DIRECTION('',(0.,0.,1.));
#414 = ORIENTED_EDGE('',*,*,#415,.F.);
#415 = EDGE_CURVE('',#360,#408,#416,.T.);
#416 = ELLIPSE('',#417,862.87126917083,73.);
#417 = AXIS2_PLACEMENT_3D('',#418,#419,#420);
#418 = CARTESIAN_POINT('',(453.33333333333,0.,65.));
#419 = DIRECTION('',(-8.460126395233E-02,-0.99641488655,0.));
#420 = DIRECTION('',(0.99641488655,-8.460126395233E-02,0.));
#421 = PLANE('',#422);
#422 = AXIS2_PLACEMENT_3D('',#423,#424,#425);
#423 = CARTESIAN_POINT('',(100.,30.,-30.));
#424 = DIRECTION('',(-8.460126395233E-02,-0.99641488655,0.));
#425 = DIRECTION('',(-0.99641488655,8.460126395233E-02,0.));
#426 = ADVANCED_FACE('',(#427),#462,.T.);
#427 = FACE_BOUND('',#428,.T.);
#428 = EDGE_LOOP('',(#429,#430,#431,#439));
#429 = ORIENTED_EDGE('',*,*,#407,.T.);
#430 = ORIENTED_EDGE('',*,*,#334,.F.);
#431 = ORIENTED_EDGE('',*,*,#432,.F.);
#432 = EDGE_CURVE('',#433,#327,#435,.T.);
#433 = VERTEX_POINT('',#434);
#434 = CARTESIAN_POINT('',(100.,18.975691771717,-5.490588888055));
#435 = LINE('',#436,#437);
#436 = CARTESIAN_POINT('',(100.,18.975691771717,-30.));
#437 = VECTOR('',#438,1.);
#438 = DIRECTION('',(0.,0.,1.));
#439 = ORIENTED_EDGE('',*,*,#440,.T.);
#440 = EDGE_CURVE('',#433,#408,#441,.T.);
#441 = B_SPLINE_CURVE_WITH_KNOTS('',7,(#442,#443,#444,#445,#446,#447,
    #448,#449,#450,#451,#452,#453,#454,#455,#456,#457,#458,#459,#460,
    #461),.UNSPECIFIED.,.F.,.F.,(8,6,6,8),(0.,0.274080800455,
    0.439386215061,1.),.UNSPECIFIED.);
#442 = CARTESIAN_POINT('',(100.,18.975691771717,-5.490588888055));
#443 = CARTESIAN_POINT('',(100.,19.801790508173,-5.268207500082));
#444 = CARTESIAN_POINT('',(99.933652147651,20.618264300649,
    -5.036304253295));
#445 = CARTESIAN_POINT('',(99.803737092086,21.417511410638,
    -4.79727050874));
#446 = CARTESIAN_POINT('',(99.614346818849,22.192370367736,
    -4.554047586049));
#447 = CARTESIAN_POINT('',(99.370834666854,22.936365115045,
    -4.309974715665));
#448 = CARTESIAN_POINT('',(99.079778411357,23.643910376156,
    -4.068554604417));
#449 = CARTESIAN_POINT('',(98.549428873928,24.712501435973,
    -3.691149768312));
#450 = CARTESIAN_POINT('',(98.334893504074,25.100712755063,
    -3.550960113687));
#451 = CARTESIAN_POINT('',(98.106474516807,25.474860414276,
    -3.413011202341));
#452 = CARTESIAN_POINT('',(97.865231548862,25.834759385377,
    -3.277720973443));
#453 = CARTESIAN_POINT('',(97.612164296522,26.180281464846,
    -3.145479677428));
#454 = CARTESIAN_POINT('',(97.348217151851,26.511346340096,
    -3.016647799859));
#455 = CARTESIAN_POINT('',(96.145271369825,27.901509916778,
    -2.467313091444));
#456 = CARTESIAN_POINT('',(95.100170489302,28.809778094062,
    -2.085503087992));
#457 = CARTESIAN_POINT('',(93.970545628699,29.553491270352,
    -1.757917371244));
#458 = CARTESIAN_POINT('',(92.779706851446,30.135647150763,
    -1.493172089228));
#459 = CARTESIAN_POINT('',(91.546499863952,30.558857906833,
    -1.297007566902));
#460 = CARTESIAN_POINT('',(90.286748960721,30.824709993901,
    -1.172890672749));
#461 = CARTESIAN_POINT('',(89.015215167428,30.932670410313,
    -1.122385780362));
#462 = CYLINDRICAL_SURFACE('',#463,12.);
#463 = AXIS2_PLACEMENT_3D('',#464,#465,#466);
#464 = CARTESIAN_POINT('',(88.,18.975691771717,-30.));
#465 = DIRECTION('',(0.,0.,1.));
#466 = DIRECTION('',(1.,0.,0.));
#467 = ADVANCED_FACE('',(#468),#487,.F.);
#468 = FACE_BOUND('',#469,.T.);
#469 = EDGE_LOOP('',(#470,#479,#480,#481));
#470 = ORIENTED_EDGE('',*,*,#471,.T.);
#471 = EDGE_CURVE('',#472,#433,#474,.T.);
#472 = VERTEX_POINT('',#473);
#473 = CARTESIAN_POINT('',(100.,-18.97569177171,-5.490588888055));
#474 = CIRCLE('',#475,73.);
#475 = AXIS2_PLACEMENT_3D('',#476,#477,#478);
#476 = CARTESIAN_POINT('',(100.,0.,65.));
#477 = DIRECTION('',(1.,0.,-0.));
#478 = DIRECTION('',(0.,0.,1.));
#479 = ORIENTED_EDGE('',*,*,#432,.T.);
#480 = ORIENTED_EDGE('',*,*,#326,.F.);
#481 = ORIENTED_EDGE('',*,*,#482,.F.);
#482 = EDGE_CURVE('',#472,#318,#483,.T.);
#483 = LINE('',#484,#485);
#484 = CARTESIAN_POINT('',(100.,-18.97569177171,-30.));
#485 = VECTOR('',#486,1.);
#486 = DIRECTION('',(0.,0.,1.));
#487 = PLANE('',#488);
#488 = AXIS2_PLACEMENT_3D('',#489,#490,#491);
#489 = CARTESIAN_POINT('',(100.,-30.,-30.));
#490 = DIRECTION('',(-1.,0.,0.));
#491 = DIRECTION('',(0.,1.,0.));
#492 = ADVANCED_FACE('',(#493),#518,.T.);
#493 = FACE_BOUND('',#494,.T.);
#494 = EDGE_LOOP('',(#495,#496,#497,#498));
#495 = ORIENTED_EDGE('',*,*,#482,.T.);
#496 = ORIENTED_EDGE('',*,*,#317,.F.);
#497 = ORIENTED_EDGE('',*,*,#118,.F.);
#498 = ORIENTED_EDGE('',*,*,#499,.T.);
#499 = EDGE_CURVE('',#119,#472,#500,.T.);
#500 = B_SPLINE_CURVE_WITH_KNOTS('',6,(#501,#502,#503,#504,#505,#506,
    #507,#508,#509,#510,#511,#512,#513,#514,#515,#516,#517),
  .UNSPECIFIED.,.F.,.F.,(7,5,5,7),(0.,0.41647876779,0.716708438865,1.),
  .UNSPECIFIED.);
#501 = CARTESIAN_POINT('',(89.015215167428,-30.93267041031,
    -1.122385780362));
#502 = CARTESIAN_POINT('',(90.116306145794,-30.83918155365,
    -1.166120741764));
#503 = CARTESIAN_POINT('',(91.209143729926,-30.62384082462,
    -1.266666514749));
#504 = CARTESIAN_POINT('',(92.282568714818,-30.28672143442,-1.4230397239
    ));
#505 = CARTESIAN_POINT('',(93.324707328253,-29.82686561613,
    -1.632716174794));
#506 = CARTESIAN_POINT('',(94.321879439045,-29.2427008083,-1.89139765381
    ));
#507 = CARTESIAN_POINT('',(95.930550966621,-28.02125788892,
    -2.410074274167));
#508 = CARTESIAN_POINT('',(96.572675569322,-27.44381178837,
    -2.649764186004));
#509 = CARTESIAN_POINT('',(97.176314214781,-26.79992902234,
    -2.90956515653));
#510 = CARTESIAN_POINT('',(97.733524041396,-26.08918320805,
    -3.186566130365));
#511 = CARTESIAN_POINT('',(98.234771331586,-25.31185154505,
    -3.47707144119));
#512 = CARTESIAN_POINT('',(99.077744337341,-23.6749084034,
    -4.059468770271));
#513 = CARTESIAN_POINT('',(99.429029453227,-22.81822518789,
    -4.351847226934));
#514 = CARTESIAN_POINT('',(99.707311707686,-21.90787143443,
    -4.647511570385));
#515 = CARTESIAN_POINT('',(99.900591147348,-20.95495279448,
    -4.939633782928));
#516 = CARTESIAN_POINT('',(100.,-19.97273511549,-5.222190120602));
#517 = CARTESIAN_POINT('',(100.,-18.97569177171,-5.490588888055));
#518 = CYLINDRICAL_SURFACE('',#519,12.);
#519 = AXIS2_PLACEMENT_3D('',#520,#521,#522);
#520 = CARTESIAN_POINT('',(88.,-18.97569177171,-30.));
#521 = DIRECTION('',(0.,0.,1.));
#522 = DIRECTION('',(8.460126395233E-02,-0.99641488655,0.));
#523 = ADVANCED_FACE('',(#524),#542,.F.);
#524 = FACE_BOUND('',#525,.F.);
#525 = EDGE_LOOP('',(#526,#527,#535,#541));
#526 = ORIENTED_EDGE('',*,*,#136,.F.);
#527 = ORIENTED_EDGE('',*,*,#528,.T.);
#528 = EDGE_CURVE('',#137,#529,#531,.T.);
#529 = VERTEX_POINT('',#530);
#530 = CARTESIAN_POINT('',(54.564408791035,-26.58160177673,6.65));
#531 = LINE('',#532,#533);
#532 = CARTESIAN_POINT('',(54.564408791035,-26.58160177673,6.65));
#533 = VECTOR('',#534,1.);
#534 = DIRECTION('',(-8.460126395232E-02,0.99641488655,0.));
#535 = ORIENTED_EDGE('',*,*,#536,.T.);
#536 = EDGE_CURVE('',#529,#303,#537,.T.);
#537 = LINE('',#538,#539);
#538 = CARTESIAN_POINT('',(54.564408791035,-26.58160177673,5.));
#539 = VECTOR('',#540,1.);
#540 = DIRECTION('',(0.,0.,1.));
#541 = ORIENTED_EDGE('',*,*,#310,.T.);
#542 = PLANE('',#543);
#543 = AXIS2_PLACEMENT_3D('',#544,#545,#546);
#544 = CARTESIAN_POINT('',(54.564408791035,-26.58160177673,5.));
#545 = DIRECTION('',(0.99641488655,8.460126395232E-02,0.));
#546 = DIRECTION('',(0.,0.,1.));
#547 = ADVANCED_FACE('',(#548),#566,.T.);
#548 = FACE_BOUND('',#549,.T.);
#549 = EDGE_LOOP('',(#550,#551,#559,#565));
#550 = ORIENTED_EDGE('',*,*,#528,.T.);
#551 = ORIENTED_EDGE('',*,*,#552,.F.);
#552 = EDGE_CURVE('',#553,#529,#555,.T.);
#553 = VERTEX_POINT('',#554);
#554 = CARTESIAN_POINT('',(42.20886419782,-27.63065744974,6.65));
#555 = LINE('',#556,#557);
#556 = CARTESIAN_POINT('',(41.561194521563,-27.68564827131,6.65));
#557 = VECTOR('',#558,1.);
#558 = DIRECTION('',(0.99641488655,8.460126395232E-02,0.));
#559 = ORIENTED_EDGE('',*,*,#560,.F.);
#560 = EDGE_CURVE('',#145,#553,#561,.T.);
#561 = LINE('',#562,#563);
#562 = CARTESIAN_POINT('',(42.20886419782,-27.63065744974,6.65));
#563 = VECTOR('',#564,1.);
#564 = DIRECTION('',(-8.460126395232E-02,0.99641488655,0.));
#565 = ORIENTED_EDGE('',*,*,#144,.F.);
#566 = PLANE('',#567);
#567 = AXIS2_PLACEMENT_3D('',#568,#569,#570);
#568 = CARTESIAN_POINT('',(41.561194521563,-27.68564827131,6.65));
#569 = DIRECTION('',(0.,0.,1.));
#570 = DIRECTION('',(8.460126395232E-02,-0.99641488655,0.));
#571 = ADVANCED_FACE('',(#572),#583,.T.);
#572 = FACE_BOUND('',#573,.T.);
#573 = EDGE_LOOP('',(#574,#575,#576,#582));
#574 = ORIENTED_EDGE('',*,*,#152,.F.);
#575 = ORIENTED_EDGE('',*,*,#560,.T.);
#576 = ORIENTED_EDGE('',*,*,#577,.T.);
#577 = EDGE_CURVE('',#553,#195,#578,.T.);
#578 = LINE('',#579,#580);
#579 = CARTESIAN_POINT('',(42.20886419782,-27.63065744974,5.));
#580 = VECTOR('',#581,1.);
#581 = DIRECTION('',(0.,0.,1.));
#582 = ORIENTED_EDGE('',*,*,#194,.T.);
#583 = PLANE('',#584);
#584 = AXIS2_PLACEMENT_3D('',#585,#586,#587);
#585 = CARTESIAN_POINT('',(42.20886419782,-27.63065744974,5.));
#586 = DIRECTION('',(0.99641488655,8.460126395232E-02,0.));
#587 = DIRECTION('',(0.,0.,1.));
#588 = ADVANCED_FACE('',(#589),#619,.T.);
#589 = FACE_BOUND('',#590,.T.);
#590 = EDGE_LOOP('',(#591,#599,#608,#614,#615,#616,#617,#618));
#591 = ORIENTED_EDGE('',*,*,#592,.F.);
#592 = EDGE_CURVE('',#593,#295,#595,.T.);
#593 = VERTEX_POINT('',#594);
#594 = CARTESIAN_POINT('',(55.212078467293,-26.52661095516,
    -0.427050302099));
#595 = LINE('',#596,#597);
#596 = CARTESIAN_POINT('',(55.212078467293,-26.52661095516,-12.));
#597 = VECTOR('',#598,1.);
#598 = DIRECTION('',(0.,0.,1.));
#599 = ORIENTED_EDGE('',*,*,#600,.T.);
#600 = EDGE_CURVE('',#593,#601,#603,.T.);
#601 = VERTEX_POINT('',#602);
#602 = CARTESIAN_POINT('',(41.561194521563,-27.68564827131,
    5.490873208891E-02));
#603 = ELLIPSE('',#604,834.50289867755,70.6);
#604 = AXIS2_PLACEMENT_3D('',#605,#606,#607);
#605 = CARTESIAN_POINT('',(367.63660749477,0.,65.));
#606 = DIRECTION('',(-8.460126395232E-02,0.99641488655,
    3.655359396787E-16));
#607 = DIRECTION('',(0.99641488655,8.460126395232E-02,3.103607035008E-17
    ));
#608 = ORIENTED_EDGE('',*,*,#609,.T.);
#609 = EDGE_CURVE('',#601,#203,#610,.T.);
#610 = LINE('',#611,#612);
#611 = CARTESIAN_POINT('',(41.561194521563,-27.68564827131,5.));
#612 = VECTOR('',#613,1.);
#613 = DIRECTION('',(0.,0.,1.));
#614 = ORIENTED_EDGE('',*,*,#202,.T.);
#615 = ORIENTED_EDGE('',*,*,#577,.F.);
#616 = ORIENTED_EDGE('',*,*,#552,.T.);
#617 = ORIENTED_EDGE('',*,*,#536,.T.);
#618 = ORIENTED_EDGE('',*,*,#302,.T.);
#619 = PLANE('',#620);
#620 = AXIS2_PLACEMENT_3D('',#621,#622,#623);
#621 = CARTESIAN_POINT('',(48.439649953729,-27.10162847046,
    3.441962478849));
#622 = DIRECTION('',(-8.460126395232E-02,0.99641488655,
    3.655359396787E-16));
#623 = DIRECTION('',(0.99641488655,8.460126395232E-02,
    -7.080039844975E-33));
#624 = ADVANCED_FACE('',(#625),#644,.T.);
#625 = FACE_BOUND('',#626,.T.);
#626 = EDGE_LOOP('',(#627,#628,#637,#643));
#627 = ORIENTED_EDGE('',*,*,#609,.F.);
#628 = ORIENTED_EDGE('',*,*,#629,.T.);
#629 = EDGE_CURVE('',#601,#630,#632,.T.);
#630 = VERTEX_POINT('',#631);
#631 = CARTESIAN_POINT('',(41.971514993692,-32.51831160959,
    2.334862881653));
#632 = ELLIPSE('',#633,70.854019699037,70.6);
#633 = AXIS2_PLACEMENT_3D('',#634,#635,#636);
#634 = CARTESIAN_POINT('',(39.210526272112,0.,65.));
#635 = DIRECTION('',(-0.99641488655,-8.460126395232E-02,
    2.359218716127E-16));
#636 = DIRECTION('',(8.460126395232E-02,-0.99641488655,
    2.778635376772E-15));
#637 = ORIENTED_EDGE('',*,*,#638,.T.);
#638 = EDGE_CURVE('',#630,#211,#639,.T.);
#639 = LINE('',#640,#641);
#640 = CARTESIAN_POINT('',(41.971514993682,-32.51831160959,
    -12.71186769878));
#641 = VECTOR('',#642,1.);
#642 = DIRECTION('',(2.350760649375E-16,1.995928853243E-17,1.));
#643 = ORIENTED_EDGE('',*,*,#210,.F.);
#644 = PLANE('',#645);
#645 = AXIS2_PLACEMENT_3D('',#646,#647,#648);
#646 = CARTESIAN_POINT('',(41.820306289567,-30.73740909446,
    4.576264602439));
#647 = DIRECTION('',(-0.99641488655,-8.460126395232E-02,
    2.359218716127E-16));
#648 = DIRECTION('',(8.460126395232E-02,-0.99641488655,
    1.542927778046E-33));
#649 = ADVANCED_FACE('',(#650),#669,.T.);
#650 = FACE_BOUND('',#651,.T.);
#651 = EDGE_LOOP('',(#652,#653,#662,#668));
#652 = ORIENTED_EDGE('',*,*,#638,.F.);
#653 = ORIENTED_EDGE('',*,*,#654,.T.);
#654 = EDGE_CURVE('',#630,#655,#657,.T.);
#655 = VERTEX_POINT('',#656);
#656 = CARTESIAN_POINT('',(6.812172133942,-35.50353883353,3.976572283298
    ));
#657 = ELLIPSE('',#658,834.50289867755,70.6);
#658 = AXIS2_PLACEMENT_3D('',#659,#660,#661);
#659 = CARTESIAN_POINT('',(424.96496284004,0.,65.));
#660 = DIRECTION('',(-8.460126395233E-02,0.99641488655,0.));
#661 = DIRECTION('',(0.99641488655,8.460126395233E-02,0.));
#662 = ORIENTED_EDGE('',*,*,#663,.T.);
#663 = EDGE_CURVE('',#655,#219,#664,.T.);
#664 = LINE('',#665,#666);
#665 = CARTESIAN_POINT('',(6.812172133942,-35.50353883353,-30.));
#666 = VECTOR('',#667,1.);
#667 = DIRECTION('',(0.,0.,1.));
#668 = ORIENTED_EDGE('',*,*,#218,.T.);
#669 = PLANE('',#670);
#670 = AXIS2_PLACEMENT_3D('',#671,#672,#673);
#671 = CARTESIAN_POINT('',(6.812172133942,-35.50353883353,-30.));
#672 = DIRECTION('',(-8.460126395233E-02,0.99641488655,0.));
#673 = DIRECTION('',(0.99641488655,8.460126395233E-02,0.));
#674 = ADVANCED_FACE('',(#675),#720,.F.);
#675 = FACE_BOUND('',#676,.F.);
#676 = EDGE_LOOP('',(#677,#687,#688,#689,#697));
#677 = ORIENTED_EDGE('',*,*,#678,.F.);
#678 = EDGE_CURVE('',#655,#679,#681,.T.);
#679 = VERTEX_POINT('',#680);
#680 = CARTESIAN_POINT('',(6.,-35.53795592266,3.996609202119));
#681 = B_SPLINE_CURVE_WITH_KNOTS('',4,(#682,#683,#684,#685,#686),
  .UNSPECIFIED.,.F.,.F.,(5,5),(0.,1.),.PIECEWISE_BEZIER_KNOTS.);
#682 = CARTESIAN_POINT('',(6.812172133942,-35.50353883353,3.976572283298
    ));
#683 = CARTESIAN_POINT('',(6.609537233354,-35.52074368358,3.986582095672
    ));
#684 = CARTESIAN_POINT('',(6.406494306405,-35.53221850074,3.993266824391
    ));
#685 = CARTESIAN_POINT('',(6.203247144322,-35.53795592266,3.996609202119
    ));
#686 = CARTESIAN_POINT('',(6.,-35.53795592266,3.996609202119));
#687 = ORIENTED_EDGE('',*,*,#663,.T.);
#688 = ORIENTED_EDGE('',*,*,#226,.T.);
#689 = ORIENTED_EDGE('',*,*,#690,.F.);
#690 = EDGE_CURVE('',#691,#227,#693,.T.);
#691 = VERTEX_POINT('',#692);
#692 = CARTESIAN_POINT('',(-3.6,-25.93795592266,-0.662641148176));
#693 = LINE('',#694,#695);
#694 = CARTESIAN_POINT('',(-3.6,-25.93795592266,-30.));
#695 = VECTOR('',#696,1.);
#696 = DIRECTION('',(0.,0.,1.));
#697 = ORIENTED_EDGE('',*,*,#698,.F.);
#698 = EDGE_CURVE('',#679,#691,#699,.T.);
#699 = B_SPLINE_CURVE_WITH_KNOTS('',7,(#700,#701,#702,#703,#704,#705,
    #706,#707,#708,#709,#710,#711,#712,#713,#714,#715,#716,#717,#718,
    #719),.UNSPECIFIED.,.F.,.F.,(8,6,6,8),(0.,0.416747206721,
    0.610541962103,1.),.UNSPECIFIED.);
#700 = CARTESIAN_POINT('',(6.,-35.53795592266,3.996609202119));
#701 = CARTESIAN_POINT('',(5.168669262513,-35.53795592266,3.996609202119
    ));
#702 = CARTESIAN_POINT('',(4.338036303917,-35.45396727002,3.947680848016
    ));
#703 = CARTESIAN_POINT('',(3.516070496173,-35.28624081861,3.849971237166
    ));
#704 = CARTESIAN_POINT('',(2.710788700481,-35.0352392758,3.704723303218)
  );
#705 = CARTESIAN_POINT('',(1.930476026241,-34.70171124394,3.51431176769)
  );
#706 = CARTESIAN_POINT('',(1.183904050632,-34.28686081198,3.282190126711
    ));
#707 = CARTESIAN_POINT('',(0.153472909621,-33.56277866147,2.887453674465
    ));
#708 = CARTESIAN_POINT('',(-0.164399275619,-33.3156748152,2.754033795497
    ));
#709 = CARTESIAN_POINT('',(-0.472175294802,-33.05141722238,
    2.612889606251));
#710 = CARTESIAN_POINT('',(-0.768905764413,-32.77013665526,
    2.464459367057));
#711 = CARTESIAN_POINT('',(-1.053577805776,-32.47199071819,
    2.309219181782));
#712 = CARTESIAN_POINT('',(-1.325106171322,-32.15717597132,
    2.147683151258));
#713 = CARTESIAN_POINT('',(-2.099240812177,-31.16027451534,
    1.644231403649));
#714 = CARTESIAN_POINT('',(-2.562265787438,-30.42326499919,
    1.282324882571));
#715 = CARTESIAN_POINT('',(-2.956607095925,-29.61995027949,
    0.900969293974));
#716 = CARTESIAN_POINT('',(-3.268754839012,-28.75826456544,
    0.507884694994));
#717 = CARTESIAN_POINT('',(-3.486685940999,-27.84859526457,
    0.111248665418));
#718 = CARTESIAN_POINT('',(-3.6,-26.90357317813,-0.281204499074));
#719 = CARTESIAN_POINT('',(-3.6,-25.93795592266,-0.662641148176));
#720 = CYLINDRICAL_SURFACE('',#721,9.6);
#721 = AXIS2_PLACEMENT_3D('',#722,#723,#724);
#722 = CARTESIAN_POINT('',(6.,-25.93795592266,-30.));
#723 = DIRECTION('',(0.,0.,-1.));
#724 = DIRECTION('',(0.,-1.,0.));
#725 = ADVANCED_FACE('',(#726),#745,.T.);
#726 = FACE_BOUND('',#727,.T.);
#727 = EDGE_LOOP('',(#728,#729,#738,#744));
#728 = ORIENTED_EDGE('',*,*,#690,.F.);
#729 = ORIENTED_EDGE('',*,*,#730,.T.);
#730 = EDGE_CURVE('',#691,#731,#733,.T.);
#731 = VERTEX_POINT('',#732);
#732 = CARTESIAN_POINT('',(-3.6,25.937955922661,-0.662641148176));
#733 = CIRCLE('',#734,70.6);
#734 = AXIS2_PLACEMENT_3D('',#735,#736,#737);
#735 = CARTESIAN_POINT('',(-3.6,0.,65.));
#736 = DIRECTION('',(1.,0.,-0.));
#737 = DIRECTION('',(0.,0.,1.));
#738 = ORIENTED_EDGE('',*,*,#739,.T.);
#739 = EDGE_CURVE('',#731,#236,#740,.T.);
#740 = LINE('',#741,#742);
#741 = CARTESIAN_POINT('',(-3.6,25.937955922661,-30.));
#742 = VECTOR('',#743,1.);
#743 = DIRECTION('',(0.,0.,1.));
#744 = ORIENTED_EDGE('',*,*,#235,.T.);
#745 = PLANE('',#746);
#746 = AXIS2_PLACEMENT_3D('',#747,#748,#749);
#747 = CARTESIAN_POINT('',(-3.6,25.937955922661,-30.));
#748 = DIRECTION('',(1.,0.,0.));
#749 = DIRECTION('',(0.,-1.,0.));
#750 = ADVANCED_FACE('',(#751),#792,.F.);
#751 = FACE_BOUND('',#752,.T.);
#752 = EDGE_LOOP('',(#753,#784,#790,#791));
#753 = ORIENTED_EDGE('',*,*,#754,.F.);
#754 = EDGE_CURVE('',#755,#731,#757,.T.);
#755 = VERTEX_POINT('',#756);
#756 = CARTESIAN_POINT('',(6.812172133942,35.503538833537,3.976572283298
    ));
#757 = B_SPLINE_CURVE_WITH_KNOTS('',7,(#758,#759,#760,#761,#762,#763,
    #764,#765,#766,#767,#768,#769,#770,#771,#772,#773,#774,#775,#776,
    #777,#778,#779,#780,#781,#782,#783),.UNSPECIFIED.,.F.,.F.,(8,6,6,6,8
    ),(0.,5.428462295652E-02,0.375619934871,0.632011134197,1.),
  .UNSPECIFIED.);
#758 = CARTESIAN_POINT('',(6.812172133942,35.503538833537,3.976572283298
    ));
#759 = CARTESIAN_POINT('',(6.697960209035,35.513236072444,3.98221415415)
  );
#760 = CARTESIAN_POINT('',(6.58363486408,35.521340517418,3.986931741789)
  );
#761 = CARTESIAN_POINT('',(6.469218449122,35.527851361111,3.990723152559
    ));
#762 = CARTESIAN_POINT('',(6.35473332683,35.532767994502,3.993586959003)
  );
#763 = CARTESIAN_POINT('',(6.240201872492,35.536090006897,3.995522199862
    ));
#764 = CARTESIAN_POINT('',(6.125646474021,35.537817185932,3.996528380077
    ));
#765 = CARTESIAN_POINT('',(5.332975017986,35.538732848568,3.99706180568)
  );
#766 = CARTESIAN_POINT('',(4.655074968168,35.48363271308,3.964962829463)
  );
#767 = CARTESIAN_POINT('',(3.981813908556,35.372725993396,3.90034944469)
  );
#768 = CARTESIAN_POINT('',(3.3176338467,35.206230460174,3.803776084634)
  );
#769 = CARTESIAN_POINT('',(2.66706621448,34.984523988177,3.676320197802)
  );
#770 = CARTESIAN_POINT('',(2.034802933147,34.708194570995,3.519563759412
    ));
#771 = CARTESIAN_POINT('',(0.9398207678,34.11475784711,3.18872097197));
#772 = CARTESIAN_POINT('',(0.468533237197,33.817109557536,3.02450122338)
  );
#773 = CARTESIAN_POINT('',(1.415832241226E-02,33.485449859224,
    2.843829315452));
#774 = CARTESIAN_POINT('',(-0.420882708978,33.120072056437,
    2.647784174007));
#775 = CARTESIAN_POINT('',(-0.833956285231,32.721337501726,
    2.437591911699));
#776 = CARTESIAN_POINT('',(-1.222169924162,32.289733396419,
    2.214626846566));
#777 = CARTESIAN_POINT('',(-2.099240812207,31.160274515309,1.64423140363
    ));
#778 = CARTESIAN_POINT('',(-2.562265787431,30.423264999183,
    1.282324882568));
#779 = CARTESIAN_POINT('',(-2.956607095904,29.61995027953,0.900969293992
    ));
#780 = CARTESIAN_POINT('',(-3.268754839008,28.75826456548,0.507884695009
    ));
#781 = CARTESIAN_POINT('',(-3.48668594101,27.848595264569,0.111248665414
    ));
#782 = CARTESIAN_POINT('',(-3.6,26.903573178089,-0.281204499093));
#783 = CARTESIAN_POINT('',(-3.6,25.937955922661,-0.662641148176));
#784 = ORIENTED_EDGE('',*,*,#785,.T.);
#785 = EDGE_CURVE('',#755,#244,#786,.T.);
#786 = LINE('',#787,#788);
#787 = CARTESIAN_POINT('',(6.812172133942,35.503538833537,-30.));
#788 = VECTOR('',#789,1.);
#789 = DIRECTION('',(0.,0.,1.));
#790 = ORIENTED_EDGE('',*,*,#243,.F.);
#791 = ORIENTED_EDGE('',*,*,#739,.F.);
#792 = CYLINDRICAL_SURFACE('',#793,9.6);
#793 = AXIS2_PLACEMENT_3D('',#794,#795,#796);
#794 = CARTESIAN_POINT('',(6.,25.937955922661,-30.));
#795 = DIRECTION('',(-0.,-0.,-1.));
#796 = DIRECTION('',(0.,-1.,0.));
#797 = ADVANCED_FACE('',(#798),#817,.T.);
#798 = FACE_BOUND('',#799,.T.);
#799 = EDGE_LOOP('',(#800,#801,#810,#816));
#800 = ORIENTED_EDGE('',*,*,#785,.F.);
#801 = ORIENTED_EDGE('',*,*,#802,.T.);
#802 = EDGE_CURVE('',#755,#803,#805,.T.);
#803 = VERTEX_POINT('',#804);
#804 = CARTESIAN_POINT('',(88.812172133942,28.541274682594,
    0.426354915548));
#805 = ELLIPSE('',#806,834.50289867755,70.6);
#806 = AXIS2_PLACEMENT_3D('',#807,#808,#809);
#807 = CARTESIAN_POINT('',(424.96496284004,0.,65.));
#808 = DIRECTION('',(-8.460126395233E-02,-0.99641488655,0.));
#809 = DIRECTION('',(0.99641488655,-8.460126395233E-02,0.));
#810 = ORIENTED_EDGE('',*,*,#811,.T.);
#811 = EDGE_CURVE('',#803,#253,#812,.T.);
#812 = LINE('',#813,#814);
#813 = CARTESIAN_POINT('',(88.812172133942,28.541274682594,-30.));
#814 = VECTOR('',#815,1.);
#815 = DIRECTION('',(0.,0.,1.));
#816 = ORIENTED_EDGE('',*,*,#252,.T.);
#817 = PLANE('',#818);
#818 = AXIS2_PLACEMENT_3D('',#819,#820,#821);
#819 = CARTESIAN_POINT('',(88.812172133942,28.541274682594,-30.));
#820 = DIRECTION('',(-8.460126395233E-02,-0.99641488655,0.));
#821 = DIRECTION('',(-0.99641488655,8.460126395233E-02,0.));
#822 = ADVANCED_FACE('',(#823),#852,.F.);
#823 = FACE_BOUND('',#824,.T.);
#824 = EDGE_LOOP('',(#825,#844,#850,#851));
#825 = ORIENTED_EDGE('',*,*,#826,.F.);
#826 = EDGE_CURVE('',#827,#803,#829,.T.);
#827 = VERTEX_POINT('',#828);
#828 = CARTESIAN_POINT('',(97.6,18.975691771717,-3.002081745964));
#829 = B_SPLINE_CURVE_WITH_KNOTS('',7,(#830,#831,#832,#833,#834,#835,
    #836,#837,#838,#839,#840,#841,#842,#843),.UNSPECIFIED.,.F.,.F.,(8,6,
    8),(0.,0.458478794224,1.),.UNSPECIFIED.);
#830 = CARTESIAN_POINT('',(97.6,18.975691771717,-3.002081745964));
#831 = CARTESIAN_POINT('',(97.6,20.083767673856,-2.692877876924));
#832 = CARTESIAN_POINT('',(97.450784299938,21.162040204158,
    -2.369284753297));
#833 = CARTESIAN_POINT('',(97.166800833246,22.188142051068,
    -2.039311678566));
#834 = CARTESIAN_POINT('',(96.765377248792,23.143793698762,
    -1.712518253078));
#835 = CARTESIAN_POINT('',(96.266630034241,24.014783242211,
    -1.399094475467));
#836 = CARTESIAN_POINT('',(95.693113952568,24.791665886628,
    -1.107964385976));
#837 = CARTESIAN_POINT('',(94.333025311306,26.272127368398,
    -0.535289882973));
#838 = CARTESIAN_POINT('',(93.514436431404,26.950267076414,
    -0.259878485062));
#839 = CARTESIAN_POINT('',(92.635799517577,27.505839438193,
    -2.579410541921E-02));
#840 = CARTESIAN_POINT('',(91.71363645141,27.941125263205,0.16229281898)
  );
#841 = CARTESIAN_POINT('',(90.761460799528,28.258132854517,0.30135680526
    ));
#842 = CARTESIAN_POINT('',(89.790743276715,28.45818845349,0.389631157983
    ));
#843 = CARTESIAN_POINT('',(88.812172133942,28.541274682594,
    0.426354915548));
#844 = ORIENTED_EDGE('',*,*,#845,.T.);
#845 = EDGE_CURVE('',#827,#261,#846,.T.);
#846 = LINE('',#847,#848);
#847 = CARTESIAN_POINT('',(97.6,18.975691771717,-30.));
#848 = VECTOR('',#849,1.);
#849 = DIRECTION('',(0.,0.,1.));
#850 = ORIENTED_EDGE('',*,*,#260,.F.);
#851 = ORIENTED_EDGE('',*,*,#811,.F.);
#852 = CYLINDRICAL_SURFACE('',#853,9.6);
#853 = AXIS2_PLACEMENT_3D('',#854,#855,#856);
#854 = CARTESIAN_POINT('',(88.,18.975691771717,-30.));
#855 = DIRECTION('',(-0.,-0.,-1.));
#856 = DIRECTION('',(0.,-1.,0.));
#857 = ADVANCED_FACE('',(#858),#877,.T.);
#858 = FACE_BOUND('',#859,.T.);
#859 = EDGE_LOOP('',(#860,#869,#875,#876));
#860 = ORIENTED_EDGE('',*,*,#861,.F.);
#861 = EDGE_CURVE('',#862,#827,#864,.T.);
#862 = VERTEX_POINT('',#863);
#863 = CARTESIAN_POINT('',(97.6,-18.97569177171,-3.002081745964));
#864 = CIRCLE('',#865,70.6);
#865 = AXIS2_PLACEMENT_3D('',#866,#867,#868);
#866 = CARTESIAN_POINT('',(97.6,0.,65.));
#867 = DIRECTION('',(1.,0.,-0.));
#868 = DIRECTION('',(0.,0.,1.));
#869 = ORIENTED_EDGE('',*,*,#870,.T.);
#870 = EDGE_CURVE('',#862,#270,#871,.T.);
#871 = LINE('',#872,#873);
#872 = CARTESIAN_POINT('',(97.6,-18.97569177171,-30.));
#873 = VECTOR('',#874,1.);
#874 = DIRECTION('',(0.,0.,1.));
#875 = ORIENTED_EDGE('',*,*,#269,.T.);
#876 = ORIENTED_EDGE('',*,*,#845,.F.);
#877 = PLANE('',#878);
#878 = AXIS2_PLACEMENT_3D('',#879,#880,#881);
#879 = CARTESIAN_POINT('',(97.6,-18.97569177171,-30.));
#880 = DIRECTION('',(-1.,0.,0.));
#881 = DIRECTION('',(0.,1.,0.));
#882 = ADVANCED_FACE('',(#883),#912,.F.);
#883 = FACE_BOUND('',#884,.T.);
#884 = EDGE_LOOP('',(#885,#904,#910,#911));
#885 = ORIENTED_EDGE('',*,*,#886,.F.);
#886 = EDGE_CURVE('',#887,#862,#889,.T.);
#887 = VERTEX_POINT('',#888);
#888 = CARTESIAN_POINT('',(88.812172133942,-28.54127468259,
    0.426354915548));
#889 = B_SPLINE_CURVE_WITH_KNOTS('',7,(#890,#891,#892,#893,#894,#895,
    #896,#897,#898,#899,#900,#901,#902,#903),.UNSPECIFIED.,.F.,.F.,(8,6,
    8),(0.,0.521392567349,1.),.UNSPECIFIED.);
#890 = CARTESIAN_POINT('',(88.812172133942,-28.54127468259,
    0.426354915548));
#891 = CARTESIAN_POINT('',(89.753929284261,-28.46131416983,
    0.391012711224));
#892 = CARTESIAN_POINT('',(90.688479893309,-28.27301392231,
    0.307923079531));
#893 = CARTESIAN_POINT('',(91.606246067207,-27.97636517897,
    0.177754015793));
#894 = CARTESIAN_POINT('',(92.496989357699,-27.57024183729,
    2.050678348477E-03));
#895 = CARTESIAN_POINT('',(93.348789381566,-27.05291898462,
    -0.216562502459));
#896 = CARTESIAN_POINT('',(94.147227882222,-26.42240951311,
    -0.474082703433));
#897 = CARTESIAN_POINT('',(95.540006939787,-24.99399868445,
    -1.031800330253));
#898 = CARTESIAN_POINT('',(96.155824191331,-24.20371535427,
    -1.330807824612));
#899 = CARTESIAN_POINT('',(96.693638723903,-23.31024547378,
    -1.655349184416));
#900 = CARTESIAN_POINT('',(97.128304674154,-22.32320832626,
    -1.995703562303));
#901 = CARTESIAN_POINT('',(97.4370713812,-21.25769878354,-2.340504918203
    ));
#902 = CARTESIAN_POINT('',(97.6,-20.1335650031,-2.67898214393));
#903 = CARTESIAN_POINT('',(97.6,-18.97569177171,-3.002081745964));
#904 = ORIENTED_EDGE('',*,*,#905,.T.);
#905 = EDGE_CURVE('',#887,#278,#906,.T.);
#906 = LINE('',#907,#908);
#907 = CARTESIAN_POINT('',(88.812172133942,-28.54127468259,-30.));
#908 = VECTOR('',#909,1.);
#909 = DIRECTION('',(0.,0.,1.));
#910 = ORIENTED_EDGE('',*,*,#277,.F.);
#911 = ORIENTED_EDGE('',*,*,#870,.F.);
#912 = CYLINDRICAL_SURFACE('',#913,9.6);
#913 = AXIS2_PLACEMENT_3D('',#914,#915,#916);
#914 = CARTESIAN_POINT('',(88.,-18.97569177171,-30.));
#915 = DIRECTION('',(-0.,-0.,-1.));
#916 = DIRECTION('',(0.,-1.,0.));
#917 = ADVANCED_FACE('',(#918),#937,.T.);
#918 = FACE_BOUND('',#919,.T.);
#919 = EDGE_LOOP('',(#920,#921,#930,#936));
#920 = ORIENTED_EDGE('',*,*,#905,.F.);
#921 = ORIENTED_EDGE('',*,*,#922,.T.);
#922 = EDGE_CURVE('',#887,#923,#925,.T.);
#923 = VERTEX_POINT('',#924);
#924 = CARTESIAN_POINT('',(55.622398939419,-31.35927429344,
    1.746890070225));
#925 = ELLIPSE('',#926,834.50289867755,70.6);
#926 = AXIS2_PLACEMENT_3D('',#927,#928,#929);
#927 = CARTESIAN_POINT('',(424.96496284004,0.,65.));
#928 = DIRECTION('',(-8.460126395233E-02,0.99641488655,0.));
#929 = DIRECTION('',(0.99641488655,8.460126395233E-02,0.));
#930 = ORIENTED_EDGE('',*,*,#931,.T.);
#931 = EDGE_CURVE('',#923,#287,#932,.T.);
#932 = LINE('',#933,#934);
#933 = CARTESIAN_POINT('',(55.622398939411,-31.35927429345,-21.));
#934 = VECTOR('',#935,1.);
#935 = DIRECTION('',(0.,0.,1.));
#936 = ORIENTED_EDGE('',*,*,#286,.T.);
#937 = PLANE('',#938);
#938 = AXIS2_PLACEMENT_3D('',#939,#940,#941);
#939 = CARTESIAN_POINT('',(6.812172133942,-35.50353883353,-30.));
#940 = DIRECTION('',(-8.460126395233E-02,0.99641488655,0.));
#941 = DIRECTION('',(0.99641488655,8.460126395233E-02,0.));
#942 = ADVANCED_FACE('',(#943),#955,.T.);
#943 = FACE_BOUND('',#944,.T.);
#944 = EDGE_LOOP('',(#945,#946,#947,#954));
#945 = ORIENTED_EDGE('',*,*,#294,.T.);
#946 = ORIENTED_EDGE('',*,*,#931,.F.);
#947 = ORIENTED_EDGE('',*,*,#948,.T.);
#948 = EDGE_CURVE('',#923,#593,#949,.T.);
#949 = ELLIPSE('',#950,70.854019699037,70.6);
#950 = AXIS2_PLACEMENT_3D('',#951,#952,#953);
#951 = CARTESIAN_POINT('',(52.959819046571,0.,65.));
#952 = DIRECTION('',(0.99641488655,8.460126395232E-02,
    -5.142853218549E-16));
#953 = DIRECTION('',(8.460126395232E-02,-0.99641488655,6.05713823518E-15
    ));
#954 = ORIENTED_EDGE('',*,*,#592,.T.);
#955 = PLANE('',#956);
#956 = AXIS2_PLACEMENT_3D('',#957,#958,#959);
#957 = CARTESIAN_POINT('',(55.470342083623,-29.56838243638,
    4.349385155617));
#958 = DIRECTION('',(0.99641488655,8.460126395232E-02,
    -5.142853218549E-16));
#959 = DIRECTION('',(-8.460126395232E-02,0.99641488655,
    -3.291947928745E-33));
#960 = ADVANCED_FACE('',(#961,#976,#1041,#1336,#1405,#1769,#1832,#1870,
    #1939,#2307,#2368),#2437,.F.);
#961 = FACE_BOUND('',#962,.F.);
#962 = EDGE_LOOP('',(#963,#964,#965,#966,#967,#968,#969,#970,#971,#972,
    #973,#974,#975));
#963 = ORIENTED_EDGE('',*,*,#886,.F.);
#964 = ORIENTED_EDGE('',*,*,#922,.T.);
#965 = ORIENTED_EDGE('',*,*,#948,.T.);
#966 = ORIENTED_EDGE('',*,*,#600,.T.);
#967 = ORIENTED_EDGE('',*,*,#629,.T.);
#968 = ORIENTED_EDGE('',*,*,#654,.T.);
#969 = ORIENTED_EDGE('',*,*,#678,.T.);
#970 = ORIENTED_EDGE('',*,*,#698,.T.);
#971 = ORIENTED_EDGE('',*,*,#730,.T.);
#972 = ORIENTED_EDGE('',*,*,#754,.F.);
#973 = ORIENTED_EDGE('',*,*,#802,.T.);
#974 = ORIENTED_EDGE('',*,*,#826,.F.);
#975 = ORIENTED_EDGE('',*,*,#861,.F.);
#976 = FACE_BOUND('',#977,.F.);
#977 = EDGE_LOOP('',(#978));
#978 = ORIENTED_EDGE('',*,*,#979,.T.);
#979 = EDGE_CURVE('',#980,#980,#982,.T.);
#980 = VERTEX_POINT('',#981);
#981 = CARTESIAN_POINT('',(4.5,-18.,-3.266829426889));
#982 = B_SPLINE_CURVE_WITH_KNOTS('',8,(#983,#984,#985,#986,#987,#988,
    #989,#990,#991,#992,#993,#994,#995,#996,#997,#998,#999,#1000,#1001,
    #1002,#1003,#1004,#1005,#1006,#1007,#1008,#1009,#1010,#1011,#1012,
    #1013,#1014,#1015,#1016,#1017,#1018,#1019,#1020,#1021,#1022,#1023,
    #1024,#1025,#1026,#1027,#1028,#1029,#1030,#1031,#1032,#1033,#1034,
    #1035,#1036,#1037,#1038,#1039,#1040),.UNSPECIFIED.,.T.,.F.,(9,7,7,7,
    7,7,7,7,9),(0.,9.293490145106E-02,0.16643154998,0.314682374128,
    0.491445808614,0.67471499755,0.8116945914,0.916184343937,1.),
  .UNSPECIFIED.);
#983 = CARTESIAN_POINT('',(4.5,-18.,-3.266829426889));
#984 = CARTESIAN_POINT('',(4.5,-17.70277251359,-3.345199768682));
#985 = CARTESIAN_POINT('',(4.4711528941,-17.40709823302,-3.421579309162)
  );
#986 = CARTESIAN_POINT('',(4.413986400366,-17.11715590009,
    -3.494900024419));
#987 = CARTESIAN_POINT('',(4.329963744345,-16.83698191444,
    -3.564261505119));
#988 = CARTESIAN_POINT('',(4.221433896435,-16.57028701249,
    -3.628955800478));
#989 = CARTESIAN_POINT('',(4.091587304193,-16.32028313806,
    -3.688477249994));
#990 = CARTESIAN_POINT('',(3.944417119572,-16.08952050419,
    -3.742517302931));
#991 = CARTESIAN_POINT('',(3.658364081057,-15.71382793209,
    -3.829242357912));
#992 = CARTESIAN_POINT('',(3.523271942407,-15.55983968955,
    -3.864307407647));
#993 = CARTESIAN_POINT('',(3.380640303554,-15.41774804882,
    -3.896266818486));
#994 = CARTESIAN_POINT('',(3.231565874756,-15.28746967616,
    -3.925248678078));
#995 = CARTESIAN_POINT('',(3.077027415348,-15.16887445905,
    -3.951377641599));
#996 = CARTESIAN_POINT('',(2.917901216833,-15.06179956418,
    -3.974771615681));
#997 = CARTESIAN_POINT('',(2.754975931866,-14.96606306881,
    -3.995539302679));
#998 = CARTESIAN_POINT('',(2.254107967696,-14.71085809423,
    -4.050569284784));
#999 = CARTESIAN_POINT('',(1.906292436294,-14.58539839937,
    -4.077117749084));
#1000 = CARTESIAN_POINT('',(1.550476757108,-14.50330632667,
    -4.094278711799));
#1001 = CARTESIAN_POINT('',(1.190375734289,-14.46333828561,
    -4.102583651027));
#1002 = CARTESIAN_POINT('',(0.829132276504,-14.46488978099,
    -4.102272286895));
#1003 = CARTESIAN_POINT('',(0.469727090858,-14.50804861211,
    -4.093304879027));
#1004 = CARTESIAN_POINT('',(0.115379175183,-14.59362558123,
    -4.07534755132));
#1005 = CARTESIAN_POINT('',(-0.6413924443,-14.87764672059,
    -4.014785180768));
#1006 = CARTESIAN_POINT('',(-1.0527880659,-15.09944971569,-3.96707690839
    ));
#1007 = CARTESIAN_POINT('',(-1.446048497069,-15.39444973441,
    -3.902716384946));
#1008 = CARTESIAN_POINT('',(-1.802798546557,-15.7634495656,
    -3.82042991739));
#1009 = CARTESIAN_POINT('',(-2.104592699318,-16.2027997933,
    -3.719349709548));
#1010 = CARTESIAN_POINT('',(-2.333122547475,-16.70477859713,
    -3.599226632806));
#1011 = CARTESIAN_POINT('',(-2.470185359078,-17.25757243685,
    -3.460954348833));
#1012 = CARTESIAN_POINT('',(-2.523733720386,-18.44991934319,
    -3.149497398699));
#1013 = CARTESIAN_POINT('',(-2.429321807833,-19.03419864682,
    -2.990291775642));
#1014 = CARTESIAN_POINT('',(-2.231744650824,-19.57309132198,
    -2.837157989248));
#1015 = CARTESIAN_POINT('',(-1.949674583771,-20.05120580382,
    -2.696263027623));
#1016 = CARTESIAN_POINT('',(-1.602704163022,-20.45786416152,
    -2.573026723548));
#1017 = CARTESIAN_POINT('',(-1.211005666378,-20.78734527838,
    -2.471249744391));
#1018 = CARTESIAN_POINT('',(-0.795143453131,-21.03902043084,
    -2.392543879457));
#1019 = CARTESIAN_POINT('',(-6.200195454797E-02,-21.35238014578,
    -2.293800685946));
#1020 = CARTESIAN_POINT('',(0.261255372973,-21.44924879393,
    -2.26294110325));
#1021 = CARTESIAN_POINT('',(0.590636686699,-21.50985195735,
    -2.243498406787));
#1022 = CARTESIAN_POINT('',(0.923154985323,-21.53475855421,
    -2.235480983028));
#1023 = CARTESIAN_POINT('',(1.256112797177,-21.52420269402,
    -2.238885539757));
#1024 = CARTESIAN_POINT('',(1.586857162861,-21.47807342869,
    -2.253708428227));
#1025 = CARTESIAN_POINT('',(1.912533598589,-21.39589857954,
    -2.27994589526));
#1026 = CARTESIAN_POINT('',(2.471835740729,-21.18598897463,
    -2.346291256731));
#1027 = CARTESIAN_POINT('',(2.70914972536,-21.0736169438,-2.381654397334
    ));
#1028 = CARTESIAN_POINT('',(2.940081149828,-20.9393349698,
    -2.423660207073));
#1029 = CARTESIAN_POINT('',(3.162722108209,-20.78276102985,
    -2.472257740695));
#1030 = CARTESIAN_POINT('',(3.374889277106,-20.60353586209,
    -2.527338233246));
#1031 = CARTESIAN_POINT('',(3.574057538435,-20.40138275984,
    -2.588715037274));
#1032 = CARTESIAN_POINT('',(3.757267424879,-20.17619336137,
    -2.656101565961));
#1033 = CARTESIAN_POINT('',(4.052348345355,-19.72916487473,
    -2.787632144268));
#1034 = CARTESIAN_POINT('',(4.171858664854,-19.51442327761,
    -2.850090107948));
#1035 = CARTESIAN_POINT('',(4.276459678432,-19.28529130156,
    -2.915858341799));
#1036 = CARTESIAN_POINT('',(4.363510798627,-19.04361004168,
    -2.984201854673));
#1037 = CARTESIAN_POINT('',(4.430831443013,-18.79160709855,
    -3.054307035603));
#1038 = CARTESIAN_POINT('',(4.476724452,-18.53181488965,-3.125329057606)
  );
#1039 = CARTESIAN_POINT('',(4.5,-18.26698520403,-3.196433105381));
#1040 = CARTESIAN_POINT('',(4.5,-18.,-3.266829426889));
#1041 = FACE_BOUND('',#1042,.F.);
#1042 = EDGE_LOOP('',(#1043,#1077,#1086,#1118,#1126,#1135,#1163,#1182,
    #1190,#1212,#1240,#1249,#1257,#1289,#1298,#1330));
#1043 = ORIENTED_EDGE('',*,*,#1044,.F.);
#1044 = EDGE_CURVE('',#1045,#1047,#1049,.T.);
#1045 = VERTEX_POINT('',#1046);
#1046 = CARTESIAN_POINT('',(16.,-3.039323374301,-5.534548367636));
#1047 = VERTEX_POINT('',#1048);
#1048 = CARTESIAN_POINT('',(18.54,-0.839618848688,-5.595007190232));
#1049 = B_SPLINE_CURVE_WITH_KNOTS('',6,(#1050,#1051,#1052,#1053,#1054,
    #1055,#1056,#1057,#1058,#1059,#1060,#1061,#1062,#1063,#1064,#1065,
    #1066,#1067,#1068,#1069,#1070,#1071,#1072,#1073,#1074,#1075,#1076),
  .UNSPECIFIED.,.F.,.F.,(7,5,5,5,5,7),(0.,0.192483024251,0.318820681658,
    0.485982545559,0.735505126563,1.),.UNSPECIFIED.);
#1050 = CARTESIAN_POINT('',(16.,-3.039323374301,-5.534548367636));
#1051 = CARTESIAN_POINT('',(16.,-2.905926987404,-5.54029639844));
#1052 = CARTESIAN_POINT('',(16.011209543637,-2.772573840519,
    -5.54573927548));
#1053 = CARTESIAN_POINT('',(16.033612559752,-2.641142851385,
    -5.550796445844));
#1054 = CARTESIAN_POINT('',(16.066522626382,-2.513106444582,
    -5.555433673189));
#1055 = CARTESIAN_POINT('',(16.108963792712,-2.389597431565,
    -5.559647094057));
#1056 = CARTESIAN_POINT('',(16.193142468466,-2.19389855659,
    -5.565946668062));
#1057 = CARTESIAN_POINT('',(16.23012595036,-2.118622034783,
    -5.568267438628));
#1058 = CARTESIAN_POINT('',(16.270437072468,-2.045808449907,
    -5.570417871282));
#1059 = CARTESIAN_POINT('',(16.313774156221,-1.975578885419,
    -5.572406317215));
#1060 = CARTESIAN_POINT('',(16.359850818702,-1.907999694574,
    -5.574242839321));
#1061 = CARTESIAN_POINT('',(16.472670179537,-1.757222904691,
    -5.578180389728));
#1062 = CARTESIAN_POINT('',(16.541271221234,-1.676045608391,
    -5.580174846224));
#1063 = CARTESIAN_POINT('',(16.613638369093,-1.599609148398,
    -5.581945869726));
#1064 = CARTESIAN_POINT('',(16.689257331477,-1.527887734423,
    -5.58351771901));
#1065 = CARTESIAN_POINT('',(16.767691494245,-1.460807583824,
    -5.584913075637));
#1066 = CARTESIAN_POINT('',(16.969359491529,-1.304915977091,
    -5.588001192664));
#1067 = CARTESIAN_POINT('',(17.095582076958,-1.22171506018,
    -5.589501144815));
#1068 = CARTESIAN_POINT('',(17.226122043548,-1.148306094564,
    -5.590719338613));
#1069 = CARTESIAN_POINT('',(17.36005694887,-1.084385110761,
    -5.591707606202));
#1070 = CARTESIAN_POINT('',(17.496647564225,-1.02964974086,
    -5.592506104923));
#1071 = CARTESIAN_POINT('',(17.782387106796,-0.935330466182,
    -5.593820642164));
#1072 = CARTESIAN_POINT('',(17.931748029256,-0.896868943135,
    -5.594316639023));
#1073 = CARTESIAN_POINT('',(18.082763680621,-0.868194954888,
    -5.594667326814));
#1074 = CARTESIAN_POINT('',(18.234831902218,-0.849145683752,
    -5.594893881461));
#1075 = CARTESIAN_POINT('',(18.387407163493,-0.839618848688,
    -5.595007190232));
#1076 = CARTESIAN_POINT('',(18.54,-0.839618848688,-5.595007190232));
#1077 = ORIENTED_EDGE('',*,*,#1078,.F.);
#1078 = EDGE_CURVE('',#1079,#1045,#1081,.T.);
#1079 = VERTEX_POINT('',#1080);
#1080 = CARTESIAN_POINT('',(16.,-20.6369595792,-2.516486129881));
#1081 = CIRCLE('',#1082,70.6);
#1082 = AXIS2_PLACEMENT_3D('',#1083,#1084,#1085);
#1083 = CARTESIAN_POINT('',(16.,0.,65.));
#1084 = DIRECTION('',(1.,0.,-0.));
#1085 = DIRECTION('',(0.,0.,1.));
#1086 = ORIENTED_EDGE('',*,*,#1087,.F.);
#1087 = EDGE_CURVE('',#1088,#1079,#1090,.T.);
#1088 = VERTEX_POINT('',#1089);
#1089 = CARTESIAN_POINT('',(18.54,-22.83666410481,-1.804541556424));
#1090 = B_SPLINE_CURVE_WITH_KNOTS('',6,(#1091,#1092,#1093,#1094,#1095,
    #1096,#1097,#1098,#1099,#1100,#1101,#1102,#1103,#1104,#1105,#1106,
    #1107,#1108,#1109,#1110,#1111,#1112,#1113,#1114,#1115,#1116,#1117),
  .UNSPECIFIED.,.F.,.F.,(7,5,5,5,5,7),(0.,0.275288749842,0.532491358086,
    0.695288041642,0.815865217093,1.),.UNSPECIFIED.);
#1091 = CARTESIAN_POINT('',(18.54,-22.83666410481,-1.804541556424));
#1092 = CARTESIAN_POINT('',(18.383856092886,-22.83666410481,
    -1.804541556424));
#1093 = CARTESIAN_POINT('',(18.227733438264,-22.82668866641,
    -1.807951586458));
#1094 = CARTESIAN_POINT('',(18.072097340963,-22.80674340329,
    -1.814769750054));
#1095 = CARTESIAN_POINT('',(17.917479293006,-22.77669096157,
    -1.825030462015));
#1096 = CARTESIAN_POINT('',(17.76447782507,-22.73630909072,
    -1.838784861983));
#1097 = CARTESIAN_POINT('',(17.472984299555,-22.63744853094,
    -1.872329604477));
#1098 = CARTESIAN_POINT('',(17.334256980915,-22.58035217922,
    -1.891657529812));
#1099 = CARTESIAN_POINT('',(17.198115927505,-22.51358780375,
    -1.914186919454));
#1100 = CARTESIAN_POINT('',(17.065328211014,-22.43673083424,
    -1.940015303348));
#1101 = CARTESIAN_POINT('',(16.936888866714,-22.34933781601,
    -1.969230780038));
#1102 = CARTESIAN_POINT('',(16.736351480841,-22.18849348951,
    -2.022645965787));
#1103 = CARTESIAN_POINT('',(16.660900944906,-22.12171759393,
    -2.044744419437));
#1104 = CARTESIAN_POINT('',(16.588059149054,-22.05037491136,
    -2.068261777723));
#1105 = CARTESIAN_POINT('',(16.518254579076,-21.97435330639,
    -2.093211082078));
#1106 = CARTESIAN_POINT('',(16.452003983531,-21.89358587928,
    -2.119587165471));
#1107 = CARTESIAN_POINT('',(16.343903331417,-21.74473569109,
    -2.167930624597));
#1108 = CARTESIAN_POINT('',(16.300186714923,-21.6788028908,
    -2.189264963145));
#1109 = CARTESIAN_POINT('',(16.25899493108,-21.61028206639,
    -2.21134857758));
#1110 = CARTESIAN_POINT('',(16.220609848907,-21.53922171734,
    -2.234152765694));
#1111 = CARTESIAN_POINT('',(16.185332353555,-21.46572687157,
    -2.257630705756));
#1112 = CARTESIAN_POINT('',(16.104796222914,-21.27429419895,
    -2.318490335094));
#1113 = CARTESIAN_POINT('',(16.064036406343,-21.15325333333,
    -2.356708428276));
#1114 = CARTESIAN_POINT('',(16.032362277582,-21.02766743224,
    -2.396063713418));
#1115 = CARTESIAN_POINT('',(16.010782379224,-20.89867633226,
    -2.43615766161));
#1116 = CARTESIAN_POINT('',(16.,-20.76778950922,-2.476496904545));
#1117 = CARTESIAN_POINT('',(16.,-20.6369595792,-2.516486129881));
#1118 = ORIENTED_EDGE('',*,*,#1119,.T.);
#1119 = EDGE_CURVE('',#1088,#1120,#1122,.T.);
#1120 = VERTEX_POINT('',#1121);
#1121 = CARTESIAN_POINT('',(19.,-22.83666410481,-1.804541556424));
#1122 = LINE('',#1123,#1124);
#1123 = CARTESIAN_POINT('',(-20.,-22.83666410481,-1.804541556424));
#1124 = VECTOR('',#1125,1.);
#1125 = DIRECTION('',(1.,0.,0.));
#1126 = ORIENTED_EDGE('',*,*,#1127,.T.);
#1127 = EDGE_CURVE('',#1120,#1128,#1130,.T.);
#1128 = VERTEX_POINT('',#1129);
#1129 = CARTESIAN_POINT('',(19.,-7.835224962634,-5.163874250108));
#1130 = CIRCLE('',#1131,70.6);
#1131 = AXIS2_PLACEMENT_3D('',#1132,#1133,#1134);
#1132 = CARTESIAN_POINT('',(19.,0.,65.));
#1133 = DIRECTION('',(1.,0.,-0.));
#1134 = DIRECTION('',(0.,0.,1.));
#1135 = ORIENTED_EDGE('',*,*,#1136,.F.);
#1136 = EDGE_CURVE('',#1137,#1128,#1139,.T.);
#1137 = VERTEX_POINT('',#1138);
#1138 = CARTESIAN_POINT('',(18.54,-5.191219034257,-5.408886121983));
#1139 = B_SPLINE_CURVE_WITH_KNOTS('',8,(#1140,#1141,#1142,#1143,#1144,
    #1145,#1146,#1147,#1148,#1149,#1150,#1151,#1152,#1153,#1154,#1155,
    #1156,#1157,#1158,#1159,#1160,#1161,#1162),.UNSPECIFIED.,.F.,.F.,(9,
    7,7,9),(0.,0.450121443442,0.765187510511,1.),.UNSPECIFIED.);
#1140 = CARTESIAN_POINT('',(18.54,-5.191219034257,-5.408886121983));
#1141 = CARTESIAN_POINT('',(18.309957536515,-5.191219034257,
    -5.408886121983));
#1142 = CARTESIAN_POINT('',(18.074001223247,-5.244807552277,
    -5.404935154598));
#1143 = CARTESIAN_POINT('',(17.84605702637,-5.356797429082,
    -5.396677636397));
#1144 = CARTESIAN_POINT('',(17.640505186637,-5.525541923943,
    -5.3840081964));
#1145 = CARTESIAN_POINT('',(17.470896663209,-5.744943835923,
    -5.366806367398));
#1146 = CARTESIAN_POINT('',(17.349389484617,-6.004724364757,
    -5.345175532667));
#1147 = CARTESIAN_POINT('',(17.286241256085,-6.291558982092,
    -5.319732912623));
#1148 = CARTESIAN_POINT('',(17.292850467206,-6.795218093143,
    -5.272529454973));
#1149 = CARTESIAN_POINT('',(17.328303296412,-6.998594818629,
    -5.252763362466));
#1150 = CARTESIAN_POINT('',(17.394678058636,-7.191057956362,
    -5.233361784027));
#1151 = CARTESIAN_POINT('',(17.488869534911,-7.366501734416,
    -5.215073665942));
#1152 = CARTESIAN_POINT('',(17.606587747976,-7.519852704323,
    -5.198648752748));
#1153 = CARTESIAN_POINT('',(17.742486434644,-7.64734092732,
    -5.184727474595));
#1154 = CARTESIAN_POINT('',(17.890353949559,-7.746900094243,
    -5.173718516005));
#1155 = CARTESIAN_POINT('',(18.15748219915,-7.872357334374,
    -5.159738424261));
#1156 = CARTESIAN_POINT('',(18.275991478961,-7.91128989659,
    -5.155352718499));
#1157 = CARTESIAN_POINT('',(18.3974316716,-7.935498286156,
    -5.152605698119));
#1158 = CARTESIAN_POINT('',(18.52038704047,-7.944941698987,
    -5.151530293743));
#1159 = CARTESIAN_POINT('',(18.643491233342,-7.939612649015,
    -5.152137984368));
#1160 = CARTESIAN_POINT('',(18.765392498341,-7.919527894027,
    -5.154419712422));
#1161 = CARTESIAN_POINT('',(18.884714424352,-7.884719350525,
    -5.158347194088));
#1162 = CARTESIAN_POINT('',(19.,-7.835224962634,-5.163874250108));
#1163 = ORIENTED_EDGE('',*,*,#1164,.F.);
#1164 = EDGE_CURVE('',#1165,#1137,#1167,.T.);
#1165 = VERTEX_POINT('',#1166);
#1166 = CARTESIAN_POINT('',(19.702282237669,-7.071133346745,
    -5.244993225087));
#1167 = B_SPLINE_CURVE_WITH_KNOTS('',7,(#1168,#1169,#1170,#1171,#1172,
    #1173,#1174,#1175,#1176,#1177,#1178,#1179,#1180,#1181),
  .UNSPECIFIED.,.F.,.F.,(8,6,8),(0.,0.386183347356,1.),.UNSPECIFIED.);
#1168 = CARTESIAN_POINT('',(19.702282237669,-7.071133346745,
    -5.244993225087));
#1169 = CARTESIAN_POINT('',(19.753942598237,-6.928688632519,
    -5.259332262257));
#1170 = CARTESIAN_POINT('',(19.789145965701,-6.776891909621,
    -5.274272270533));
#1171 = CARTESIAN_POINT('',(19.805704640208,-6.619279104262,
    -5.289377352478));
#1172 = CARTESIAN_POINT('',(19.802625825632,-6.459995980461,
    -5.304192189583));
#1173 = CARTESIAN_POINT('',(19.78011003632,-6.303365110537,
    -5.318320443248));
#1174 = CARTESIAN_POINT('',(19.739550038684,-6.153509143087,
    -5.33145787839));
#1175 = CARTESIAN_POINT('',(19.594484872094,-5.791917189673,
    -5.362371461225));
#1176 = CARTESIAN_POINT('',(19.466960454603,-5.597216319288,
    -5.378194014485));
#1177 = CARTESIAN_POINT('',(19.309588691145,-5.436396559314,
    -5.390661701992));
#1178 = CARTESIAN_POINT('',(19.130371569124,-5.313714967582,
    -5.399854576007));
#1179 = CARTESIAN_POINT('',(18.937221828565,-5.231713416981,
    -5.405900479901));
#1180 = CARTESIAN_POINT('',(18.737923282139,-5.191219034257,
    -5.408886121983));
#1181 = CARTESIAN_POINT('',(18.54,-5.191219034257,-5.408886121983));
#1182 = ORIENTED_EDGE('',*,*,#1183,.T.);
#1183 = EDGE_CURVE('',#1165,#1184,#1186,.T.);
#1184 = VERTEX_POINT('',#1185);
#1185 = CARTESIAN_POINT('',(37.697717762331,-7.071133346745,
    -5.244993225087));
#1186 = LINE('',#1187,#1188);
#1187 = CARTESIAN_POINT('',(-20.,-7.071133346745,-5.244993225087));
#1188 = VECTOR('',#1189,1.);
#1189 = DIRECTION('',(1.,0.,0.));
#1190 = ORIENTED_EDGE('',*,*,#1191,.F.);
#1191 = EDGE_CURVE('',#1192,#1184,#1194,.T.);
#1192 = VERTEX_POINT('',#1193);
#1193 = CARTESIAN_POINT('',(38.86,-5.191219034257,-5.408886121983));
#1194 = B_SPLINE_CURVE_WITH_KNOTS('',6,(#1195,#1196,#1197,#1198,#1199,
    #1200,#1201,#1202,#1203,#1204,#1205,#1206,#1207,#1208,#1209,#1210,
    #1211),.UNSPECIFIED.,.F.,.F.,(7,5,5,7),(0.,0.341991052566,
    0.676718980117,1.),.UNSPECIFIED.);
#1195 = CARTESIAN_POINT('',(38.86,-5.191219034257,-5.408886121983));
#1196 = CARTESIAN_POINT('',(38.730722892507,-5.191219034257,
    -5.408886121983));
#1197 = CARTESIAN_POINT('',(38.601370993231,-5.208988803634,
    -5.407575967982));
#1198 = CARTESIAN_POINT('',(38.473994385351,-5.244566358404,
    -5.404952829414));
#1199 = CARTESIAN_POINT('',(38.350666937497,-5.297804727292,
    -5.40099382121));
#1200 = CARTESIAN_POINT('',(38.233549192903,-5.368346211186,
    -5.395656926486));
#1201 = CARTESIAN_POINT('',(38.018720375331,-5.540957840642,
    -5.382278448904));
#1202 = CARTESIAN_POINT('',(37.920338854686,-5.642576992803,
    -5.374277260297));
#1203 = CARTESIAN_POINT('',(37.832817825902,-5.759478526665,
    -5.364877630364));
#1204 = CARTESIAN_POINT('',(37.758887136811,-5.889871978301,
    -5.35410890975));
#1205 = CARTESIAN_POINT('',(37.700921261983,-6.031321822747,
    -5.342062041006));
#1206 = CARTESIAN_POINT('',(37.62218335055,-6.325289065814,
    -5.31622670766));
#1207 = CARTESIAN_POINT('',(37.600363763372,-6.476678687059,
    -5.302563153292));
#1208 = CARTESIAN_POINT('',(37.597185499033,-6.631215771948,
    -5.288199246943));
#1209 = CARTESIAN_POINT('',(37.613148344571,-6.784562032518,
    -5.273508538863));
#1210 = CARTESIAN_POINT('',(37.647409393742,-6.932416521928,
    -5.258956998456));
#1211 = CARTESIAN_POINT('',(37.697717762331,-7.071133346745,
    -5.244993225087));
#1212 = ORIENTED_EDGE('',*,*,#1213,.F.);
#1213 = EDGE_CURVE('',#1214,#1192,#1216,.T.);
#1214 = VERTEX_POINT('',#1215);
#1215 = CARTESIAN_POINT('',(38.4,-7.835224962634,-5.163874250108));
#1216 = B_SPLINE_CURVE_WITH_KNOTS('',8,(#1217,#1218,#1219,#1220,#1221,
    #1222,#1223,#1224,#1225,#1226,#1227,#1228,#1229,#1230,#1231,#1232,
    #1233,#1234,#1235,#1236,#1237,#1238,#1239),.UNSPECIFIED.,.F.,.F.,(9,
    7,7,9),(0.,0.112298387011,0.545441807954,1.),.UNSPECIFIED.);
#1217 = CARTESIAN_POINT('',(38.4,-7.835224962634,-5.163874250108));
#1218 = CARTESIAN_POINT('',(38.454440065184,-7.858597164125,
    -5.161264267998));
#1219 = CARTESIAN_POINT('',(38.509786239301,-7.878697242993,
    -5.159010674982));
#1220 = CARTESIAN_POINT('',(38.565882449169,-7.895518325175,
    -5.15711865598));
#1221 = CARTESIAN_POINT('',(38.62257594991,-7.909055336871,
    -5.155592338216));
#1222 = CARTESIAN_POINT('',(38.679716903161,-7.919304879485,
    -5.154434798504));
#1223 = CARTESIAN_POINT('',(38.737157955282,-7.92626510456,
    -5.153648070542));
#1224 = CARTESIAN_POINT('',(38.794753815566,-7.92993558872,
    -5.153233152195));
#1225 = CARTESIAN_POINT('',(39.074555488277,-7.931789145538,
    -5.153023620832));
#1226 = CARTESIAN_POINT('',(39.303376795494,-7.884373261649,
    -5.158383687504));
#1227 = CARTESIAN_POINT('',(39.525925085652,-7.783096108853,
    -5.169835977127));
#1228 = CARTESIAN_POINT('',(39.728715462303,-7.628703890603,
    -5.187110144748));
#1229 = CARTESIAN_POINT('',(39.899035257932,-7.425818510464,
    -5.209196673028));
#1230 = CARTESIAN_POINT('',(40.025525198139,-7.182626320009,
    -5.234578361019));
#1231 = CARTESIAN_POINT('',(40.098430285712,-6.910070718709,
    -5.261610357489));
#1232 = CARTESIAN_POINT('',(40.120063009647,-6.322352261144,
    -5.316991089828));
#1233 = CARTESIAN_POINT('',(40.061615956609,-6.029033066295,
    -5.343144760456));
#1234 = CARTESIAN_POINT('',(39.942195888041,-5.762171604907,
    -5.365454609945));
#1235 = CARTESIAN_POINT('',(39.772278310834,-5.536069921846,
    -5.383219012122));
#1236 = CARTESIAN_POINT('',(39.564472868583,-5.361904004626,
    -5.396301002581));
#1237 = CARTESIAN_POINT('',(39.333064329765,-5.246338359281,
    -5.404822314293));
#1238 = CARTESIAN_POINT('',(39.093304743518,-5.191219034257,
    -5.408886121983));
#1239 = CARTESIAN_POINT('',(38.86,-5.191219034257,-5.408886121983));
#1240 = ORIENTED_EDGE('',*,*,#1241,.F.);
#1241 = EDGE_CURVE('',#1242,#1214,#1244,.T.);
#1242 = VERTEX_POINT('',#1243);
#1243 = CARTESIAN_POINT('',(38.4,-22.83666410481,-1.804541556424));
#1244 = CIRCLE('',#1245,70.6);
#1245 = AXIS2_PLACEMENT_3D('',#1246,#1247,#1248);
#1246 = CARTESIAN_POINT('',(38.4,0.,65.));
#1247 = DIRECTION('',(1.,0.,-0.));
#1248 = DIRECTION('',(0.,0.,1.));
#1249 = ORIENTED_EDGE('',*,*,#1250,.T.);
#1250 = EDGE_CURVE('',#1242,#1251,#1253,.T.);
#1251 = VERTEX_POINT('',#1252);
#1252 = CARTESIAN_POINT('',(38.86,-22.83666410481,-1.804541556424));
#1253 = LINE('',#1254,#1255);
#1254 = CARTESIAN_POINT('',(-20.,-22.83666410481,-1.804541556424));
#1255 = VECTOR('',#1256,1.);
#1256 = DIRECTION('',(1.,0.,0.));
#1257 = ORIENTED_EDGE('',*,*,#1258,.F.);
#1258 = EDGE_CURVE('',#1259,#1251,#1261,.T.);
#1259 = VERTEX_POINT('',#1260);
#1260 = CARTESIAN_POINT('',(41.4,-20.6369595792,-2.516486129881));
#1261 = B_SPLINE_CURVE_WITH_KNOTS('',6,(#1262,#1263,#1264,#1265,#1266,
    #1267,#1268,#1269,#1270,#1271,#1272,#1273,#1274,#1275,#1276,#1277,
    #1278,#1279,#1280,#1281,#1282,#1283,#1284,#1285,#1286,#1287,#1288),
  .UNSPECIFIED.,.F.,.F.,(7,5,5,5,5,7),(0.,0.184637159843,0.3043497601,
    0.467147661267,0.724362938484,1.),.UNSPECIFIED.);
#1262 = CARTESIAN_POINT('',(41.4,-20.6369595792,-2.516486129881));
#1263 = CARTESIAN_POINT('',(41.4,-20.76814676794,-2.476387705531));
#1264 = CARTESIAN_POINT('',(41.389158647956,-20.89939135522,
    -2.43593729012));
#1265 = CARTESIAN_POINT('',(41.367460649746,-21.02872407889,
    -2.395735268776));
#1266 = CARTESIAN_POINT('',(41.335617244774,-21.15462446442,
    -2.356278737208));
#1267 = CARTESIAN_POINT('',(41.294646859182,-21.2759459392,
    -2.317968785534));
#1268 = CARTESIAN_POINT('',(41.214027170781,-21.4670321767,
    -2.257213366948));
#1269 = CARTESIAN_POINT('',(41.178961316371,-21.53996641079,
    -2.233913138604));
#1270 = CARTESIAN_POINT('',(41.140835120961,-21.61050014354,
    -2.21127741575));
#1271 = CARTESIAN_POINT('',(41.099942888291,-21.67853085028,
    -2.189351933562));
#1272 = CARTESIAN_POINT('',(41.056560405745,-21.74401092074,
    -2.168164823095));
#1273 = CARTESIAN_POINT('',(40.948869327044,-21.89249879415,
    -2.119941823831));
#1274 = CARTESIAN_POINT('',(40.882659023772,-21.9733195626,
    -2.093549755994));
#1275 = CARTESIAN_POINT('',(40.812889927248,-22.04939395145,
    -2.068584399038));
#1276 = CARTESIAN_POINT('',(40.740079449706,-22.12078846862,
    -2.045051072318));
#1277 = CARTESIAN_POINT('',(40.664656671017,-22.18761508471,
    -2.022936814739));
#1278 = CARTESIAN_POINT('',(40.464177725617,-22.34859143103,
    -1.969479997118));
#1279 = CARTESIAN_POINT('',(40.335764006664,-22.43606299978,
    -1.940239315056));
#1280 = CARTESIAN_POINT('',(40.20299560959,-22.51299472057,
    -1.914386616814));
#1281 = CARTESIAN_POINT('',(40.066868940896,-22.57983032969,
    -1.891833794518));
#1282 = CARTESIAN_POINT('',(39.9281520294,-22.63699487267,
    -1.872483226231));
#1283 = CARTESIAN_POINT('',(39.636489545992,-22.73605359299,
    -1.83887188623));
#1284 = CARTESIAN_POINT('',(39.483302750749,-22.77653886685,
    -1.825082391131));
#1285 = CARTESIAN_POINT('',(39.328493013716,-22.80666770422,
    -1.81479562737));
#1286 = CARTESIAN_POINT('',(39.172661367588,-22.82666341789,
    -1.807960217449));
#1287 = CARTESIAN_POINT('',(39.016341382625,-22.83666410481,
    -1.804541556424));
#1288 = CARTESIAN_POINT('',(38.86,-22.83666410481,-1.804541556424));
#1289 = ORIENTED_EDGE('',*,*,#1290,.T.);
#1290 = EDGE_CURVE('',#1259,#1291,#1293,.T.);
#1291 = VERTEX_POINT('',#1292);
#1292 = CARTESIAN_POINT('',(41.4,-3.039323374301,-5.534548367636));
#1293 = CIRCLE('',#1294,70.6);
#1294 = AXIS2_PLACEMENT_3D('',#1295,#1296,#1297);
#1295 = CARTESIAN_POINT('',(41.4,0.,65.));
#1296 = DIRECTION('',(1.,0.,-0.));
#1297 = DIRECTION('',(0.,0.,1.));
#1298 = ORIENTED_EDGE('',*,*,#1299,.F.);
#1299 = EDGE_CURVE('',#1300,#1291,#1302,.T.);
#1300 = VERTEX_POINT('',#1301);
#1301 = CARTESIAN_POINT('',(38.86,-0.839618848688,-5.595007190232));
#1302 = B_SPLINE_CURVE_WITH_KNOTS('',6,(#1303,#1304,#1305,#1306,#1307,
    #1308,#1309,#1310,#1311,#1312,#1313,#1314,#1315,#1316,#1317,#1318,
    #1319,#1320,#1321,#1322,#1323,#1324,#1325,#1326,#1327,#1328,#1329),
  .UNSPECIFIED.,.F.,.F.,(7,5,5,5,5,7),(0.,0.264228169065,0.513602087764,
    0.680704033159,0.807905238896,1.),.UNSPECIFIED.);
#1303 = CARTESIAN_POINT('',(38.86,-0.839618848688,-5.595007190232));
#1304 = CARTESIAN_POINT('',(39.012439018433,-0.839618848688,
    -5.595007190232));
#1305 = CARTESIAN_POINT('',(39.164860554656,-0.849126486495,
    -5.594894109797));
#1306 = CARTESIAN_POINT('',(39.316776539292,-0.868137391215,
    -5.594668011402));
#1307 = CARTESIAN_POINT('',(39.467643130706,-0.896753404335,
    -5.59431805205));
#1308 = CARTESIAN_POINT('',(39.616860141786,-0.935136726878,
    -5.593823140424));
#1309 = CARTESIAN_POINT('',(39.902391832448,-1.029281319962,
    -5.592511429011));
#1310 = CARTESIAN_POINT('',(40.038916162301,-1.083930029199,
    -5.591714482041));
#1311 = CARTESIAN_POINT('',(40.172791104509,-1.147752100288,
    -5.590728168415));
#1312 = CARTESIAN_POINT('',(40.303279394836,-1.221049104045,
    -5.589512447532));
#1313 = CARTESIAN_POINT('',(40.429461239443,-1.3041244119,
    -5.588015636561));
#1314 = CARTESIAN_POINT('',(40.631104467092,-1.459797418963,
    -5.584933904694));
#1315 = CARTESIAN_POINT('',(40.709545562466,-1.526794618365,
    -5.583541243391));
#1316 = CARTESIAN_POINT('',(40.785177642929,-1.598428915483,
    -5.581972439489));
#1317 = CARTESIAN_POINT('',(40.857565184117,-1.674774244344,
    -5.580204855314));
#1318 = CARTESIAN_POINT('',(40.926195144185,-1.75585685693,
    -5.578214269225));
#1319 = CARTESIAN_POINT('',(41.039432213883,-1.906929272093,
    -5.574272133136));
#1320 = CARTESIAN_POINT('',(41.085857617784,-1.974938576214,
    -5.572424918724));
#1321 = CARTESIAN_POINT('',(41.129508339178,-2.045635288313,
    -5.570423778901));
#1322 = CARTESIAN_POINT('',(41.170092083675,-2.118951957599,
    -5.568258431319));
#1323 = CARTESIAN_POINT('',(41.207300848357,-2.19476492211,
    -5.565920351533));
#1324 = CARTESIAN_POINT('',(41.291463998333,-2.390843833457,
    -5.559604561891));
#1325 = CARTESIAN_POINT('',(41.333742801035,-2.514140049415,
    -5.555396231003));
#1326 = CARTESIAN_POINT('',(41.366523000144,-2.641938783749,
    -5.550765817655));
#1327 = CARTESIAN_POINT('',(41.38883566863,-2.773112334812,
    -5.545717294937));
#1328 = CARTESIAN_POINT('',(41.4,-2.906196255626,-5.540284795712));
#1329 = CARTESIAN_POINT('',(41.4,-3.039323374301,-5.534548367636));
#1330 = ORIENTED_EDGE('',*,*,#1331,.F.);
#1331 = EDGE_CURVE('',#1047,#1300,#1332,.T.);
#1332 = LINE('',#1333,#1334);
#1333 = CARTESIAN_POINT('',(-20.,-0.839618848688,-5.595007190232));
#1334 = VECTOR('',#1335,1.);
#1335 = DIRECTION('',(1.,0.,0.));
#1336 = FACE_BOUND('',#1337,.F.);
#1337 = EDGE_LOOP('',(#1338));
#1338 = ORIENTED_EDGE('',*,*,#1339,.T.);
#1339 = EDGE_CURVE('',#1340,#1340,#1342,.T.);
#1340 = VERTEX_POINT('',#1341);
#1341 = CARTESIAN_POINT('',(4.5,18.,-3.266829426889));
#1342 = B_SPLINE_CURVE_WITH_KNOTS('',7,(#1343,#1344,#1345,#1346,#1347,
    #1348,#1349,#1350,#1351,#1352,#1353,#1354,#1355,#1356,#1357,#1358,
    #1359,#1360,#1361,#1362,#1363,#1364,#1365,#1366,#1367,#1368,#1369,
    #1370,#1371,#1372,#1373,#1374,#1375,#1376,#1377,#1378,#1379,#1380,
    #1381,#1382,#1383,#1384,#1385,#1386,#1387,#1388,#1389,#1390,#1391,
    #1392,#1393,#1394,#1395,#1396,#1397,#1398,#1399,#1400,#1401,#1402,
    #1403,#1404),.UNSPECIFIED.,.T.,.F.,(8,6,6,6,6,6,6,6,6,6,8),(0.,
    8.323932246483E-02,0.18701058319,0.346304580268,0.445723204569,
    0.539127328379,0.633656186268,0.750938581847,0.864533045898,
    0.940674334763,1.),.UNSPECIFIED.);
#1343 = CARTESIAN_POINT('',(4.5,18.,-3.266829426889));
#1344 = CARTESIAN_POINT('',(4.5,18.305125947527,-3.186376488008));
#1345 = CARTESIAN_POINT('',(4.468965935989,18.607377870374,
    -3.104979914137));
#1346 = CARTESIAN_POINT('',(4.407950747231,18.902144635407,
    -3.023903308496));
#1347 = CARTESIAN_POINT('',(4.319070850046,19.18507544791,
    -2.944500400866));
#1348 = CARTESIAN_POINT('',(4.205441059094,19.452317724316,
    -2.868121576688));
#1349 = CARTESIAN_POINT('',(4.071111482103,19.700739937566,
    -2.795995701707));
#1350 = CARTESIAN_POINT('',(3.733876142456,20.211629639553,
    -2.64567503991));
#1351 = CARTESIAN_POINT('',(3.520784675144,20.464633795263,
    -2.569728371131));
#1352 = CARTESIAN_POINT('',(3.287352037712,20.686877100979,
    -2.501904150854));
#1353 = CARTESIAN_POINT('',(3.038092171733,20.878644964548,
    -2.442611328779));
#1354 = CARTESIAN_POINT('',(2.77672944748,21.040484980651,
    -2.392075003637));
#1355 = CARTESIAN_POINT('',(2.506410574539,21.173012822463,
    -2.350392581711));
#1356 = CARTESIAN_POINT('',(1.805219269246,21.436174321005,
    -2.267216088891));
#1357 = CARTESIAN_POINT('',(1.365370976806,21.528025509481,
    -2.237700986395));
#1358 = CARTESIAN_POINT('',(0.918746337688,21.554677402376,
    -2.229045660087));
#1359 = CARTESIAN_POINT('',(0.471936290273,21.516844795472,
    -2.241256170102));
#1360 = CARTESIAN_POINT('',(3.171913233721E-02,21.413924234244,
    -2.274371907826));
#1361 = CARTESIAN_POINT('',(-0.394267968658,21.244085130204,
    -2.328387661445));
#1362 = CARTESIAN_POINT('',(-1.045344523894,20.8550849974,
    -2.449610419883));
#1363 = CARTESIAN_POINT('',(-1.286483997902,20.678027525385,
    -2.504362085842));
#1364 = CARTESIAN_POINT('',(-1.515068669053,20.472891645543,
    -2.567157944321));
#1365 = CARTESIAN_POINT('',(-1.727195609724,20.239519759679,
    -2.637684565731));
#1366 = CARTESIAN_POINT('',(-1.918516989627,19.978156892011,
    -2.715416772513));
#1367 = CARTESIAN_POINT('',(-2.084123043287,19.689620645629,
    -2.79959799458));
#1368 = CARTESIAN_POINT('',(-2.344451243361,19.08055254394,
    -2.973426060907));
#1369 = CARTESIAN_POINT('',(-2.443450430363,18.761620316177,
    -3.062831132876));
#1370 = CARTESIAN_POINT('',(-2.507883065541,18.425153672531,
    -3.155162004123));
#1371 = CARTESIAN_POINT('',(-2.533211845021,18.079060080223,
    -3.247848129585));
#1372 = CARTESIAN_POINT('',(-2.517859418367,17.732036750549,
    -3.338442213621));
#1373 = CARTESIAN_POINT('',(-2.463251854045,17.392738869983,
    -3.424878784378));
#1374 = CARTESIAN_POINT('',(-2.283411871416,16.741103327722,
    -3.587240507951));
#1375 = CARTESIAN_POINT('',(-2.158263576649,16.432498063645,
    -3.662189549955));
#1376 = CARTESIAN_POINT('',(-2.003254029003,16.146381520361,
    -3.730010714663));
#1377 = CARTESIAN_POINT('',(-1.823211907503,15.885198860202,
    -3.790590746081));
#1378 = CARTESIAN_POINT('',(-1.623033970526,15.650593748174,
    -3.844004691059));
#1379 = CARTESIAN_POINT('',(-1.407697131133,15.443406363652,
    -3.890457389468));
#1380 = CARTESIAN_POINT('',(-0.902456712639,15.040490574916,
    -3.979677130988));
#1381 = CARTESIAN_POINT('',(-0.604675257351,14.857605768442,
    -4.019290519686));
#1382 = CARTESIAN_POINT('',(-0.294496121556,14.713396765211,
    -4.050032187093));
#1383 = CARTESIAN_POINT('',(2.398476469078E-02,14.606398576865,
    -4.072606323323));
#1384 = CARTESIAN_POINT('',(0.347615459978,14.535474870197,
    -4.087490062521));
#1385 = CARTESIAN_POINT('',(0.673769837996,14.5,-4.094934691336));
#1386 = CARTESIAN_POINT('',(1.315971891836,14.5,-4.094934691336));
#1387 = CARTESIAN_POINT('',(1.631875510613,14.533279018918,
    -4.087950877979));
#1388 = CARTESIAN_POINT('',(1.94547866488,14.599814017645,-4.07398812333
    ));
#1389 = CARTESIAN_POINT('',(2.254400013333,14.700151937476,
    -4.052826091779));
#1390 = CARTESIAN_POINT('',(2.555810830272,14.83529394131,
    -4.024044530413));
#1391 = CARTESIAN_POINT('',(2.846076093419,15.006546007433,
    -3.98702257645));
#1392 = CARTESIAN_POINT('',(3.304051472586,15.35524933165,
    -3.910063515043));
#1393 = CARTESIAN_POINT('',(3.481058677126,15.512378762871,
    -3.875037436471));
#1394 = CARTESIAN_POINT('',(3.649172957836,15.686840078714,
    -3.835684242492));
#1395 = CARTESIAN_POINT('',(3.80618629247,15.878552233612,
    -3.791836511128));
#1396 = CARTESIAN_POINT('',(3.949776179716,16.087189950669,
    -3.74335282118));
#1397 = CARTESIAN_POINT('',(4.077481058596,16.312155142506,
    -3.690135705958));
#1398 = CARTESIAN_POINT('',(4.271747336333,16.739845739673,
    -3.586986277755));
#1399 = CARTESIAN_POINT('',(4.345587482972,16.936519558684,
    -3.538921871759));
#1400 = CARTESIAN_POINT('',(4.406446191076,17.141045784746,
    -3.488217353873));
#1401 = CARTESIAN_POINT('',(4.452994155198,17.351650088829,
    -3.435206075331));
#1402 = CARTESIAN_POINT('',(4.484331235506,17.566382214592,
    -3.380302830437));
#1403 = CARTESIAN_POINT('',(4.5,17.783191439466,-3.323995610267));
#1404 = CARTESIAN_POINT('',(4.5,18.,-3.266829426889));
#1405 = FACE_BOUND('',#1406,.F.);
#1406 = EDGE_LOOP('',(#1407,#1441,#1476,#1485,#1496,#1545,#1554,#1597,
    #1608,#1617,#1648,#1680,#1689,#1721,#1730,#1762));
#1407 = ORIENTED_EDGE('',*,*,#1408,.F.);
#1408 = EDGE_CURVE('',#1409,#1411,#1413,.T.);
#1409 = VERTEX_POINT('',#1410);
#1410 = CARTESIAN_POINT('',(29.056070125285,27.50326907696,
    -2.253601698656E-02));
#1411 = VERTEX_POINT('',#1412);
#1412 = CARTESIAN_POINT('',(30.534470102425,25.395819171437,
    -0.874216265635));
#1413 = B_SPLINE_CURVE_WITH_KNOTS('',6,(#1414,#1415,#1416,#1417,#1418,
    #1419,#1420,#1421,#1422,#1423,#1424,#1425,#1426,#1427,#1428,#1429,
    #1430,#1431,#1432,#1433,#1434,#1435,#1436,#1437,#1438,#1439,#1440),
  .UNSPECIFIED.,.F.,.F.,(7,5,5,5,5,7),(0.,0.268313711913,0.514367989003,
    0.682580731081,0.811302027014,1.),.UNSPECIFIED.);
#1414 = CARTESIAN_POINT('',(27.94551753764,27.715290222775,
    6.755288865707E-02));
#1415 = CARTESIAN_POINT('',(28.101838267939,27.71884272701,
    6.906921354967E-02));
#1416 = CARTESIAN_POINT('',(28.258294953724,27.711582701229,
    6.59706750902E-02));
#1417 = CARTESIAN_POINT('',(28.41433680167,27.693521183665,
    5.825882596632E-02));
#1418 = CARTESIAN_POINT('',(28.569357324519,27.664552080128,
    4.590122871614E-02));
#1419 = CARTESIAN_POINT('',(28.72269338548,27.624507380506,
    2.885477786489E-02));
#1420 = CARTESIAN_POINT('',(29.012004921392,27.525939692945,
    -1.296230285498E-02));
#1421 = CARTESIAN_POINT('',(29.148324338346,27.469239038876,
    -3.696896498516E-02));
#1422 = CARTESIAN_POINT('',(29.282021798847,27.402764371143,
    -6.503708908766E-02));
#1423 = CARTESIAN_POINT('',(29.412369295134,27.326231111744,
    -9.723679831592E-02));
#1424 = CARTESIAN_POINT('',(29.538472675509,27.239357995185,
    -0.133620645886));
#1425 = CARTESIAN_POINT('',(29.74180972347,27.075147799869,
    -0.202006016244));
#1426 = CARTESIAN_POINT('',(29.821864817985,27.003502954363,
    -0.231746439554));
#1427 = CARTESIAN_POINT('',(29.899059758554,26.926796403839,
    -0.263472225996));
#1428 = CARTESIAN_POINT('',(29.972958350947,26.844962579381,
    -0.297179641305));
#1429 = CARTESIAN_POINT('',(30.043051717177,26.757987428672,
    -0.332840082399));
#1430 = CARTESIAN_POINT('',(30.159061980496,26.595487165475,
    -0.399127291833));
#1431 = CARTESIAN_POINT('',(30.206786963524,26.522073772098,
    -0.428967857077));
#1432 = CARTESIAN_POINT('',(30.251688677883,26.44572605012,
    -0.459882635883));
#1433 = CARTESIAN_POINT('',(30.293477380627,26.366521576155,
    -0.491822469231));
#1434 = CARTESIAN_POINT('',(30.331849167677,26.284596322503,
    -0.524714911735));
#1435 = CARTESIAN_POINT('',(30.417305746618,26.076382378366,
    -0.607926732171));
#1436 = CARTESIAN_POINT('',(30.460148706356,25.947140252134,
    -0.659252560702));
#1437 = CARTESIAN_POINT('',(30.494014463227,25.813226268253,
    -0.712067560773));
#1438 = CARTESIAN_POINT('',(30.518026054995,25.675712351695,
    -0.765900803011));
#1439 = CARTESIAN_POINT('',(30.531543213164,25.53598646597,
    -0.820178988723));
#1440 = CARTESIAN_POINT('',(30.534470102425,25.395819171437,
    -0.874216265635));
#1441 = ORIENTED_EDGE('',*,*,#1442,.F.);
#1442 = EDGE_CURVE('',#1443,#1409,#1445,.T.);
#1443 = VERTEX_POINT('',#1444);
#1444 = CARTESIAN_POINT('',(27.46404691574,26.864594961608,
    -0.289000126735));
#1445 = B_SPLINE_CURVE_WITH_KNOTS('',8,(#1446,#1447,#1448,#1449,#1450,
    #1451,#1452,#1453,#1454,#1455,#1456,#1457,#1458,#1459,#1460,#1461,
    #1462,#1463,#1464,#1465,#1466,#1467,#1468,#1469,#1470,#1471,#1472,
    #1473,#1474,#1475),.UNSPECIFIED.,.F.,.F.,(9,7,7,7,9),(0.,
    0.111363280108,0.491831346645,0.727713587884,1.),.UNSPECIFIED.);
#1446 = CARTESIAN_POINT('',(27.46404691574,26.864594961608,
    -0.289000126735));
#1447 = CARTESIAN_POINT('',(27.516632708508,26.846429617257,
    -0.296474657167));
#1448 = CARTESIAN_POINT('',(27.569872196624,26.830881782691,
    -0.302865404945));
#1449 = CARTESIAN_POINT('',(27.623644443118,26.817927741059,
    -0.308185527292));
#1450 = CARTESIAN_POINT('',(27.677834761431,26.807548039179,
    -0.312445706215));
#1451 = CARTESIAN_POINT('',(27.732333998978,26.799727644644,
    -0.31565410884));
#1452 = CARTESIAN_POINT('',(27.787037820714,26.794456102929,
    -0.317816347746));
#1453 = CARTESIAN_POINT('',(27.841845992699,26.791727694494,
    -0.318935441299));
#1454 = CARTESIAN_POINT('',(28.083937157998,26.790905780008,
    -0.319272561465));
#1455 = CARTESIAN_POINT('',(28.273150032172,26.819939968011,
    -0.307363818268));
#1456 = CARTESIAN_POINT('',(28.459573825419,26.879664855439,
    -0.282867777572));
#1457 = CARTESIAN_POINT('',(28.63774148626,26.971141516071,
    -0.245264234196));
#1458 = CARTESIAN_POINT('',(28.801061141476,27.095044859829,
    -0.194081943806));
#1459 = CARTESIAN_POINT('',(28.941424845598,27.25112408301,
    -0.129120439317));
#1460 = CARTESIAN_POINT('',(29.048922501974,27.437878112744,
    -5.056544145891E-02));
#1461 = CARTESIAN_POINT('',(29.148030918522,27.781743051116,
    9.579975634104E-02));
#1462 = CARTESIAN_POINT('',(29.16709380535,27.919461659189,
    0.154779302978));
#1463 = CARTESIAN_POINT('',(29.165353107162,28.059470587647,
    0.215152904053));
#1464 = CARTESIAN_POINT('',(29.142417854213,28.197562564239,
    0.275136958269));
#1465 = CARTESIAN_POINT('',(29.099386012131,28.329603821447,
    0.332898583262));
#1466 = CARTESIAN_POINT('',(29.03879401659,28.451915582665,
    0.386735745845));
#1467 = CARTESIAN_POINT('',(28.964571045152,28.561630754035,
    0.435271590836));
#1468 = CARTESIAN_POINT('',(28.786677531916,28.767242709385,
    0.526592467981));
#1469 = CARTESIAN_POINT('',(28.678037905438,28.86092677271,
    0.568458900082));
#1470 = CARTESIAN_POINT('',(28.559679122385,28.938180737352,
    0.603151291706));
#1471 = CARTESIAN_POINT('',(28.434366989295,28.999335767524,
    0.630711075303));
#1472 = CARTESIAN_POINT('',(28.304309672926,29.04479530369,
    0.651244536669));
#1473 = CARTESIAN_POINT('',(28.171331823029,29.074922918884,
    0.664868634609));
#1474 = CARTESIAN_POINT('',(28.036999338735,29.089966719712,
    0.671671588281));
#1475 = CARTESIAN_POINT('',(27.902749601251,29.089966719712,
    0.671671588281));
#1476 = ORIENTED_EDGE('',*,*,#1477,.T.);
#1477 = EDGE_CURVE('',#1443,#1478,#1480,.T.);
#1478 = VERTEX_POINT('',#1479);
#1479 = CARTESIAN_POINT('',(27.83787635536,9.403954194108,
    -4.970891415753));
#1480 = ELLIPSE('',#1481,70.619078594728,70.6);
#1481 = AXIS2_PLACEMENT_3D('',#1482,#1483,#1484);
#1482 = CARTESIAN_POINT('',(28.394972665738,0.,65.));
#1483 = DIRECTION('',(-0.999729837954,-2.271960012248E-02,
    4.90620768569E-03));
#1484 = DIRECTION('',(2.324330233811E-02,-0.977204607953,0.211023465738)
  );
#1485 = ORIENTED_EDGE('',*,*,#1486,.F.);
#1486 = EDGE_CURVE('',#1487,#1478,#1489,.T.);
#1487 = VERTEX_POINT('',#1488);
#1488 = CARTESIAN_POINT('',(28.32026368018,9.502494066128,
    -4.957577191632));
#1489 = B_SPLINE_CURVE_WITH_KNOTS('',5,(#1490,#1491,#1492,#1493,#1494,
    #1495),.UNSPECIFIED.,.F.,.F.,(6,6),(0.,1.),
  .PIECEWISE_BEZIER_KNOTS.);
#1490 = CARTESIAN_POINT('',(28.32026368018,9.502494066128,
    -4.957577191632));
#1491 = CARTESIAN_POINT('',(28.222079376802,9.502494066128,
    -4.957577191632));
#1492 = CARTESIAN_POINT('',(28.123885760012,9.492697848852,
    -4.958907845042));
#1493 = CARTESIAN_POINT('',(28.02651817546,9.473090885494,
    -4.961571051834));
#1494 = CARTESIAN_POINT('',(27.930834682814,9.44356381435,
    -4.965567958429));
#1495 = CARTESIAN_POINT('',(27.83787635536,9.403954194108,
    -4.970891415753));
#1496 = ORIENTED_EDGE('',*,*,#1497,.F.);
#1497 = EDGE_CURVE('',#1498,#1487,#1500,.T.);
#1498 = VERTEX_POINT('',#1499);
#1499 = CARTESIAN_POINT('',(27.151516828181,8.67462407575,
    -5.065047613945));
#1500 = B_SPLINE_CURVE_WITH_KNOTS('',8,(#1501,#1502,#1503,#1504,#1505,
    #1506,#1507,#1508,#1509,#1510,#1511,#1512,#1513,#1514,#1515,#1516,
    #1517,#1518,#1519,#1520,#1521,#1522,#1523,#1524,#1525,#1526,#1527,
    #1528,#1529,#1530,#1531,#1532,#1533,#1534,#1535,#1536,#1537,#1538,
    #1539,#1540,#1541,#1542,#1543,#1544),.UNSPECIFIED.,.F.,.F.,(9,7,7,7,
    7,7,9),(0.,0.132294674444,0.273000429851,0.516516138154,
    0.661199340984,0.810463174509,1.),.UNSPECIFIED.);
#1501 = CARTESIAN_POINT('',(27.151516828181,8.67462407575,
    -5.065047613945));
#1502 = CARTESIAN_POINT('',(27.112146751095,8.566111951284,
    -5.078482299562));
#1503 = CARTESIAN_POINT('',(27.083128013184,8.451414442159,
    -5.092487763208));
#1504 = CARTESIAN_POINT('',(27.06593322465,8.332438433836,
    -5.106789259349));
#1505 = CARTESIAN_POINT('',(27.061406242019,8.211381619194,
    -5.121091796902));
#1506 = CARTESIAN_POINT('',(27.069761914452,8.090584823379,
    -5.135108947998));
#1507 = CARTESIAN_POINT('',(27.090585718188,7.972382836364,
    -5.148583884567));
#1508 = CARTESIAN_POINT('',(27.122833279119,7.858953753217,
    -5.16130264271));
#1509 = CARTESIAN_POINT('',(27.209496357553,7.638590550938,
    -5.185646619461));
#1510 = CARTESIAN_POINT('',(27.265156193224,7.532614643175,
    -5.197141339704));
#1511 = CARTESIAN_POINT('',(27.330311849175,7.435081563163,
    -5.207540695347));
#1512 = CARTESIAN_POINT('',(27.403543010976,7.346619228826,
    -5.216829307884));
#1513 = CARTESIAN_POINT('',(27.483490666345,7.267669830732,
    -5.225010353693));
#1514 = CARTESIAN_POINT('',(27.568845866003,7.198509373635,
    -5.232099182346));
#1515 = CARTESIAN_POINT('',(27.658343070115,7.139257940454,
    -5.238119700146));
#1516 = CARTESIAN_POINT('',(27.91069828044,7.004424765079,
    -5.251728881362));
#1517 = CARTESIAN_POINT('',(28.080749515129,6.947810528415,
    -5.257323130554));
#1518 = CARTESIAN_POINT('',(28.256398967205,6.919899951791,
    -5.260042011913));
#1519 = CARTESIAN_POINT('',(28.43390448493,6.920561292227,
    -5.259972520024));
#1520 = CARTESIAN_POINT('',(28.609784055554,6.949759989274,
    -5.257125151756));
#1521 = CARTESIAN_POINT('',(28.780530276862,7.007666484128,
    -5.251427574825));
#1522 = CARTESIAN_POINT('',(28.942253446928,7.0947432104,-5.242710913152
    ));
#1523 = CARTESIAN_POINT('',(29.17716767028,7.281152154413,
    -5.223569412411));
#1524 = CARTESIAN_POINT('',(29.260253110774,7.361645193534,
    -5.215224487645));
#1525 = CARTESIAN_POINT('',(29.33682554126,7.452916784614,
    -5.205649583202));
#1526 = CARTESIAN_POINT('',(29.404970352677,7.554322160189,
    -5.194857915257));
#1527 = CARTESIAN_POINT('',(29.462926160032,7.664869315464,
    -5.182896056888));
#1528 = CARTESIAN_POINT('',(29.509103926456,7.78326567949,
    -5.169846956027));
#1529 = CARTESIAN_POINT('',(29.542102408901,7.907953095863,
    -5.155834995316));
#1530 = CARTESIAN_POINT('',(29.57992686756,8.170398870808,
    -5.125762568233));
#1531 = CARTESIAN_POINT('',(29.583507570246,8.306225083253,
    -5.109905678741));
#1532 = CARTESIAN_POINT('',(29.570945523501,8.441738864382,
    -5.093771571643));
#1533 = CARTESIAN_POINT('',(29.542514252804,8.574004579891,
    -5.077711063942));
#1534 = CARTESIAN_POINT('',(29.499240415242,8.700229490056,
    -5.062098800869));
#1535 = CARTESIAN_POINT('',(29.442871564012,8.817945605644,
    -5.047301296077));
#1536 = CARTESIAN_POINT('',(29.375845883532,8.925186988621,
    -5.033636976814));
#1537 = CARTESIAN_POINT('',(29.206552758467,9.141946520959,
    -5.005712356346));
#1538 = CARTESIAN_POINT('',(29.098496120649,9.245757646039,
    -4.992094613519));
#1539 = CARTESIAN_POINT('',(28.980408864668,9.331899767104,
    -4.98063189275));
#1540 = CARTESIAN_POINT('',(28.854953090047,9.400445846833,
    -4.971415174044));
#1541 = CARTESIAN_POINT('',(28.724360872825,9.451589056752,
    -4.964491766109));
#1542 = CARTESIAN_POINT('',(28.590571388232,9.485546345341,
    -4.959879227511));
#1543 = CARTESIAN_POINT('',(28.455325507773,9.502494066128,
    -4.957577191632));
#1544 = CARTESIAN_POINT('',(28.32026368018,9.502494066128,
    -4.957577191632));
#1545 = ORIENTED_EDGE('',*,*,#1546,.T.);
#1546 = EDGE_CURVE('',#1498,#1547,#1549,.T.);
#1547 = VERTEX_POINT('',#1548);
#1548 = CARTESIAN_POINT('',(11.698733229518,8.366047484357,
    -5.102562360369));
#1549 = ELLIPSE('',#1550,3.612578914015E+03,70.6);
#1550 = AXIS2_PLACEMENT_3D('',#1551,#1552,#1553);
#1551 = CARTESIAN_POINT('',(872.75467143213,0.,65.));
#1552 = DIRECTION('',(-1.954282568779E-02,0.935897195724,0.351730745032)
  );
#1553 = DIRECTION('',(0.999809020746,1.829356944998E-02,
    6.875125645561E-03));
#1554 = ORIENTED_EDGE('',*,*,#1555,.F.);
#1555 = EDGE_CURVE('',#1556,#1547,#1558,.T.);
#1556 = VERTEX_POINT('',#1557);
#1557 = CARTESIAN_POINT('',(10.543261356606,9.148990022251,
    -5.004685425854));
#1558 = B_SPLINE_CURVE_WITH_KNOTS('',7,(#1559,#1560,#1561,#1562,#1563,
    #1564,#1565,#1566,#1567,#1568,#1569,#1570,#1571,#1572,#1573,#1574,
    #1575,#1576,#1577,#1578,#1579,#1580,#1581,#1582,#1583,#1584,#1585,
    #1586,#1587,#1588,#1589,#1590,#1591,#1592,#1593,#1594,#1595,#1596),
  .UNSPECIFIED.,.F.,.F.,(8,6,6,6,6,6,8),(0.,0.159111401193,
    0.298368099872,0.516081291522,0.711069959094,0.852483137134,1.),
  .UNSPECIFIED.);
#1559 = CARTESIAN_POINT('',(10.543261356606,9.148990022251,
    -5.004685425854));
#1560 = CARTESIAN_POINT('',(10.4109245038,9.148990022251,-5.004685425854
    ));
#1561 = CARTESIAN_POINT('',(10.27847513046,9.132349545032,
    -5.006860184879));
#1562 = CARTESIAN_POINT('',(10.147551540316,9.098994816991,
    -5.011219369149));
#1563 = CARTESIAN_POINT('',(10.019891852267,9.048713053079,
    -5.017765356102));
#1564 = CARTESIAN_POINT('',(9.897467865791,8.981232822884,
    -5.026482506494));
#1565 = CARTESIAN_POINT('',(9.782621298302,8.896297101846,
    -5.037322654588));
#1566 = CARTESIAN_POINT('',(9.587047779872,8.70413325418,-5.061446138638
    ));
#1567 = CARTESIAN_POINT('',(9.502901011816,8.600075456165,
    -5.074372879973));
#1568 = CARTESIAN_POINT('',(9.42963532557,8.482510352335,-5.088781606317
    ));
#1569 = CARTESIAN_POINT('',(9.370398780136,8.353278807528,
    -5.104349579969));
#1570 = CARTESIAN_POINT('',(9.327665244104,8.21494684132,-5.120678871285
    ));
#1571 = CARTESIAN_POINT('',(9.303167809021,8.070585736294,
    -5.137347615568));
#1572 = CARTESIAN_POINT('',(9.289509560883,7.693766589318,
    -5.179907710525));
#1573 = CARTESIAN_POINT('',(9.328450662563,7.469059800065,
    -5.204397799436));
#1574 = CARTESIAN_POINT('',(9.409631018172,7.260467670441,
    -5.226251001466));
#1575 = CARTESIAN_POINT('',(9.526095363225,7.076756554392,
    -5.244802036189));
#1576 = CARTESIAN_POINT('',(9.669047969795,6.924371856509,
    -5.259786056016));
#1577 = CARTESIAN_POINT('',(9.828180332389,6.806636309887,
    -5.271166755093));
#1578 = CARTESIAN_POINT('',(10.139099330489,6.64679675987,
    -5.286455652259));
#1579 = CARTESIAN_POINT('',(10.294337913667,6.595809106943,
    -5.291237158375));
#1580 = CARTESIAN_POINT('',(10.454224859946,6.56932205814,
    -5.293691370912));
#1581 = CARTESIAN_POINT('',(10.615647508196,6.567213945868,
    -5.293886902759));
#1582 = CARTESIAN_POINT('',(10.775767319573,6.589425168246,
    -5.291831066389));
#1583 = CARTESIAN_POINT('',(10.931759760813,6.636109033053,
    -5.28746147375));
#1584 = CARTESIAN_POINT('',(11.187868786865,6.75975853754,
    -5.275660017475));
#1585 = CARTESIAN_POINT('',(11.291982448727,6.82508358856,
    -5.269379967088));
#1586 = CARTESIAN_POINT('',(11.390636329631,6.903869343585,
    -5.261728017492));
#1587 = CARTESIAN_POINT('',(11.481821390523,6.995942130629,
    -5.252662341978));
#1588 = CARTESIAN_POINT('',(11.56342321712,7.100832804132,
    -5.242153844868));
#1589 = CARTESIAN_POINT('',(11.633193488238,7.217733186896,
    -5.230198697589));
#1590 = CARTESIAN_POINT('',(11.746606762487,7.478611061388,
    -5.202908141362));
#1591 = CARTESIAN_POINT('',(11.789003000993,7.623565713036,
    -5.187446319121));
#1592 = CARTESIAN_POINT('',(11.812011340882,7.776357794116,-5.1707720228
    ));
#1593 = CARTESIAN_POINT('',(11.813650037931,7.932028127925,
    -5.153347436132));
#1594 = CARTESIAN_POINT('',(11.793823079439,8.085324393561,
    -5.135757399454));
#1595 = CARTESIAN_POINT('',(11.754305836659,8.231310118749,
    -5.118641932366));
#1596 = CARTESIAN_POINT('',(11.698733229518,8.366047484357,
    -5.102562360369));
#1597 = ORIENTED_EDGE('',*,*,#1598,.F.);
#1598 = EDGE_CURVE('',#1599,#1556,#1601,.T.);
#1599 = VERTEX_POINT('',#1600);
#1600 = CARTESIAN_POINT('',(10.980724506548,9.068585661157,
    -5.015146604904));
#1601 = B_SPLINE_CURVE_WITH_KNOTS('',5,(#1602,#1603,#1604,#1605,#1606,
    #1607),.UNSPECIFIED.,.F.,.F.,(6,6),(0.,1.),
  .PIECEWISE_BEZIER_KNOTS.);
#1602 = CARTESIAN_POINT('',(10.980724506548,9.068585661157,
    -5.015146604904));
#1603 = CARTESIAN_POINT('',(10.89580342614,9.100842746755,
    -5.010968564036));
#1604 = CARTESIAN_POINT('',(10.808913265068,9.124938330208,
    -5.007828745101));
#1605 = CARTESIAN_POINT('',(10.720770831167,9.140970405733,
    -5.005733525152));
#1606 = CARTESIAN_POINT('',(10.632018671865,9.148990022251,
    -5.004685425854));
#1607 = CARTESIAN_POINT('',(10.543261356606,9.148990022251,
    -5.004685425854));
#1608 = ORIENTED_EDGE('',*,*,#1609,.F.);
#1609 = EDGE_CURVE('',#1610,#1599,#1612,.T.);
#1610 = VERTEX_POINT('',#1611);
#1611 = CARTESIAN_POINT('',(10.605813358475,26.559447123543,
    -0.413727676167));
#1612 = ELLIPSE('',#1613,70.619078594728,70.6);
#1613 = AXIS2_PLACEMENT_3D('',#1614,#1615,#1616);
#1614 = CARTESIAN_POINT('',(11.530416502748,0.,65.));
#1615 = DIRECTION('',(-0.999729837954,-2.271960012248E-02,
    4.90620768569E-03));
#1616 = DIRECTION('',(2.324330233811E-02,-0.977204607953,0.211023465738)
  );
#1617 = ORIENTED_EDGE('',*,*,#1618,.F.);
#1618 = EDGE_CURVE('',#1619,#1610,#1621,.T.);
#1619 = VERTEX_POINT('',#1620);
#1620 = CARTESIAN_POINT('',(9.047109717509,27.038099722457,
    -0.217337904873));
#1621 = B_SPLINE_CURVE_WITH_KNOTS('',7,(#1622,#1623,#1624,#1625,#1626,
    #1627,#1628,#1629,#1630,#1631,#1632,#1633,#1634,#1635,#1636,#1637,
    #1638,#1639,#1640,#1641,#1642,#1643,#1644,#1645,#1646,#1647),
  .UNSPECIFIED.,.F.,.F.,(8,6,6,6,8),(0.,0.229714842005,0.439379864075,
    0.731718674546,1.),.UNSPECIFIED.);
#1622 = CARTESIAN_POINT('',(10.124462538032,28.772355641959,
    0.528986739678));
#1623 = CARTESIAN_POINT('',(9.992392409403,28.772355641959,
    0.528986739678));
#1624 = CARTESIAN_POINT('',(9.860303768868,28.757464516731,
    0.522341079294));
#1625 = CARTESIAN_POINT('',(9.729654067979,28.727678514023,0.50904805142
    ));
#1626 = CARTESIAN_POINT('',(9.602007668147,28.682755661453,
    0.489025764043));
#1627 = CARTESIAN_POINT('',(9.479214716637,28.622313608433,
    0.462155331938));
#1628 = CARTESIAN_POINT('',(9.363589318917,28.545910852829,
    0.428324869046));
#1629 = CARTESIAN_POINT('',(9.162082810589,28.368637220363,
    0.350259352639));
#1630 = CARTESIAN_POINT('',(9.072833748866,28.269030486068,
    0.306550375243));
#1631 = CARTESIAN_POINT('',(8.995463545649,28.155152229164,
    0.256807745489));
#1632 = CARTESIAN_POINT('',(8.934124844575,28.028974904871,
    0.202019873073));
#1633 = CARTESIAN_POINT('',(8.892058897846,27.893375149537,
    0.143551292251));
#1634 = CARTESIAN_POINT('',(8.871513393149,27.751856588676,
    8.298545211063E-02));
#1635 = CARTESIAN_POINT('',(8.876676735693,27.408186522978,
    -6.303555817097E-02));
#1636 = CARTESIAN_POINT('',(8.923636199804,27.216152333159,
    -0.143779442734));
#1637 = CARTESIAN_POINT('',(9.008254023016,27.040543412308,
    -0.216823816724));
#1638 = CARTESIAN_POINT('',(9.123317761661,26.887417283703,
    -0.279925917319));
#1639 = CARTESIAN_POINT('',(9.260567765661,26.760929996244,
    -0.331709409708));
#1640 = CARTESIAN_POINT('',(9.410880487512,26.662837080978,
    -0.37169890764));
#1641 = CARTESIAN_POINT('',(9.705661064024,26.526391691752,
    -0.427177167474));
#1642 = CARTESIAN_POINT('',(9.853785319334,26.481845814415,
    -0.445200753301));
#1643 = CARTESIAN_POINT('',(10.005792267279,26.457520385699,
    -0.45501566893));
#1644 = CARTESIAN_POINT('',(10.159222640465,26.453045438266,
    -0.456820862042));
#1645 = CARTESIAN_POINT('',(10.311915284703,26.468309386794,
    -0.450666739946));
#1646 = CARTESIAN_POINT('',(10.461697974033,26.503550108819,
    -0.436423123432));
#1647 = CARTESIAN_POINT('',(10.605813358475,26.559447123543,
    -0.413727676167));
#1648 = ORIENTED_EDGE('',*,*,#1649,.F.);
#1649 = EDGE_CURVE('',#1650,#1619,#1652,.T.);
#1650 = VERTEX_POINT('',#1651);
#1651 = CARTESIAN_POINT('',(7.68064600592,24.876449154127,-1.07209908488
    ));
#1652 = B_SPLINE_CURVE_WITH_KNOTS('',6,(#1653,#1654,#1655,#1656,#1657,
    #1658,#1659,#1660,#1661,#1662,#1663,#1664,#1665,#1666,#1667,#1668,
    #1669,#1670,#1671,#1672,#1673,#1674,#1675,#1676,#1677,#1678,#1679),
  .UNSPECIFIED.,.F.,.F.,(7,5,5,5,5,7),(0.,0.203967769716,0.333249941118,
    0.502313906947,0.744236552163,1.),.UNSPECIFIED.);
#1653 = CARTESIAN_POINT('',(7.68064600592,24.876449154127,-1.07209908488
    ));
#1654 = CARTESIAN_POINT('',(7.677494259067,25.027385173201,
    -1.015270979582));
#1655 = CARTESIAN_POINT('',(7.686625685865,25.178687366783,
    -0.957832613058));
#1656 = CARTESIAN_POINT('',(7.708111469442,25.32807501591,
    -0.900636429889));
#1657 = CARTESIAN_POINT('',(7.741234372304,25.473735858776,
    -0.844406594261));
#1658 = CARTESIAN_POINT('',(7.784931040137,25.614256678725,
    -0.789745907847));
#1659 = CARTESIAN_POINT('',(7.871492518729,25.833723888236,
    -0.703782776818));
#1660 = CARTESIAN_POINT('',(7.908821232296,25.916420706945,
    -0.671238603979));
#1661 = CARTESIAN_POINT('',(7.949598199893,25.996456199733,
    -0.639600377224));
#1662 = CARTESIAN_POINT('',(7.993519257365,26.073688353119,
    -0.608941516932));
#1663 = CARTESIAN_POINT('',(8.040294001176,26.148034621104,
    -0.579312306567));
#1664 = CARTESIAN_POINT('',(8.154226298914,26.312855015221,
    -0.51338626526));
#1665 = CARTESIAN_POINT('',(8.223219232449,26.401241582164,
    -0.477847495981));
#1666 = CARTESIAN_POINT('',(8.296071998573,26.484547304531,
    -0.444192695743));
#1667 = CARTESIAN_POINT('',(8.372273425313,26.562779563031,
    -0.412453192911));
#1668 = CARTESIAN_POINT('',(8.45138560143,26.635998838261,-0.38263537935
    ));
#1669 = CARTESIAN_POINT('',(8.649925651598,26.802025758521,
    -0.314795881254));
#1670 = CARTESIAN_POINT('',(8.771998970215,26.889646921517,
    -0.278788753038));
#1671 = CARTESIAN_POINT('',(8.89825482497,26.967446661689,
    -0.246668850496));
#1672 = CARTESIAN_POINT('',(9.02785080645,27.035679541581,-0.21839397735
    ));
#1673 = CARTESIAN_POINT('',(9.160099790608,27.094604834352,
    -0.193905406064));
#1674 = CARTESIAN_POINT('',(9.436558745641,27.19710628074,
    -0.151213849438));
#1675 = CARTESIAN_POINT('',(9.580979723688,27.239596616451,
    -0.133456797409));
#1676 = CARTESIAN_POINT('',(9.727111783806,27.272149204523,
    -0.119822197856));
#1677 = CARTESIAN_POINT('',(9.874383763053,27.294909597377,
    -0.110277185546));
#1678 = CARTESIAN_POINT('',(10.02227613642,27.307971303128,
    -0.104797953906));
#1679 = CARTESIAN_POINT('',(10.17032101881,27.311335732597,
    -0.10338655171));
#1680 = ORIENTED_EDGE('',*,*,#1681,.T.);
#1681 = EDGE_CURVE('',#1650,#1682,#1684,.T.);
#1682 = VERTEX_POINT('',#1683);
#1683 = CARTESIAN_POINT('',(8.077756223896,5.85901813702,-5.356463146395
    ));
#1684 = ELLIPSE('',#1685,70.615390254313,70.6);
#1685 = AXIS2_PLACEMENT_3D('',#1686,#1687,#1688);
#1686 = CARTESIAN_POINT('',(8.200100612443,0.,65.));
#1687 = DIRECTION('',(-0.99978205524,-2.087682976357E-02,0.));
#1688 = DIRECTION('',(2.087682976357E-02,-0.99978205524,0.));
#1689 = ORIENTED_EDGE('',*,*,#1690,.F.);
#1690 = EDGE_CURVE('',#1691,#1682,#1693,.T.);
#1691 = VERTEX_POINT('',#1692);
#1692 = CARTESIAN_POINT('',(10.66670879128,3.539546961213,
    -5.511216180898));
#1693 = B_SPLINE_CURVE_WITH_KNOTS('',6,(#1694,#1695,#1696,#1697,#1698,
    #1699,#1700,#1701,#1702,#1703,#1704,#1705,#1706,#1707,#1708,#1709,
    #1710,#1711,#1712,#1713,#1714,#1715,#1716,#1717,#1718,#1719,#1720),
  .UNSPECIFIED.,.F.,.F.,(7,5,5,5,5,7),(0.,0.276829151422,0.524531415148,
    0.691035384294,0.815878681282,1.),.UNSPECIFIED.);
#1694 = CARTESIAN_POINT('',(10.66670879128,3.539546961213,
    -5.511216180898));
#1695 = CARTESIAN_POINT('',(10.506737730216,3.535911500511,
    -5.51139867504));
#1696 = CARTESIAN_POINT('',(10.346662653184,3.543600336568,
    -5.511012479931));
#1697 = CARTESIAN_POINT('',(10.187034109635,3.562590434103,
    -5.510061402009));
#1698 = CARTESIAN_POINT('',(10.028466615038,3.593006562964,
    -5.508528088886));
#1699 = CARTESIAN_POINT('',(9.871639562203,3.635053420487,
    -5.506377840272));
#1700 = CARTESIAN_POINT('',(9.579233466388,3.737468655042,
    -5.501018953928));
#1701 = CARTESIAN_POINT('',(9.443201581829,3.79542777678,-5.497946311729
    ));
#1702 = CARTESIAN_POINT('',(9.309744627907,3.863245231721,
    -5.494288229498));
#1703 = CARTESIAN_POINT('',(9.179584992199,3.941259426722,
    -5.489985916612));
#1704 = CARTESIAN_POINT('',(9.05362797439,4.02981488094,-5.484966680002)
  );
#1705 = CARTESIAN_POINT('',(8.851910065731,4.196211755239,
    -5.475217604271));
#1706 = CARTESIAN_POINT('',(8.773249578577,4.268033018787,
    -5.470933181901));
#1707 = CARTESIAN_POINT('',(8.697359871906,4.344903597355,
    -5.466255424153));
#1708 = CARTESIAN_POINT('',(8.624677620656,4.426912707008,
    -5.461154216551));
#1709 = CARTESIAN_POINT('',(8.555719279792,4.51409850603,-5.455599317829
    ));
#1710 = CARTESIAN_POINT('',(8.442593418513,4.675649992114,
    -5.445036090488));
#1711 = CARTESIAN_POINT('',(8.396545039427,4.747758433362,
    -5.440239205419));
#1712 = CARTESIAN_POINT('',(8.353171960954,4.822726306042,
    -5.435160613929));
#1713 = CARTESIAN_POINT('',(8.31275677751,4.900487857046,-5.429790922617
    ));
#1714 = CARTESIAN_POINT('',(8.275597981838,4.980919148603,
    -5.424124792966));
#1715 = CARTESIAN_POINT('',(8.192429570373,5.186088684542,
    -5.409370900524));
#1716 = CARTESIAN_POINT('',(8.150564464416,5.313804565336,
    -5.399930683738));
#1717 = CARTESIAN_POINT('',(8.117425018129,5.446194472161,-5.38985538776
    ));
#1718 = CARTESIAN_POINT('',(8.093903329418,5.582191828753,
    -5.379186188023));
#1719 = CARTESIAN_POINT('',(8.080650771352,5.720399304195,
    -5.368006794545));
#1720 = CARTESIAN_POINT('',(8.077756223896,5.85901813702,-5.356463146395
    ));
#1721 = ORIENTED_EDGE('',*,*,#1722,.T.);
#1722 = EDGE_CURVE('',#1691,#1723,#1725,.T.);
#1723 = VERTEX_POINT('',#1724);
#1724 = CARTESIAN_POINT('',(28.44190531011,3.943501451391,
    -5.489777956118));
#1725 = ELLIPSE('',#1726,3.107411658323E+03,70.6);
#1726 = AXIS2_PLACEMENT_3D('',#1727,#1728,#1729);
#1727 = CARTESIAN_POINT('',(-145.0838630008,0.,65.));
#1728 = DIRECTION('',(2.271987356773E-02,-0.999741870357,0.));
#1729 = DIRECTION('',(0.999741870357,2.271987356773E-02,0.));
#1730 = ORIENTED_EDGE('',*,*,#1731,.F.);
#1731 = EDGE_CURVE('',#1732,#1723,#1734,.T.);
#1732 = VERTEX_POINT('',#1733);
#1733 = CARTESIAN_POINT('',(30.931580320401,6.37838815433,-5.31128049291
    ));
#1734 = B_SPLINE_CURVE_WITH_KNOTS('',6,(#1735,#1736,#1737,#1738,#1739,
    #1740,#1741,#1742,#1743,#1744,#1745,#1746,#1747,#1748,#1749,#1750,
    #1751,#1752,#1753,#1754,#1755,#1756,#1757,#1758,#1759,#1760,#1761),
  .UNSPECIFIED.,.F.,.F.,(7,5,5,5,5,7),(0.,0.204473714725,0.331163728485,
    0.497981502093,0.742049039834,1.),.UNSPECIFIED.);
#1735 = CARTESIAN_POINT('',(30.931580320401,6.37838815433,-5.31128049291
    ));
#1736 = CARTESIAN_POINT('',(30.934772362251,6.225522832027,
    -5.325147888784));
#1737 = CARTESIAN_POINT('',(30.925368239763,6.072134359373,
    -5.338660662377));
#1738 = CARTESIAN_POINT('',(30.9032461275,5.920714577901,-5.351587825114
    ));
#1739 = CARTESIAN_POINT('',(30.869181026286,5.773227738708,
    -5.363790538534));
#1740 = CARTESIAN_POINT('',(30.82433671594,5.631189483515,
    -5.375195708021));
#1741 = CARTESIAN_POINT('',(30.736538787075,5.411772019194,
    -5.392327796084));
#1742 = CARTESIAN_POINT('',(30.699334424205,5.330299072455,
    -5.398568317244));
#1743 = CARTESIAN_POINT('',(30.658816885052,5.25150085663,
    -5.404492577885));
#1744 = CARTESIAN_POINT('',(30.615291760048,5.175507807408,
    -5.410104917956));
#1745 = CARTESIAN_POINT('',(30.569048392641,5.102390027447,
    -5.415414303241));
#1746 = CARTESIAN_POINT('',(30.456206616039,4.939717393043,
    -5.427038727477));
#1747 = CARTESIAN_POINT('',(30.387808846282,4.852303553115,
    -5.433138796662));
#1748 = CARTESIAN_POINT('',(30.315722221475,4.769973178416,
    -5.438759309426));
#1749 = CARTESIAN_POINT('',(30.240455367834,4.692693374143,
    -5.443930023979));
#1750 = CARTESIAN_POINT('',(30.162438663361,4.620380298142,
    -5.448681006326));
#1751 = CARTESIAN_POINT('',(29.964340587114,4.454225119865,
    -5.459418535282));
#1752 = CARTESIAN_POINT('',(29.841550832467,4.365954277417,
    -5.464956302237));
#1753 = CARTESIAN_POINT('',(29.714698821523,4.287735286163,
    -5.469743910546));
#1754 = CARTESIAN_POINT('',(29.584638650944,4.219250664354,
    -5.473852180181));
#1755 = CARTESIAN_POINT('',(29.452053642908,4.160186897046,
    -5.477339213295));
#1756 = CARTESIAN_POINT('',(29.175171180856,4.057566370256,
    -5.483323878644));
#1757 = CARTESIAN_POINT('',(29.030681250441,4.015099153888,
    -5.485753002262));
#1758 = CARTESIAN_POINT('',(28.884589321769,3.982598847483,
    -5.487588027322));
#1759 = CARTESIAN_POINT('',(28.737443397594,3.959890497607,
    -5.488860887614));
#1760 = CARTESIAN_POINT('',(28.589736161837,3.946861016855,
    -5.489590007572));
#1761 = CARTESIAN_POINT('',(28.44190531011,3.943501451391,
    -5.489777956118));
#1762 = ORIENTED_EDGE('',*,*,#1763,.T.);
#1763 = EDGE_CURVE('',#1732,#1411,#1764,.T.);
#1764 = ELLIPSE('',#1765,70.615390254313,70.6);
#1765 = AXIS2_PLACEMENT_3D('',#1766,#1767,#1768);
#1766 = CARTESIAN_POINT('',(31.06476987203,0.,65.));
#1767 = DIRECTION('',(0.99978205524,2.087682976357E-02,0.));
#1768 = DIRECTION('',(2.087682976357E-02,-0.99978205524,0.));
#1769 = FACE_BOUND('',#1770,.F.);
#1770 = EDGE_LOOP('',(#1771,#1795,#1804,#1825));
#1771 = ORIENTED_EDGE('',*,*,#1772,.F.);
#1772 = EDGE_CURVE('',#1773,#1775,#1777,.T.);
#1773 = VERTEX_POINT('',#1774);
#1774 = CARTESIAN_POINT('',(26.683470235023,27.686609264218,
    5.531840519546E-02));
#1775 = VERTEX_POINT('',#1776);
#1776 = CARTESIAN_POINT('',(26.748428395615,27.500355818924,
    -2.376819158166E-02));
#1777 = B_SPLINE_CURVE_WITH_KNOTS('',6,(#1778,#1779,#1780,#1781,#1782,
    #1783,#1784,#1785,#1786,#1787,#1788,#1789,#1790,#1791,#1792,#1793,
    #1794),.UNSPECIFIED.,.F.,.F.,(7,5,5,7),(0.,0.371393690444,
    0.698541518634,1.),.UNSPECIFIED.);
#1778 = CARTESIAN_POINT('',(27.902749601251,29.089966719712,
    0.671671588281));
#1779 = CARTESIAN_POINT('',(27.76951758815,29.089966719712,
    0.671671588281));
#1780 = CARTESIAN_POINT('',(27.636280840313,29.074408768066,
    0.664636087921));
#1781 = CARTESIAN_POINT('',(27.504704787882,29.043297672531,
    0.650567439975));
#1782 = CARTESIAN_POINT('',(27.376551165399,28.996332690208,
    0.629363023759));
#1783 = CARTESIAN_POINT('',(27.25400821905,28.933036296265,
    0.600876453298));
#1784 = CARTESIAN_POINT('',(27.039777847646,28.782374883963,
    0.533412740355));
#1785 = CARTESIAN_POINT('',(26.945423479744,28.698261353879,
    0.495859403071));
#1786 = CARTESIAN_POINT('',(26.860399337695,28.600682782306,
    0.45246780743));
#1787 = CARTESIAN_POINT('',(26.787985015131,28.490456920292,
    0.403708650412));
#1788 = CARTESIAN_POINT('',(26.731361957932,28.369041812366,
    0.350346438017));
#1789 = CARTESIAN_POINT('',(26.658869296345,28.118504049359,
    0.241009000202));
#1790 = CARTESIAN_POINT('',(26.640434245352,27.991720719319,
    0.185998042147));
#1791 = CARTESIAN_POINT('',(26.640816113932,27.862176553979,
    0.130165847897));
#1792 = CARTESIAN_POINT('',(26.660400555056,27.734363105477,
    7.547426254127E-02));
#1793 = CARTESIAN_POINT('',(26.697508245229,27.612625536363,
    2.371378713366E-02));
#1794 = CARTESIAN_POINT('',(26.748428395615,27.500355818924,
    -2.376819158182E-02));
#1795 = ORIENTED_EDGE('',*,*,#1796,.T.);
#1796 = EDGE_CURVE('',#1773,#1797,#1799,.T.);
#1797 = VERTEX_POINT('',#1798);
#1798 = CARTESIAN_POINT('',(11.334174352518,27.337785160572,
    -9.228450833795E-02));
#1799 = ELLIPSE('',#1800,3.107411658323E+03,70.6);
#1800 = AXIS2_PLACEMENT_3D('',#1801,#1802,#1803);
#1801 = CARTESIAN_POINT('',(-1.191609512212E+03,0.,65.));
#1802 = DIRECTION('',(-2.271987356774E-02,0.999741870357,0.));
#1803 = DIRECTION('',(0.999741870357,2.271987356774E-02,0.));
#1804 = ORIENTED_EDGE('',*,*,#1805,.F.);
#1805 = EDGE_CURVE('',#1806,#1797,#1808,.T.);
#1806 = VERTEX_POINT('',#1807);
#1807 = CARTESIAN_POINT('',(11.294574286233,27.221687080937,
    -0.140922256808));
#1808 = B_SPLINE_CURVE_WITH_KNOTS('',8,(#1809,#1810,#1811,#1812,#1813,
    #1814,#1815,#1816,#1817,#1818,#1819,#1820,#1821,#1822,#1823,#1824),
  .UNSPECIFIED.,.F.,.F.,(9,7,9),(0.,0.358713142491,1.),.UNSPECIFIED.);
#1809 = CARTESIAN_POINT('',(11.294574286233,27.221687080937,
    -0.140922256808));
#1810 = CARTESIAN_POINT('',(11.335511190912,27.322794855611,
    -9.867041099038E-02));
#1811 = CARTESIAN_POINT('',(11.365717197081,27.430260613318,
    -5.355092832134E-02));
#1812 = CARTESIAN_POINT('',(11.383266690083,27.542042508389,
    -6.370355330555E-03));
#1813 = CARTESIAN_POINT('',(11.387058772878,27.655757009197,
    4.19032564436E-02));
#1814 = CARTESIAN_POINT('',(11.376816458434,27.76887728483,
    9.020821907895E-02));
#1815 = CARTESIAN_POINT('',(11.3530856756,27.878914319093,0.137461917377
    ));
#1816 = CARTESIAN_POINT('',(11.317234488771,27.983593291748,
    0.182642861345));
#1817 = CARTESIAN_POINT('',(11.189607279951,28.255243431212,
    0.300407500008));
#1818 = CARTESIAN_POINT('',(11.076451504472,28.405417240002,
    0.366146315521));
#1819 = CARTESIAN_POINT('',(10.94110278638,28.529695259511,
    0.420990635488));
#1820 = CARTESIAN_POINT('',(10.790246775709,28.627976174513,
    0.464611034793));
#1821 = CARTESIAN_POINT('',(10.629220788635,28.700702648518,
    0.497009309479));
#1822 = CARTESIAN_POINT('',(10.462306648215,28.748594860694,
    0.518382666851));
#1823 = CARTESIAN_POINT('',(10.29301935494,28.772355641959,
    0.528986739678));
#1824 = CARTESIAN_POINT('',(10.124462538032,28.772355641959,
    0.528986739678));
#1825 = ORIENTED_EDGE('',*,*,#1826,.F.);
#1826 = EDGE_CURVE('',#1775,#1806,#1827,.T.);
#1827 = ELLIPSE('',#1828,3.612578914015E+03,70.6);
#1828 = AXIS2_PLACEMENT_3D('',#1829,#1830,#1831);
#1829 = CARTESIAN_POINT('',(-119.9369848269,0.,65.));
#1830 = DIRECTION('',(-1.954282568779E-02,0.935897195724,0.351730745032)
  );
#1831 = DIRECTION('',(0.999809020746,1.829356944998E-02,
    6.875125645561E-03));
#1832 = FACE_BOUND('',#1833,.F.);
#1833 = EDGE_LOOP('',(#1834,#1845,#1854,#1863));
#1834 = ORIENTED_EDGE('',*,*,#1835,.T.);
#1835 = EDGE_CURVE('',#1836,#1838,#1840,.T.);
#1836 = VERTEX_POINT('',#1837);
#1837 = CARTESIAN_POINT('',(85.31869567642,-6.622776553505,
    -5.288682095501));
#1838 = VERTEX_POINT('',#1839);
#1839 = CARTESIAN_POINT('',(56.32331479512,-6.490634218308,
    -5.301007584843));
#1840 = ELLIPSE('',#1841,1.549159204297E+04,70.6);
#1841 = AXIS2_PLACEMENT_3D('',#1842,#1843,#1844);
#1842 = CARTESIAN_POINT('',(-1.367886504419E+03,0.,65.));
#1843 = DIRECTION('',(4.557310817646E-03,0.999989615405,0.));
#1844 = DIRECTION('',(0.999989615405,-4.557310817646E-03,0.));
#1845 = ORIENTED_EDGE('',*,*,#1846,.T.);
#1846 = EDGE_CURVE('',#1838,#1847,#1849,.T.);
#1847 = VERTEX_POINT('',#1848);
#1848 = CARTESIAN_POINT('',(56.338808243299,-19.77902268541,
    -2.77278407746));
#1849 = ELLIPSE('',#1850,70.600047987276,70.6);
#1850 = AXIS2_PLACEMENT_3D('',#1851,#1852,#1853);
#1851 = CARTESIAN_POINT('',(56.315747112616,0.,65.));
#1852 = DIRECTION('',(-0.999999320294,-1.165938043274E-03,0.));
#1853 = DIRECTION('',(1.165938043274E-03,-0.999999320294,0.));
#1854 = ORIENTED_EDGE('',*,*,#1855,.T.);
#1855 = EDGE_CURVE('',#1847,#1856,#1858,.T.);
#1856 = VERTEX_POINT('',#1857);
#1857 = CARTESIAN_POINT('',(85.334189124599,-19.9111650206,
    -2.734079365723));
#1858 = ELLIPSE('',#1859,1.549159204297E+04,70.6);
#1859 = AXIS2_PLACEMENT_3D('',#1860,#1861,#1862);
#1860 = CARTESIAN_POINT('',(-4.283680575927E+03,0.,65.));
#1861 = DIRECTION('',(-4.557310817646E-03,-0.999989615405,0.));
#1862 = DIRECTION('',(0.999989615405,-4.557310817646E-03,0.));
#1863 = ORIENTED_EDGE('',*,*,#1864,.F.);
#1864 = EDGE_CURVE('',#1836,#1856,#1865,.T.);
#1865 = ELLIPSE('',#1866,70.600047987276,70.6);
#1866 = AXIS2_PLACEMENT_3D('',#1867,#1868,#1869);
#1867 = CARTESIAN_POINT('',(85.310973924036,0.,65.));
#1868 = DIRECTION('',(-0.999999320294,-1.165938043274E-03,0.));
#1869 = DIRECTION('',(1.165938043274E-03,-0.999999320294,0.));
#1870 = FACE_BOUND('',#1871,.F.);
#1871 = EDGE_LOOP('',(#1872));
#1872 = ORIENTED_EDGE('',*,*,#1873,.T.);
#1873 = EDGE_CURVE('',#1874,#1874,#1876,.T.);
#1874 = VERTEX_POINT('',#1875);
#1875 = CARTESIAN_POINT('',(97.5,-16.,-3.763071484628));
#1876 = B_SPLINE_CURVE_WITH_KNOTS('',7,(#1877,#1878,#1879,#1880,#1881,
    #1882,#1883,#1884,#1885,#1886,#1887,#1888,#1889,#1890,#1891,#1892,
    #1893,#1894,#1895,#1896,#1897,#1898,#1899,#1900,#1901,#1902,#1903,
    #1904,#1905,#1906,#1907,#1908,#1909,#1910,#1911,#1912,#1913,#1914,
    #1915,#1916,#1917,#1918,#1919,#1920,#1921,#1922,#1923,#1924,#1925,
    #1926,#1927,#1928,#1929,#1930,#1931,#1932,#1933,#1934,#1935,#1936,
    #1937,#1938),.UNSPECIFIED.,.T.,.F.,(8,6,6,6,6,6,6,6,6,6,8),(0.,
    8.866684426652E-02,0.16151948782,0.249261211223,0.359772594243,
    0.461657520711,0.547902368133,0.653566600863,0.813503372441,
    0.917328064608,1.),.UNSPECIFIED.);
#1877 = CARTESIAN_POINT('',(97.5,-16.,-3.763071484628));
#1878 = CARTESIAN_POINT('',(97.5,-15.67189748805,-3.839415372092));
#1879 = CARTESIAN_POINT('',(97.464116249564,-15.34585000988,
    -3.91335630884));
#1880 = CARTESIAN_POINT('',(97.393157785722,-15.02797163617,
    -3.983520936826));
#1881 = CARTESIAN_POINT('',(97.289620797248,-14.72412239967,
    -4.048819197793));
#1882 = CARTESIAN_POINT('',(97.157574698654,-14.43947490665,
    -4.108493738384));
#1883 = CARTESIAN_POINT('',(97.002568786825,-14.17812573469,
    -4.16211679867));
#1884 = CARTESIAN_POINT('',(96.691050588236,-13.74935771825,
    -4.248495156658));
#1885 = CARTESIAN_POINT('',(96.538561938332,-13.57188090972,
    -4.283593035916));
#1886 = CARTESIAN_POINT('',(96.376127729183,-13.4102762384,
    -4.315033338011));
#1887 = CARTESIAN_POINT('',(96.205496201638,-13.26436597833,
    -4.343021406898));
#1888 = CARTESIAN_POINT('',(96.02817482636,-13.13388236856,
    -4.367751727422));
#1889 = CARTESIAN_POINT('',(95.845472724095,-13.01850825535,
    -4.389400575208));
#1890 = CARTESIAN_POINT('',(95.433404062606,-12.79676465298,
    -4.430670459044));
#1891 = CARTESIAN_POINT('',(95.201908816992,-12.69693373527,
    -4.448995252818));
#1892 = CARTESIAN_POINT('',(94.965783432634,-12.61778623327,
    -4.463377405105));
#1893 = CARTESIAN_POINT('',(94.726421311595,-12.55880071568,
    -4.47402456649));
#1894 = CARTESIAN_POINT('',(94.484985098775,-12.51960373297,
    -4.481075991109));
#1895 = CARTESIAN_POINT('',(94.242509181911,-12.5,-4.484602610938));
#1896 = CARTESIAN_POINT('',(93.694557799313,-12.5,-4.484602610938));
#1897 = CARTESIAN_POINT('',(93.389215793377,-12.53109792208,
    -4.479008324051));
#1898 = CARTESIAN_POINT('',(93.085919425628,-12.59325985838,
    -4.467825282888));
#1899 = CARTESIAN_POINT('',(92.786748940694,-12.68699145435,
    -4.450873318997));
#1900 = CARTESIAN_POINT('',(92.494175790006,-12.81323934676,
    -4.427800002721));
#1901 = CARTESIAN_POINT('',(92.211397587724,-12.97325779696,
    -4.398083918697));
#1902 = CARTESIAN_POINT('',(91.695075999974,-13.34838738859,
    -4.326864216901));
#1903 = CARTESIAN_POINT('',(91.457365227676,-13.55971033282,
    -4.286179608715));
#1904 = CARTESIAN_POINT('',(91.235418235731,-13.80291337472,
    -4.238522358604));
#1905 = CARTESIAN_POINT('',(91.035181351528,-14.07746387656,
    -4.183535460319));
#1906 = CARTESIAN_POINT('',(90.862701242573,-14.38186735689,
    -4.120960225625));
#1907 = CARTESIAN_POINT('',(90.724179661479,-14.71359602605,
    -4.050722928581));
#1908 = CARTESIAN_POINT('',(90.543131653466,-15.36960874998,
    -3.907400814416));
#1909 = CARTESIAN_POINT('',(90.489915369458,-15.68438523185,
    -3.837027368171));
#1910 = CARTESIAN_POINT('',(90.470440139244,-16.0067582068,
    -3.763115523095));
#1911 = CARTESIAN_POINT('',(90.486194094724,-16.32950111719,
    -3.687152108357));
#1912 = CARTESIAN_POINT('',(90.536221557049,-16.64528074876,
    -3.610928020974));
#1913 = CARTESIAN_POINT('',(90.617144433868,-16.94728658354,
    -3.536372483249));
#1914 = CARTESIAN_POINT('',(90.853086587911,-17.57595220479,
    -3.378163949991));
#1915 = CARTESIAN_POINT('',(91.020896793905,-17.89341100609,
    -3.296102040072));
#1916 = CARTESIAN_POINT('',(91.219320570705,-18.17985040033,
    -3.220311539003));
#1917 = CARTESIAN_POINT('',(91.442118546783,-18.43419391876,
    -3.15171456538));
#1918 = CARTESIAN_POINT('',(91.683803693824,-18.65615645611,
    -3.090934611411));
#1919 = CARTESIAN_POINT('',(91.939493729548,-18.84602627553,
    -3.038330327028));
#1920 = CARTESIAN_POINT('',(92.606508118778,-19.24454882086,
    -2.926941850498));
#1921 = CARTESIAN_POINT('',(93.032808828549,-19.41424715869,
    -2.87844522811));
#1922 = CARTESIAN_POINT('',(93.47284032376,-19.51688049443,
    -2.848746913738));
#1923 = CARTESIAN_POINT('',(93.919181897082,-19.55455705772,
    -2.837808873501));
#1924 = CARTESIAN_POINT('',(94.365334252724,-19.52796099364,
    -2.845581057809));
#1925 = CARTESIAN_POINT('',(94.80499230549,-19.43625950192,
    -2.872080303236));
#1926 = CARTESIAN_POINT('',(95.505588127357,-19.17332149205,
    -2.946709400058));
#1927 = CARTESIAN_POINT('',(95.775269313802,-19.04121755501,
    -2.98400559502));
#1928 = CARTESIAN_POINT('',(96.03628992931,-18.87982948916,
    -3.029215937957));
#1929 = CARTESIAN_POINT('',(96.285566942906,-18.6884017137,
    -3.082271787073));
#1930 = CARTESIAN_POINT('',(96.519378954272,-18.46620647535,
    -3.142989543598));
#1931 = CARTESIAN_POINT('',(96.733131195607,-18.21275818579,
    -3.211011068573));
#1932 = CARTESIAN_POINT('',(97.070604768189,-17.70150757633,
    -3.34523781453));
#1933 = CARTESIAN_POINT('',(97.204822401404,-17.45355792788,
    -3.409397646639));
#1934 = CARTESIAN_POINT('',(97.318565586703,-17.1864921005,
    -3.477325585421));
#1935 = CARTESIAN_POINT('',(97.407648520006,-16.90346893633,
    -3.547886482548));
#1936 = CARTESIAN_POINT('',(97.468854576465,-16.60839046109,
    -3.619838528416));
#1937 = CARTESIAN_POINT('',(97.5,-16.30567250611,-3.691946678939));
#1938 = CARTESIAN_POINT('',(97.5,-16.,-3.763071484628));
#1939 = FACE_BOUND('',#1940,.F.);
#1940 = EDGE_LOOP('',(#1941,#1975,#2010,#2019,#2030,#2079,#2087,#2136,
    #2147,#2156,#2187,#2219,#2228,#2260,#2268,#2300));
#1941 = ORIENTED_EDGE('',*,*,#1942,.F.);
#1942 = EDGE_CURVE('',#1943,#1945,#1947,.T.);
#1943 = VERTEX_POINT('',#1944);
#1944 = CARTESIAN_POINT('',(84.709818606294,25.664137312607,
    -0.770145628542));
#1945 = VERTEX_POINT('',#1946);
#1946 = CARTESIAN_POINT('',(86.,23.586257539867,-1.543583126122));
#1947 = B_SPLINE_CURVE_WITH_KNOTS('',6,(#1948,#1949,#1950,#1951,#1952,
    #1953,#1954,#1955,#1956,#1957,#1958,#1959,#1960,#1961,#1962,#1963,
    #1964,#1965,#1966,#1967,#1968,#1969,#1970,#1971,#1972,#1973,#1974),
  .UNSPECIFIED.,.F.,.F.,(7,5,5,5,5,7),(0.,0.260824701054,0.507741509463,
    0.6762488844,0.804124980929,1.),.UNSPECIFIED.);
#1948 = CARTESIAN_POINT('',(83.46,25.973076796663,-0.648756893902));
#1949 = CARTESIAN_POINT('',(83.611226058069,25.973076796663,
    -0.648756893902));
#1950 = CARTESIAN_POINT('',(83.762435758461,25.962923935777,
    -0.652773739305));
#1951 = CARTESIAN_POINT('',(83.913136749594,25.942622581756,
    -0.660805713705));
#1952 = CARTESIAN_POINT('',(84.062784155465,25.912072749182,
    -0.67287872705));
#1953 = CARTESIAN_POINT('',(84.21078006785,25.871116114469,
    -0.689028225027));
#1954 = CARTESIAN_POINT('',(84.494370196351,25.770594008477,
    -0.728526859253));
#1955 = CARTESIAN_POINT('',(84.630164339734,25.712151438979,
    -0.75144059598));
#1956 = CARTESIAN_POINT('',(84.76330196211,25.643920643841,
    -0.778113237244));
#1957 = CARTESIAN_POINT('',(84.893056863061,25.565609574999,
    -0.808609098816));
#1958 = CARTESIAN_POINT('',(85.018532969793,25.476928701389,
    -0.842975681585));
#1959 = CARTESIAN_POINT('',(85.2205988935,25.309721187579,-0.90738423009
    ));
#1960 = CARTESIAN_POINT('',(85.300041051406,25.236927923618,
    -0.935328034829));
#1961 = CARTESIAN_POINT('',(85.376611011341,25.159067560307,
    -0.965101326728));
#1962 = CARTESIAN_POINT('',(85.449869818199,25.076071892218,
    -0.996699797301));
#1963 = CARTESIAN_POINT('',(85.519303802439,24.987925527713,
    -1.030095450441));
#1964 = CARTESIAN_POINT('',(85.633690697166,24.823934353044,
    -1.091890579168));
#1965 = CARTESIAN_POINT('',(85.680505067159,24.750254531137,
    -1.119550733878));
#1966 = CARTESIAN_POINT('',(85.72452679589,24.673684363101,
    -1.14818034795));
#1967 = CARTESIAN_POINT('',(85.765469609224,24.59430131259,
    -1.177733447121));
#1968 = CARTESIAN_POINT('',(85.803033101672,24.512241317755,
    -1.208142566044));
#1969 = CARTESIAN_POINT('',(85.888828122424,24.298239973406,
    -1.28706191765));
#1970 = CARTESIAN_POINT('',(85.932148868302,24.162884868635,
    -1.336633126188));
#1971 = CARTESIAN_POINT('',(85.965721651742,24.022573134774,
    -1.387629673638));
#1972 = CARTESIAN_POINT('',(85.988567624107,23.878552245071,
    -1.439546059437));
#1973 = CARTESIAN_POINT('',(86.,23.732432705982,-1.491771592207));
#1974 = CARTESIAN_POINT('',(86.,23.586257539867,-1.543583126122));
#1975 = ORIENTED_EDGE('',*,*,#1976,.F.);
#1976 = EDGE_CURVE('',#1977,#1943,#1979,.T.);
#1977 = VERTEX_POINT('',#1978);
#1978 = CARTESIAN_POINT('',(83.,24.557845179824,-1.191179473732));
#1979 = B_SPLINE_CURVE_WITH_KNOTS('',8,(#1980,#1981,#1982,#1983,#1984,
    #1985,#1986,#1987,#1988,#1989,#1990,#1991,#1992,#1993,#1994,#1995,
    #1996,#1997,#1998,#1999,#2000,#2001,#2002,#2003,#2004,#2005,#2006,
    #2007,#2008,#2009),.UNSPECIFIED.,.F.,.F.,(9,7,7,7,9),(0.,
    0.115969910696,0.494841931506,0.729209852587,1.),.UNSPECIFIED.);
#1980 = CARTESIAN_POINT('',(83.,24.557845179824,-1.191179473732));
#1981 = CARTESIAN_POINT('',(83.054808586579,24.537507630727,
    -1.198724986382));
#1982 = CARTESIAN_POINT('',(83.110378330728,24.52008791803,
    -1.205179821105));
#1983 = CARTESIAN_POINT('',(83.166567576557,24.505557402351,
    -1.210558672989));
#1984 = CARTESIAN_POINT('',(83.22324273323,24.493892477495,
    -1.214873506373));
#1985 = CARTESIAN_POINT('',(83.280277344717,24.48507482323,
    -1.218133493497));
#1986 = CARTESIAN_POINT('',(83.337551159534,24.479091658067,
    -1.220344953141));
#1987 = CARTESIAN_POINT('',(83.394949200492,24.475935992038,
    -1.221511289284));
#1988 = CARTESIAN_POINT('',(83.639923812148,24.474531673492,
    -1.222030327356));
#1989 = CARTESIAN_POINT('',(83.829460404867,24.503616772606,
    -1.211280471644));
#1990 = CARTESIAN_POINT('',(84.016250500806,24.56389226621,
    -1.189004399789));
#1991 = CARTESIAN_POINT('',(84.194825631798,24.656455259398,
    -1.154713309921));
#1992 = CARTESIAN_POINT('',(84.358573085165,24.782025189443,
    -1.107949521636));
#1993 = CARTESIAN_POINT('',(84.499335598336,24.9403854501,
    -1.048492987497));
#1994 = CARTESIAN_POINT('',(84.607119773991,25.130050207323,
    -0.976465472956));
#1995 = CARTESIAN_POINT('',(84.706194491712,25.479211857472,
    -0.842161299808));
#1996 = CARTESIAN_POINT('',(84.725166789367,25.61885366312,
    -0.788093788737));
#1997 = CARTESIAN_POINT('',(84.723316202737,25.760809880982,
    -0.73272325853));
#1998 = CARTESIAN_POINT('',(84.700260771896,25.900811745765,
    -0.677684837879));
#1999 = CARTESIAN_POINT('',(84.65711020993,26.034664783494,
    -0.624664476394));
#2000 = CARTESIAN_POINT('',(84.596415704033,26.158636319204,
    -0.575232253365));
#2001 = CARTESIAN_POINT('',(84.522124803476,26.269818226203,
    -0.530660878675));
#2002 = CARTESIAN_POINT('',(84.344119901965,26.478230095855,
    -0.446755726675));
#2003 = CARTESIAN_POINT('',(84.235397684695,26.573216747186,
    -0.408261645858));
#2004 = CARTESIAN_POINT('',(84.116981765495,26.651536509121,
    -0.376356524914));
#2005 = CARTESIAN_POINT('',(83.991637784551,26.713532648692,
    -0.351005995774));
#2006 = CARTESIAN_POINT('',(83.861568632692,26.759619512933,
    -0.332114778018));
#2007 = CARTESIAN_POINT('',(83.728590270648,26.790167637056,
    -0.319577371156));
#2008 = CARTESIAN_POINT('',(83.594258205186,26.805425858639,
    -0.313315216248));
#2009 = CARTESIAN_POINT('',(83.46,26.805425858639,-0.313315216248));
#2010 = ORIENTED_EDGE('',*,*,#2011,.F.);
#2011 = EDGE_CURVE('',#2012,#1977,#2014,.T.);
#2012 = VERTEX_POINT('',#2013);
#2013 = CARTESIAN_POINT('',(83.,9.482364976687,-4.960308421625));
#2014 = CIRCLE('',#2015,70.6);
#2015 = AXIS2_PLACEMENT_3D('',#2016,#2017,#2018);
#2016 = CARTESIAN_POINT('',(83.,0.,65.));
#2017 = DIRECTION('',(1.,0.,-0.));
#2018 = DIRECTION('',(0.,0.,1.));
#2019 = ORIENTED_EDGE('',*,*,#2020,.F.);
#2020 = EDGE_CURVE('',#2021,#2012,#2023,.T.);
#2021 = VERTEX_POINT('',#2022);
#2022 = CARTESIAN_POINT('',(83.46,9.57130376236,-4.948196147496));
#2023 = B_SPLINE_CURVE_WITH_KNOTS('',5,(#2024,#2025,#2026,#2027,#2028,
    #2029),.UNSPECIFIED.,.F.,.F.,(6,6),(0.,1.),
  .PIECEWISE_BEZIER_KNOTS.);
#2024 = CARTESIAN_POINT('',(83.46,9.57130376236,-4.948196147496));
#2025 = CARTESIAN_POINT('',(83.366534859783,9.57130376236,
    -4.948196147496));
#2026 = CARTESIAN_POINT('',(83.273072638884,9.562449093343,
    -4.949407778386));
#2027 = CARTESIAN_POINT('',(83.180310859003,9.544736584379,
    -4.951831412629));
#2028 = CARTESIAN_POINT('',(83.089001472371,9.518087702484,
    -4.95546659157));
#2029 = CARTESIAN_POINT('',(83.,9.482364976687,-4.960308421625));
#2030 = ORIENTED_EDGE('',*,*,#2031,.F.);
#2031 = EDGE_CURVE('',#2032,#2021,#2034,.T.);
#2032 = VERTEX_POINT('',#2033);
#2033 = CARTESIAN_POINT('',(82.297717762331,8.768863682097,
    -5.053315622637));
#2034 = B_SPLINE_CURVE_WITH_KNOTS('',8,(#2035,#2036,#2037,#2038,#2039,
    #2040,#2041,#2042,#2043,#2044,#2045,#2046,#2047,#2048,#2049,#2050,
    #2051,#2052,#2053,#2054,#2055,#2056,#2057,#2058,#2059,#2060,#2061,
    #2062,#2063,#2064,#2065,#2066,#2067,#2068,#2069,#2070,#2071,#2072,
    #2073,#2074,#2075,#2076,#2077,#2078),.UNSPECIFIED.,.F.,.F.,(9,7,7,7,
    7,7,9),(0.,0.141318982909,0.276134832083,0.483187607097,
    0.632653448598,0.769338156127,1.),.UNSPECIFIED.);
#2035 = CARTESIAN_POINT('',(82.297717762331,8.768863682097,
    -5.053315622637));
#2036 = CARTESIAN_POINT('',(82.25303626449,8.653956584126,
    -5.067699020043));
#2037 = CARTESIAN_POINT('',(82.219945938235,8.531504038393,
    -5.082808098531));
#2038 = CARTESIAN_POINT('',(82.200419397763,8.40381045365,
    -5.098304508242));
#2039 = CARTESIAN_POINT('',(82.195588910856,8.273597620972,
    -5.113816929567));
#2040 = CARTESIAN_POINT('',(82.205746934417,8.143782051907,
    -5.128985114731));
#2041 = CARTESIAN_POINT('',(82.230345741342,8.017268599141,
    -5.143489400117));
#2042 = CARTESIAN_POINT('',(82.267996943168,7.896740003523,
    -5.157068552686));
#2043 = CARTESIAN_POINT('',(82.362715799293,7.677272602257,
    -5.181415685951));
#2044 = CARTESIAN_POINT('',(82.41884331541,7.57751829416,-5.192292863573
    ));
#2045 = CARTESIAN_POINT('',(82.483495465944,7.485839387923,
    -5.202130767037));
#2046 = CARTESIAN_POINT('',(82.555392552441,7.402734747614,
    -5.210922081749));
#2047 = CARTESIAN_POINT('',(82.633319146069,7.328547224779,
    -5.218674289675));
#2048 = CARTESIAN_POINT('',(82.716113062068,7.263481685923,
    -5.225404435294));
#2049 = CARTESIAN_POINT('',(82.802658135919,7.207615643164,
    -5.231136125952));
#2050 = CARTESIAN_POINT('',(83.02891068728,7.089159525603,
    -5.243213321829));
#2051 = CARTESIAN_POINT('',(83.172995446074,7.038617415394,
    -5.248281721864));
#2052 = CARTESIAN_POINT('',(83.321512466022,7.008916798822,
    -5.251228163083));
#2053 = CARTESIAN_POINT('',(83.472225078227,6.999961716677,
    -5.252111321924));
#2054 = CARTESIAN_POINT('',(83.62294342907,7.011812618993,
    -5.250941134839));
#2055 = CARTESIAN_POINT('',(83.771335590504,7.044578494659,
    -5.247688226403));
#2056 = CARTESIAN_POINT('',(83.91481510382,7.098307546592,
    -5.242292448348));
#2057 = CARTESIAN_POINT('',(84.148328738701,7.226704686899,
    -5.229179598901));
#2058 = CARTESIAN_POINT('',(84.242961078586,7.291851399951,
    -5.222478701067));
#2059 = CARTESIAN_POINT('',(84.332701703914,7.368375743129,
    -5.214533126109));
#2060 = CARTESIAN_POINT('',(84.41589415638,7.456086207473,
    -5.205316713724));
#2061 = CARTESIAN_POINT('',(84.49085593488,7.554550513082,
    -5.194818891405));
#2062 = CARTESIAN_POINT('',(84.555875831581,7.663091166604,
    -5.183049529459));
#2063 = CARTESIAN_POINT('',(84.609204656968,7.780766072535,
    -5.170048075604));
#2064 = CARTESIAN_POINT('',(84.685467703229,8.021164733393,
    -5.142955953121));
#2065 = CARTESIAN_POINT('',(84.71040246118,8.141940183776,
    -5.129127408216));
#2066 = CARTESIAN_POINT('',(84.722317938214,8.266415348115,
    -5.114624937275));
#2067 = CARTESIAN_POINT('',(84.72042978525,8.392055190967,
    -5.099715116115));
#2068 = CARTESIAN_POINT('',(84.704686588585,8.516231045422,
    -5.084707312255));
#2069 = CARTESIAN_POINT('',(84.675762441265,8.636395890363,
    -5.069934238386));
#2070 = CARTESIAN_POINT('',(84.635050025367,8.750254607238,
    -5.055723487579));
#2071 = CARTESIAN_POINT('',(84.499607647934,9.034302812203,
    -5.019809287882));
#2072 = CARTESIAN_POINT('',(84.387295339373,9.18874554498,
    -4.999754645909));
#2073 = CARTESIAN_POINT('',(84.254930722355,9.317429029321,
    -4.982676470606));
#2074 = CARTESIAN_POINT('',(84.1080793159,9.419852846316,-4.968869236721
    ));
#2075 = CARTESIAN_POINT('',(83.951412256784,9.496044666566,
    -4.958494102148));
#2076 = CARTESIAN_POINT('',(83.788909248956,9.546363009989,
    -4.951608907351));
#2077 = CARTESIAN_POINT('',(83.62404402138,9.57130376236,-4.948196147496
    ));
#2078 = CARTESIAN_POINT('',(83.46,9.57130376236,-4.948196147496));
#2079 = ORIENTED_EDGE('',*,*,#2080,.F.);
#2080 = EDGE_CURVE('',#2081,#2032,#2083,.T.);
#2081 = VERTEX_POINT('',#2082);
#2082 = CARTESIAN_POINT('',(38.923765179417,8.768863682097,
    -5.053315622637));
#2083 = LINE('',#2084,#2085);
#2084 = CARTESIAN_POINT('',(-20.,8.768863682097,-5.053315622637));
#2085 = VECTOR('',#2086,1.);
#2086 = DIRECTION('',(1.,0.,0.));
#2087 = ORIENTED_EDGE('',*,*,#2088,.F.);
#2088 = EDGE_CURVE('',#2089,#2081,#2091,.T.);
#2089 = VERTEX_POINT('',#2090);
#2090 = CARTESIAN_POINT('',(37.74,9.591576570326,-4.94541914161));
#2091 = B_SPLINE_CURVE_WITH_KNOTS('',7,(#2092,#2093,#2094,#2095,#2096,
    #2097,#2098,#2099,#2100,#2101,#2102,#2103,#2104,#2105,#2106,#2107,
    #2108,#2109,#2110,#2111,#2112,#2113,#2114,#2115,#2116,#2117,#2118,
    #2119,#2120,#2121,#2122,#2123,#2124,#2125,#2126,#2127,#2128,#2129,
    #2130,#2131,#2132,#2133,#2134,#2135),.UNSPECIFIED.,.F.,.F.,(8,6,6,6,
    6,6,6,8),(0.,0.162203054742,0.31309090321,0.453845239036,
    0.622355315557,0.762241438825,0.887441854049,1.),.UNSPECIFIED.);
#2092 = CARTESIAN_POINT('',(37.74,9.591576570326,-4.94541914161));
#2093 = CARTESIAN_POINT('',(37.605788689873,9.591576570326,
    -4.94541914161));
#2094 = CARTESIAN_POINT('',(37.471489926014,9.574804810783,
    -4.947719040212));
#2095 = CARTESIAN_POINT('',(37.338721400379,9.541220739455,
    -4.952324423551));
#2096 = CARTESIAN_POINT('',(37.209196636967,9.490616488892,
    -4.959237896004));
#2097 = CARTESIAN_POINT('',(37.084870018052,9.422702409389,
    -4.968447410225));
#2098 = CARTESIAN_POINT('',(36.968083328393,9.337184258193,
    -4.979910243701));
#2099 = CARTESIAN_POINT('',(36.763013409271,9.137873280508,
    -5.006204431042));
#2100 = CARTESIAN_POINT('',(36.671933799164,9.025131290955,
    -5.020921496506));
#2101 = CARTESIAN_POINT('',(36.593435651894,8.896718857419,
    -5.037451729928));
#2102 = CARTESIAN_POINT('',(36.53149937438,8.754998300212,
    -5.055370209385));
#2103 = CARTESIAN_POINT('',(36.489154234048,8.603292498456,
    -5.074141017063));
#2104 = CARTESIAN_POINT('',(36.468391900036,8.445579528952,
    -5.093209028105));
#2105 = CARTESIAN_POINT('',(36.471642282354,8.137471659066,
    -5.129622670257));
#2106 = CARTESIAN_POINT('',(36.492706201481,7.990670954978,
    -5.146599351128));
#2107 = CARTESIAN_POINT('',(36.53236965905,7.849225430231,
    -5.162586871999));
#2108 = CARTESIAN_POINT('',(36.588926105843,7.716319002179,
    -5.177280173747));
#2109 = CARTESIAN_POINT('',(36.659918674533,7.594660847747,
    -5.190467165729));
#2110 = CARTESIAN_POINT('',(36.742207085608,7.486249854577,
    -5.202030057208));
#2111 = CARTESIAN_POINT('',(36.939589267018,7.279400764166,
    -5.223807701572));
#2112 = CARTESIAN_POINT('',(37.059295342198,7.185737203151,
    -5.233455440326));
#2113 = CARTESIAN_POINT('',(37.187697844203,7.11118762232,
    -5.241007396867));
#2114 = CARTESIAN_POINT('',(37.322104266078,7.055564075985,
    -5.246580810612));
#2115 = CARTESIAN_POINT('',(37.460260045727,7.018629049685,
    -5.250261131504));
#2116 = CARTESIAN_POINT('',(37.600182639557,7.000187275411,
    -5.252098745227));
#2117 = CARTESIAN_POINT('',(37.85606729355,7.000187275411,
    -5.252098745227));
#2118 = CARTESIAN_POINT('',(37.972167691967,7.01289623819,
    -5.250832390482));
#2119 = CARTESIAN_POINT('',(38.087236475318,7.038326607136,
    -5.248298360063));
#2120 = CARTESIAN_POINT('',(38.200174827586,7.076567437199,
    -5.244473340153));
#2121 = CARTESIAN_POINT('',(38.309775329426,7.127752053187,
    -5.239314476777));
#2122 = CARTESIAN_POINT('',(38.414636513435,7.192018985805,
    -5.232762477712));
#2123 = CARTESIAN_POINT('',(38.601162946691,7.338782721797,
    -5.217569912605));
#2124 = CARTESIAN_POINT('',(38.684546773501,7.41900346596,
    -5.209184989714));
#2125 = CARTESIAN_POINT('',(38.761316965353,7.509921157444,
    -5.199566437002));
#2126 = CARTESIAN_POINT('',(38.82963339423,7.610963677833,
    -5.188718114022));
#2127 = CARTESIAN_POINT('',(38.887734357246,7.721234071706,
    -5.176674037346));
#2128 = CARTESIAN_POINT('',(38.933946384071,7.839529356229,
    -5.163505880838));
#2129 = CARTESIAN_POINT('',(38.996120253474,8.076544160784,
    -5.136596630447));
#2130 = CARTESIAN_POINT('',(39.014515363603,8.193443612465,
    -5.12311248098));
#2131 = CARTESIAN_POINT('',(39.020667423967,8.312876754488,
    -5.109096466119));
#2132 = CARTESIAN_POINT('',(39.014090525295,8.432457706797,
    -5.094809766494));
#2133 = CARTESIAN_POINT('',(38.995010482879,8.549766581112,
    -5.080549673326));
#2134 = CARTESIAN_POINT('',(38.964358516635,8.662540528423,
    -5.06662453218));
#2135 = CARTESIAN_POINT('',(38.923765179417,8.768863682097,
    -5.053315622637));
#2136 = ORIENTED_EDGE('',*,*,#2137,.F.);
#2137 = EDGE_CURVE('',#2138,#2089,#2140,.T.);
#2138 = VERTEX_POINT('',#2139);
#2139 = CARTESIAN_POINT('',(38.2,9.50415065231,-4.957352153853));
#2140 = B_SPLINE_CURVE_WITH_KNOTS('',5,(#2141,#2142,#2143,#2144,#2145,
    #2146),.UNSPECIFIED.,.F.,.F.,(6,6),(0.,1.),
  .PIECEWISE_BEZIER_KNOTS.);
#2141 = CARTESIAN_POINT('',(38.2,9.50415065231,-4.957352153853));
#2142 = CARTESIAN_POINT('',(38.110884786217,9.539266044286,
    -4.952581504804));
#2143 = CARTESIAN_POINT('',(38.019550255704,9.565461247842,
    -4.949000289337));
#2144 = CARTESIAN_POINT('',(37.926817588411,9.582872420804,
    -4.946612746116));
#2145 = CARTESIAN_POINT('',(37.833410375698,9.591576570326,
    -4.94541914161));
#2146 = CARTESIAN_POINT('',(37.74,9.591576570326,-4.94541914161));
#2147 = ORIENTED_EDGE('',*,*,#2148,.T.);
#2148 = EDGE_CURVE('',#2138,#2149,#2151,.T.);
#2149 = VERTEX_POINT('',#2150);
#2150 = CARTESIAN_POINT('',(38.2,24.537702296521,-1.198649276306));
#2151 = CIRCLE('',#2152,70.6);
#2152 = AXIS2_PLACEMENT_3D('',#2153,#2154,#2155);
#2153 = CARTESIAN_POINT('',(38.2,0.,65.));
#2154 = DIRECTION('',(1.,0.,-0.));
#2155 = DIRECTION('',(0.,0.,1.));
#2156 = ORIENTED_EDGE('',*,*,#2157,.F.);
#2157 = EDGE_CURVE('',#2158,#2149,#2160,.T.);
#2158 = VERTEX_POINT('',#2159);
#2159 = CARTESIAN_POINT('',(36.470036949421,25.653323707604,
    -0.774364175968));
#2160 = B_SPLINE_CURVE_WITH_KNOTS('',7,(#2161,#2162,#2163,#2164,#2165,
    #2166,#2167,#2168,#2169,#2170,#2171,#2172,#2173,#2174,#2175,#2176,
    #2177,#2178,#2179,#2180,#2181,#2182,#2183,#2184,#2185,#2186),
  .UNSPECIFIED.,.F.,.F.,(8,6,6,6,8),(0.,0.231150592486,0.44174990201,
    0.735372341861,1.),.UNSPECIFIED.);
#2161 = CARTESIAN_POINT('',(37.74,26.823942341241,-0.305712746082));
#2162 = CARTESIAN_POINT('',(37.606202689511,26.823942341241,
    -0.305712746082));
#2163 = CARTESIAN_POINT('',(37.472389314846,26.808718010124,
    -0.311966047075));
#2164 = CARTESIAN_POINT('',(37.340013805098,26.778261419851,
    -0.324475938621));
#2165 = CARTESIAN_POINT('',(37.210640759768,26.73231311327,
    -0.343322745096));
#2166 = CARTESIAN_POINT('',(37.086128444198,26.670462760941,
    -0.368622925721));
#2167 = CARTESIAN_POINT('',(36.9688125024,26.592233751827,
    -0.400486240699));
#2168 = CARTESIAN_POINT('',(36.764383479024,26.410751635248,
    -0.473971248259));
#2169 = CARTESIAN_POINT('',(36.673819223309,26.308839037827,
    -0.515081637846));
#2170 = CARTESIAN_POINT('',(36.595185923003,26.192268897489,
    -0.561874030442));
#2171 = CARTESIAN_POINT('',(36.532698571433,26.063033658569,
    -0.613420337528));
#2172 = CARTESIAN_POINT('',(36.489658785267,25.924054204887,
    -0.668437991612));
#2173 = CARTESIAN_POINT('',(36.468371899663,25.778899498821,
    -0.725439118222));
#2174 = CARTESIAN_POINT('',(36.472446056012,25.426122381912,
    -0.862894789179));
#2175 = CARTESIAN_POINT('',(36.519359055166,25.228900282988,
    -0.938878089275));
#2176 = CARTESIAN_POINT('',(36.604435731631,25.048429614677,
    -1.007600712591));
#2177 = CARTESIAN_POINT('',(36.720368638915,24.890919190068,
    -1.066977924643));
#2178 = CARTESIAN_POINT('',(36.858793312366,24.76062350826,
    -1.115746698788));
#2179 = CARTESIAN_POINT('',(37.010473612816,24.659337627609,
    -1.153482582705));
#2180 = CARTESIAN_POINT('',(37.305454031938,24.519116137697,
    -1.205573569923));
#2181 = CARTESIAN_POINT('',(37.452209866022,24.473058420085,
    -1.222594954111));
#2182 = CARTESIAN_POINT('',(37.602856476401,24.446884168211,
    -1.232239293506));
#2183 = CARTESIAN_POINT('',(37.755048227906,24.440213425736,
    -1.234696155272));
#2184 = CARTESIAN_POINT('',(37.906741253382,24.452915168125,
    -1.230021869835));
#2185 = CARTESIAN_POINT('',(38.055903068439,24.485197498414,
    -1.218111110031));
#2186 = CARTESIAN_POINT('',(38.2,24.537702296521,-1.198649276306));
#2187 = ORIENTED_EDGE('',*,*,#2188,.F.);
#2188 = EDGE_CURVE('',#2189,#2158,#2191,.T.);
#2189 = VERTEX_POINT('',#2190);
#2190 = CARTESIAN_POINT('',(35.2,23.586257539867,-1.543583126122));
#2191 = B_SPLINE_CURVE_WITH_KNOTS('',6,(#2192,#2193,#2194,#2195,#2196,
    #2197,#2198,#2199,#2200,#2201,#2202,#2203,#2204,#2205,#2206,#2207,
    #2208,#2209,#2210,#2211,#2212,#2213,#2214,#2215,#2216,#2217,#2218),
  .UNSPECIFIED.,.F.,.F.,(7,5,5,5,5,7),(0.,0.195397657101,0.324185264794,
    0.492729317356,0.739686057164,1.),.UNSPECIFIED.);
#2192 = CARTESIAN_POINT('',(35.2,23.586257539867,-1.543583126122));
#2193 = CARTESIAN_POINT('',(35.2,23.732074576962,-1.491898530417));
#2194 = CARTESIAN_POINT('',(35.211376422656,23.877837376226,
    -1.439801565726));
#2195 = CARTESIAN_POINT('',(35.234110960942,24.021516267975,
    -1.388010641709));
#2196 = CARTESIAN_POINT('',(35.267522993783,24.161511398403,
    -1.337132298083));
#2197 = CARTESIAN_POINT('',(35.310642241233,24.296583108816,
    -1.287668690403));
#2198 = CARTESIAN_POINT('',(35.396377741428,24.510989006197,
    -1.208607139766));
#2199 = CARTESIAN_POINT('',(35.434170542159,24.593666122005,
    -1.177970871814));
#2200 = CARTESIAN_POINT('',(35.475393449026,24.673628835031,
    -1.148202416508));
#2201 = CARTESIAN_POINT('',(35.519739469579,24.750738081548,
    -1.119370769397));
#2202 = CARTESIAN_POINT('',(35.566916123094,24.824914947492,
    -1.09152282064));
#2203 = CARTESIAN_POINT('',(35.681768941332,24.989316097195,
    -1.029569126356));
#2204 = CARTESIAN_POINT('',(35.751269654729,25.07741467692,
    -0.996189462292));
#2205 = CARTESIAN_POINT('',(35.824591304817,25.160360294067,
    -0.964608136689));
#2206 = CARTESIAN_POINT('',(35.901220529378,25.238168876937,
    -0.934852935238));
#2207 = CARTESIAN_POINT('',(35.980718703411,25.310908958619,
    -0.906928026831));
#2208 = CARTESIAN_POINT('',(36.182908688342,25.477976812779,
    -0.842569974791));
#2209 = CARTESIAN_POINT('',(36.308448843965,25.566571063421,
    -0.808235359275));
#2210 = CARTESIAN_POINT('',(36.438261860899,25.644794585685,
    -0.777772317813));
#2211 = CARTESIAN_POINT('',(36.571452480169,25.712936971219,
    -0.751133255623));
#2212 = CARTESIAN_POINT('',(36.707295078593,25.77129009969,
    -0.728253856433));
#2213 = CARTESIAN_POINT('',(36.990667215945,25.871516230661,
    -0.688870455303));
#2214 = CARTESIAN_POINT('',(37.138386519736,25.912311488518,
    -0.672784379256));
#2215 = CARTESIAN_POINT('',(37.287747372705,25.942741561751,
    -0.660758640728));
#2216 = CARTESIAN_POINT('',(37.438155645457,25.962963613657,
    -0.652758041298));
#2217 = CARTESIAN_POINT('',(37.589069726936,25.973076796663,
    -0.648756893902));
#2218 = CARTESIAN_POINT('',(37.74,25.973076796663,-0.648756893902));
#2219 = ORIENTED_EDGE('',*,*,#2220,.F.);
#2220 = EDGE_CURVE('',#2221,#2189,#2223,.T.);
#2221 = VERTEX_POINT('',#2222);
#2222 = CARTESIAN_POINT('',(35.2,6.878522742294,-5.26411548496));
#2223 = CIRCLE('',#2224,70.6);
#2224 = AXIS2_PLACEMENT_3D('',#2225,#2226,#2227);
#2225 = CARTESIAN_POINT('',(35.2,0.,65.));
#2226 = DIRECTION('',(1.,0.,-0.));
#2227 = DIRECTION('',(0.,0.,1.));
#2228 = ORIENTED_EDGE('',*,*,#2229,.F.);
#2229 = EDGE_CURVE('',#2230,#2221,#2232,.T.);
#2230 = VERTEX_POINT('',#2231);
#2231 = CARTESIAN_POINT('',(37.74,4.491703485497,-5.45696984542));
#2232 = B_SPLINE_CURVE_WITH_KNOTS('',6,(#2233,#2234,#2235,#2236,#2237,
    #2238,#2239,#2240,#2241,#2242,#2243,#2244,#2245,#2246,#2247,#2248,
    #2249,#2250,#2251,#2252,#2253,#2254,#2255,#2256,#2257,#2258,#2259),
  .UNSPECIFIED.,.F.,.F.,(7,5,5,5,5,7),(0.,0.264936837173,0.513630858581,
    0.679766288318,0.805931063712,1.),.UNSPECIFIED.);
#2233 = CARTESIAN_POINT('',(37.74,4.491703485497,-5.45696984542));
#2234 = CARTESIAN_POINT('',(37.587578468691,4.491703485497,
    -5.45696984542));
#2235 = CARTESIAN_POINT('',(37.435174831082,4.502017514112,
    -5.456312313375));
#2236 = CARTESIAN_POINT('',(37.283265314559,4.522640700067,
    -5.45499757342));
#2237 = CARTESIAN_POINT('',(37.132383015669,4.553688729269,
    -5.453006845306));
#2238 = CARTESIAN_POINT('',(36.98311857338,4.595346863428,
    -5.450305642772));
#2239 = CARTESIAN_POINT('',(36.698166134895,4.697306474876,
    -5.443578555143));
#2240 = CARTESIAN_POINT('',(36.562251585961,4.756292630648,
    -5.439645068067));
#2241 = CARTESIAN_POINT('',(36.428913900069,4.82516247543,
    -5.434987333828));
#2242 = CARTESIAN_POINT('',(36.298875495532,4.904256411024,
    -5.429540919685));
#2243 = CARTESIAN_POINT('',(36.173043180421,4.993920466679,
    -5.423227285766));
#2244 = CARTESIAN_POINT('',(35.972047112578,5.16180387895,
    -5.411080981824));
#2245 = CARTESIAN_POINT('',(35.893949979063,5.23392480836,
    -5.405785590751));
#2246 = CARTESIAN_POINT('',(35.818591744141,5.311045916357,
    -5.400029966886));
#2247 = CARTESIAN_POINT('',(35.746402400932,5.393254600962,
    -5.393782981735));
#2248 = CARTESIAN_POINT('',(35.677890473933,5.480587670732,
    -5.38701410012));
#2249 = CARTESIAN_POINT('',(35.564830864025,5.64319353393,
    -5.374138172912));
#2250 = CARTESIAN_POINT('',(35.518488318382,5.716305894184,
    -5.368264244918));
#2251 = CARTESIAN_POINT('',(35.474857396251,5.792320927469,
    -5.362062771726));
#2252 = CARTESIAN_POINT('',(35.434227732124,5.871170297106,
    -5.355525018187));
#2253 = CARTESIAN_POINT('',(35.396905406239,5.952725104759,
    -5.34864732844));
#2254 = CARTESIAN_POINT('',(35.311339268413,6.166072531941,
    -5.330337617844));
#2255 = CARTESIAN_POINT('',(35.267987363963,6.301380284212,
    -5.318438063838));
#2256 = CARTESIAN_POINT('',(35.234349329453,6.441765253334,
    -5.305765240961));
#2257 = CARTESIAN_POINT('',(35.211448825868,6.585943751831,
    -5.29238864566));
#2258 = CARTESIAN_POINT('',(35.2,6.732242598768,-5.278435615328));
#2259 = CARTESIAN_POINT('',(35.2,6.878522742294,-5.26411548496));
#2260 = ORIENTED_EDGE('',*,*,#2261,.T.);
#2261 = EDGE_CURVE('',#2230,#2262,#2264,.T.);
#2262 = VERTEX_POINT('',#2263);
#2263 = CARTESIAN_POINT('',(83.46,4.491703485497,-5.45696984542));
#2264 = LINE('',#2265,#2266);
#2265 = CARTESIAN_POINT('',(-20.,4.491703485497,-5.45696984542));
#2266 = VECTOR('',#2267,1.);
#2267 = DIRECTION('',(1.,0.,0.));
#2268 = ORIENTED_EDGE('',*,*,#2269,.F.);
#2269 = EDGE_CURVE('',#2270,#2262,#2272,.T.);
#2270 = VERTEX_POINT('',#2271);
#2271 = CARTESIAN_POINT('',(86.,6.878522742294,-5.26411548496));
#2272 = B_SPLINE_CURVE_WITH_KNOTS('',6,(#2273,#2274,#2275,#2276,#2277,
    #2278,#2279,#2280,#2281,#2282,#2283,#2284,#2285,#2286,#2287,#2288,
    #2289,#2290,#2291,#2292,#2293,#2294,#2295,#2296,#2297,#2298,#2299),
  .UNSPECIFIED.,.F.,.F.,(7,5,5,5,5,7),(0.,0.193679020721,0.319837363835,
    0.485981098679,0.735833673185,1.),.UNSPECIFIED.);
#2273 = CARTESIAN_POINT('',(86.,6.878522742294,-5.26411548496));
#2274 = CARTESIAN_POINT('',(86.,6.732536704139,-5.278406823811));
#2275 = CARTESIAN_POINT('',(85.988597169067,6.586532201963,
    -5.292332521103));
#2276 = CARTESIAN_POINT('',(85.965788697422,6.442634936841,
    -5.305684550596));
#2277 = CARTESIAN_POINT('',(85.932282860593,6.302509073219,
    -5.318336157392));
#2278 = CARTESIAN_POINT('',(85.889095962286,6.167432576209,
    -5.330217994977));
#2279 = CARTESIAN_POINT('',(85.803777372574,5.954251211839,
    -5.348518218004));
#2280 = CARTESIAN_POINT('',(85.766509225377,5.872659145295,
    -5.355400828721));
#2281 = CARTESIAN_POINT('',(85.725930249501,5.793770401084,
    -5.361943514507));
#2282 = CARTESIAN_POINT('',(85.682346610329,5.717714499761,
    -5.36814987458));
#2283 = CARTESIAN_POINT('',(85.636048131021,5.644560268318,
    -5.374028605998));
#2284 = CARTESIAN_POINT('',(85.523077214251,5.48184661482,
    -5.386916149336));
#2285 = CARTESIAN_POINT('',(85.45460685245,5.394448198813,
    -5.393691652215));
#2286 = CARTESIAN_POINT('',(85.38245370266,5.312174907247,
    -5.399944917149));
#2287 = CARTESIAN_POINT('',(85.307126981415,5.234990383245,
    -5.405706472859));
#2288 = CARTESIAN_POINT('',(85.229057309971,5.162807436846,
    -5.411007462487));
#2289 = CARTESIAN_POINT('',(85.02756577024,4.994308577675,
    -5.423200562113));
#2290 = CARTESIAN_POINT('',(84.901157157601,4.904194770457,
    -5.429546029471));
#2291 = CARTESIAN_POINT('',(84.770502319894,4.824750036373,
    -5.435016130327));
#2292 = CARTESIAN_POINT('',(84.63652069287,4.755623751973,
    -5.439690475818));
#2293 = CARTESIAN_POINT('',(84.499944138453,4.6964707623,-5.443634333502
    ));
#2294 = CARTESIAN_POINT('',(84.214711466107,4.594742172362,
    -5.45034485036));
#2295 = CARTESIAN_POINT('',(84.065862333479,4.553328216534,
    -5.453029960198));
#2296 = CARTESIAN_POINT('',(83.915409850977,4.522461113091,
    -5.455009022114));
#2297 = CARTESIAN_POINT('',(83.763939074816,4.501957621864,
    -5.456316131619));
#2298 = CARTESIAN_POINT('',(83.611978347901,4.491703485497,
    -5.45696984542));
#2299 = CARTESIAN_POINT('',(83.46,4.491703485497,-5.45696984542));
#2300 = ORIENTED_EDGE('',*,*,#2301,.T.);
#2301 = EDGE_CURVE('',#2270,#1945,#2302,.T.);
#2302 = CIRCLE('',#2303,70.6);
#2303 = AXIS2_PLACEMENT_3D('',#2304,#2305,#2306);
#2304 = CARTESIAN_POINT('',(86.,0.,65.));
#2305 = DIRECTION('',(1.,0.,-0.));
#2306 = DIRECTION('',(0.,0.,1.));
#2307 = FACE_BOUND('',#2308,.F.);
#2308 = EDGE_LOOP('',(#2309,#2319,#2340,#2348));
#2309 = ORIENTED_EDGE('',*,*,#2310,.F.);
#2310 = EDGE_CURVE('',#2311,#2313,#2315,.T.);
#2311 = VERTEX_POINT('',#2312);
#2312 = CARTESIAN_POINT('',(38.959920621844,25.973076796663,
    -0.648756893902));
#2313 = VERTEX_POINT('',#2314);
#2314 = CARTESIAN_POINT('',(82.260914380205,25.973076796663,
    -0.648756893902));
#2315 = LINE('',#2316,#2317);
#2316 = CARTESIAN_POINT('',(-20.,25.973076796663,-0.648756893902));
#2317 = VECTOR('',#2318,1.);
#2318 = DIRECTION('',(1.,0.,0.));
#2319 = ORIENTED_EDGE('',*,*,#2320,.F.);
#2320 = EDGE_CURVE('',#2321,#2311,#2323,.T.);
#2321 = VERTEX_POINT('',#2322);
#2322 = CARTESIAN_POINT('',(38.923765179417,25.215089235031,
    -0.943606777833));
#2323 = B_SPLINE_CURVE_WITH_KNOTS('',8,(#2324,#2325,#2326,#2327,#2328,
    #2329,#2330,#2331,#2332,#2333,#2334,#2335,#2336,#2337,#2338,#2339),
  .UNSPECIFIED.,.F.,.F.,(9,7,9),(0.,0.354966440625,1.),.UNSPECIFIED.);
#2324 = CARTESIAN_POINT('',(38.923765179417,25.215089235031,
    -0.943606777833));
#2325 = CARTESIAN_POINT('',(38.96654034746,25.317920248018,
    -0.904286921135));
#2326 = CARTESIAN_POINT('',(38.998688607179,25.427506023541,
    -0.862174135584));
#2327 = CARTESIAN_POINT('',(39.018178899512,25.541788900449,
    -0.818006621413));
#2328 = CARTESIAN_POINT('',(39.023813879705,25.658343037808,
    -0.772681431752));
#2329 = CARTESIAN_POINT('',(39.015234253685,25.774576550963,
    -0.727192789969));
#2330 = CARTESIAN_POINT('',(38.992921223291,25.887918008041,
    -0.682564636374));
#2331 = CARTESIAN_POINT('',(38.958199005776,25.995999232124,
    -0.639773031287));
#2332 = CARTESIAN_POINT('',(38.83154023561,26.280102489902,
    -0.526751107995));
#2333 = CARTESIAN_POINT('',(38.716620825518,26.438159558547,
    -0.46319517113));
#2334 = CARTESIAN_POINT('',(38.578269194136,26.568913186987,
    -0.410146764988));
#2335 = CARTESIAN_POINT('',(38.423621801378,26.672254264724,
    -0.367955682654));
#2336 = CARTESIAN_POINT('',(38.258343918723,26.748677172913,
    -0.336627332055));
#2337 = CARTESIAN_POINT('',(38.086945197651,26.798982051065,
    -0.315965069937));
#2338 = CARTESIAN_POINT('',(37.913092479663,26.823942341241,
    -0.305712746082));
#2339 = CARTESIAN_POINT('',(37.74,26.823942341241,-0.305712746082));
#2340 = ORIENTED_EDGE('',*,*,#2341,.T.);
#2341 = EDGE_CURVE('',#2321,#2342,#2344,.T.);
#2342 = VERTEX_POINT('',#2343);
#2343 = CARTESIAN_POINT('',(82.297717762331,25.215089235031,
    -0.943606777833));
#2344 = LINE('',#2345,#2346);
#2345 = CARTESIAN_POINT('',(-20.,25.215089235031,-0.943606777833));
#2346 = VECTOR('',#2347,1.);
#2347 = DIRECTION('',(1.,0.,0.));
#2348 = ORIENTED_EDGE('',*,*,#2349,.F.);
#2349 = EDGE_CURVE('',#2313,#2342,#2350,.T.);
#2350 = B_SPLINE_CURVE_WITH_KNOTS('',6,(#2351,#2352,#2353,#2354,#2355,
    #2356,#2357,#2358,#2359,#2360,#2361,#2362,#2363,#2364,#2365,#2366,
    #2367),.UNSPECIFIED.,.F.,.F.,(7,5,5,7),(0.,0.375037523267,
    0.705118851892,1.),.UNSPECIFIED.);
#2351 = CARTESIAN_POINT('',(83.46,26.805425858639,-0.313315216248));
#2352 = CARTESIAN_POINT('',(83.326832231004,26.805425858639,
    -0.313315216248));
#2353 = CARTESIAN_POINT('',(83.193658129063,26.789663353138,
    -0.319784377465));
#2354 = CARTESIAN_POINT('',(83.062135157436,26.758136272383,
    -0.332723372263));
#2355 = CARTESIAN_POINT('',(82.934020600677,26.710529128004,
    -0.352228952235));
#2356 = CARTESIAN_POINT('',(82.811503869714,26.646345014309,
    -0.378436724962));
#2357 = CARTESIAN_POINT('',(82.597400654347,26.49357636279,
    -0.440479592792));
#2358 = CARTESIAN_POINT('',(82.50312880695,26.408311550867,
    -0.474998283632));
#2359 = CARTESIAN_POINT('',(82.418180050312,26.309383356894,
    -0.514878181378));
#2360 = CARTESIAN_POINT('',(82.345843759607,26.197623888875,
    -0.559678487968));
#2361 = CARTESIAN_POINT('',(82.289306033494,26.074518181029,
    -0.608686206983));
#2362 = CARTESIAN_POINT('',(82.218047251708,25.824221073809,
    -0.707577422189));
#2363 = CARTESIAN_POINT('',(82.199775962953,25.699799003423,
    -0.756441322451));
#2364 = CARTESIAN_POINT('',(82.199125740339,25.572647155082,
    -0.806030785896));
#2365 = CARTESIAN_POINT('',(82.21649791882,25.446919467667,
    -0.854701358467));
#2366 = CARTESIAN_POINT('',(82.250449837548,25.326658601066,
    -0.900945606296));
#2367 = CARTESIAN_POINT('',(82.297717762332,25.215089235031,
    -0.943606777833));
#2368 = FACE_BOUND('',#2369,.F.);
#2369 = EDGE_LOOP('',(#2370));
#2370 = ORIENTED_EDGE('',*,*,#2371,.T.);
#2371 = EDGE_CURVE('',#2372,#2372,#2374,.T.);
#2372 = VERTEX_POINT('',#2373);
#2373 = CARTESIAN_POINT('',(97.5,16.,-3.763071484628));
#2374 = B_SPLINE_CURVE_WITH_KNOTS('',7,(#2375,#2376,#2377,#2378,#2379,
    #2380,#2381,#2382,#2383,#2384,#2385,#2386,#2387,#2388,#2389,#2390,
    #2391,#2392,#2393,#2394,#2395,#2396,#2397,#2398,#2399,#2400,#2401,
    #2402,#2403,#2404,#2405,#2406,#2407,#2408,#2409,#2410,#2411,#2412,
    #2413,#2414,#2415,#2416,#2417,#2418,#2419,#2420,#2421,#2422,#2423,
    #2424,#2425,#2426,#2427,#2428,#2429,#2430,#2431,#2432,#2433,#2434,
    #2435,#2436),.UNSPECIFIED.,.T.,.F.,(8,6,6,6,6,6,6,6,6,6,8),(0.,
    8.273604953094E-02,0.186641260329,0.34670206685,0.446036600035,
    0.538799799234,0.63323370935,0.751033912263,0.838671749805,
    0.911438136111,1.),.UNSPECIFIED.);
#2375 = CARTESIAN_POINT('',(97.5,16.,-3.763071484628));
#2376 = CARTESIAN_POINT('',(97.5,16.305672506109,-3.691946678941));
#2377 = CARTESIAN_POINT('',(97.468854576467,16.608390461107,
    -3.619838528413));
#2378 = CARTESIAN_POINT('',(97.407648520002,16.903468936335,
    -3.547886482547));
#2379 = CARTESIAN_POINT('',(97.318565586703,17.186492100496,
    -3.477325585423));
#2380 = CARTESIAN_POINT('',(97.20482240141,17.453557927877,
    -3.409397646641));
#2381 = CARTESIAN_POINT('',(97.070604768184,17.701507576341,
    -3.345237814528));
#2382 = CARTESIAN_POINT('',(96.733131195607,18.21275818579,
    -3.211011068573));
#2383 = CARTESIAN_POINT('',(96.519378954272,18.466206475358,
    -3.142989543598));
#2384 = CARTESIAN_POINT('',(96.285566942906,18.688401713708,
    -3.082271787073));
#2385 = CARTESIAN_POINT('',(96.03628992931,18.879829489169,
    -3.029215937957));
#2386 = CARTESIAN_POINT('',(95.775269313802,19.041217555015,
    -2.98400559502));
#2387 = CARTESIAN_POINT('',(95.505588127357,19.173321492054,
    -2.946709400058));
#2388 = CARTESIAN_POINT('',(94.80499230549,19.436259501927,
    -2.872080303236));
#2389 = CARTESIAN_POINT('',(94.365334252724,19.527960993649,
    -2.845581057809));
#2390 = CARTESIAN_POINT('',(93.919181897082,19.55455705772,
    -2.837808873501));
#2391 = CARTESIAN_POINT('',(93.472840323761,19.516880494431,
    -2.848746913738));
#2392 = CARTESIAN_POINT('',(93.032808828549,19.414247158698,
    -2.87844522811));
#2393 = CARTESIAN_POINT('',(92.606508118778,19.244548820861,
    -2.926941850498));
#2394 = CARTESIAN_POINT('',(91.955583070984,18.855639209539,
    -3.035643477599));
#2395 = CARTESIAN_POINT('',(91.715062238671,18.679195529625,
    -3.084550040918));
#2396 = CARTESIAN_POINT('',(91.486726087392,18.474610498004,
    -3.140639025466));
#2397 = CARTESIAN_POINT('',(91.274470024922,18.241570926505,
    -3.203644831835));
#2398 = CARTESIAN_POINT('',(91.082697486458,17.980144721709,
    -3.273105384621));
#2399 = CARTESIAN_POINT('',(90.916454879119,17.690972762314,
    -3.348338413735));
#2400 = CARTESIAN_POINT('',(90.655768352048,17.081066312938,
    -3.503208022235));
#2401 = CARTESIAN_POINT('',(90.55665495175,16.762171471689,
    -3.582608146716));
#2402 = CARTESIAN_POINT('',(90.492068696723,16.425412473525,
    -3.664510918512));
#2403 = CARTESIAN_POINT('',(90.466703956711,16.078901211592,
    -3.746541730556));
#2404 = CARTESIAN_POINT('',(90.482156804215,15.731561200524,
    -3.826470210667));
#2405 = CARTESIAN_POINT('',(90.536880065431,15.392260870499,
    -3.902451901562));
#2406 = CARTESIAN_POINT('',(90.716987344765,14.739656800377,
    -4.045029311465));
#2407 = CARTESIAN_POINT('',(90.842685906348,14.430338999034,
    -4.11068661452));
#2408 = CARTESIAN_POINT('',(90.998130488453,14.144119121273,
    -4.169803214596));
#2409 = CARTESIAN_POINT('',(91.178331834966,13.883270996185,
    -4.222377730482));
#2410 = CARTESIAN_POINT('',(91.378320241315,13.649257165403,
    -4.268567222818));
#2411 = CARTESIAN_POINT('',(91.593120146517,13.442754606475,
    -4.308625891979));
#2412 = CARTESIAN_POINT('',(92.098041451083,13.040093302604,
    -4.385645092184));
#2413 = CARTESIAN_POINT('',(92.396158377371,12.857135511181,
    -4.419769257387));
#2414 = CARTESIAN_POINT('',(92.706446116218,12.713037339508,
    -4.44616055859));
#2415 = CARTESIAN_POINT('',(93.024818615241,12.606208267878,
    -4.465496203045));
#2416 = CARTESIAN_POINT('',(93.34818768336,12.535419086591,
    -4.478230852543));
#2417 = CARTESIAN_POINT('',(93.67402629231,12.5,-4.484602610938));
#2418 = CARTESIAN_POINT('',(94.242509181911,12.5,-4.484602610938));
#2419 = CARTESIAN_POINT('',(94.484985098775,12.519603732972,
    -4.481075991109));
#2420 = CARTESIAN_POINT('',(94.726421311595,12.55880071568,
    -4.47402456649));
#2421 = CARTESIAN_POINT('',(94.965783432634,12.617786233277,
    -4.463377405105));
#2422 = CARTESIAN_POINT('',(95.201908816992,12.696933735271,
    -4.448995252818));
#2423 = CARTESIAN_POINT('',(95.433404062606,12.796764652982,
    -4.430670459044));
#2424 = CARTESIAN_POINT('',(95.845472724095,13.018508255354,
    -4.389400575208));
#2425 = CARTESIAN_POINT('',(96.02817482636,13.133882368569,
    -4.367751727423));
#2426 = CARTESIAN_POINT('',(96.205496201638,13.264365978337,
    -4.343021406898));
#2427 = CARTESIAN_POINT('',(96.376127729183,13.410276238408,
    -4.315033338011));
#2428 = CARTESIAN_POINT('',(96.538561938331,13.571880909729,
    -4.283593035916));
#2429 = CARTESIAN_POINT('',(96.691050588236,13.749357718258,
    -4.248495156658));
#2430 = CARTESIAN_POINT('',(97.002568788413,14.178125736879,
    -4.16211679823));
#2431 = CARTESIAN_POINT('',(97.157574696017,14.439474900728,
    -4.108493739647));
#2432 = CARTESIAN_POINT('',(97.289620797841,14.724122403845,
    -4.048819196851));
#2433 = CARTESIAN_POINT('',(97.393157787482,15.027971639685,
    -3.983520936086));
#2434 = CARTESIAN_POINT('',(97.464116248343,15.345850003163,
    -3.91335631035));
#2435 = CARTESIAN_POINT('',(97.5,15.671897491127,-3.839415371377));
#2436 = CARTESIAN_POINT('',(97.5,16.,-3.763071484628));
#2437 = CYLINDRICAL_SURFACE('',#2438,70.6);
#2438 = AXIS2_PLACEMENT_3D('',#2439,#2440,#2441);
#2439 = CARTESIAN_POINT('',(-20.,0.,65.));
#2440 = DIRECTION('',(1.,0.,0.));
#2441 = DIRECTION('',(0.,0.,1.));
#2442 = ADVANCED_FACE('',(#2443),#2462,.T.);
#2443 = FACE_BOUND('',#2444,.T.);
#2444 = EDGE_LOOP('',(#2445,#2446,#2454,#2461));
#2445 = ORIENTED_EDGE('',*,*,#979,.T.);
#2446 = ORIENTED_EDGE('',*,*,#2447,.T.);
#2447 = EDGE_CURVE('',#980,#2448,#2450,.T.);
#2448 = VERTEX_POINT('',#2449);
#2449 = CARTESIAN_POINT('',(4.5,-18.,10.));
#2450 = LINE('',#2451,#2452);
#2451 = CARTESIAN_POINT('',(4.5,-18.,-20.));
#2452 = VECTOR('',#2453,1.);
#2453 = DIRECTION('',(0.,0.,1.));
#2454 = ORIENTED_EDGE('',*,*,#2455,.F.);
#2455 = EDGE_CURVE('',#2448,#2448,#2456,.T.);
#2456 = CIRCLE('',#2457,3.5);
#2457 = AXIS2_PLACEMENT_3D('',#2458,#2459,#2460);
#2458 = CARTESIAN_POINT('',(1.,-18.,10.));
#2459 = DIRECTION('',(0.,0.,1.));
#2460 = DIRECTION('',(1.,0.,0.));
#2461 = ORIENTED_EDGE('',*,*,#2447,.F.);
#2462 = CYLINDRICAL_SURFACE('',#2463,3.5);
#2463 = AXIS2_PLACEMENT_3D('',#2464,#2465,#2466);
#2464 = CARTESIAN_POINT('',(1.,-18.,-20.));
#2465 = DIRECTION('',(0.,0.,1.));
#2466 = DIRECTION('',(1.,0.,0.));
#2467 = ADVANCED_FACE('',(#2468),#2494,.T.);
#2468 = FACE_BOUND('',#2469,.T.);
#2469 = EDGE_LOOP('',(#2470,#2481,#2487,#2488));
#2470 = ORIENTED_EDGE('',*,*,#2471,.F.);
#2471 = EDGE_CURVE('',#2472,#2474,#2476,.T.);
#2472 = VERTEX_POINT('',#2473);
#2473 = CARTESIAN_POINT('',(18.54,-0.839618848688,-0.451693506351));
#2474 = VERTEX_POINT('',#2475);
#2475 = CARTESIAN_POINT('',(16.,-3.039323374301,0.818306493649));
#2476 = CIRCLE('',#2477,2.54);
#2477 = AXIS2_PLACEMENT_3D('',#2478,#2479,#2480);
#2478 = CARTESIAN_POINT('',(18.54,-3.039323374301,0.818306493649));
#2479 = DIRECTION('',(0.,0.5,0.866025403784));
#2480 = DIRECTION('',(0.,0.866025403784,-0.5));
#2481 = ORIENTED_EDGE('',*,*,#2482,.T.);
#2482 = EDGE_CURVE('',#2472,#1047,#2483,.T.);
#2483 = LINE('',#2484,#2485);
#2484 = CARTESIAN_POINT('',(18.54,-0.839618848688,-0.451693506351));
#2485 = VECTOR('',#2486,1.);
#2486 = DIRECTION('',(0.,0.,-1.));
#2487 = ORIENTED_EDGE('',*,*,#1044,.F.);
#2488 = ORIENTED_EDGE('',*,*,#2489,.F.);
#2489 = EDGE_CURVE('',#2474,#1045,#2490,.T.);
#2490 = LINE('',#2491,#2492);
#2491 = CARTESIAN_POINT('',(16.,-3.039323374301,0.818306493649));
#2492 = VECTOR('',#2493,1.);
#2493 = DIRECTION('',(0.,0.,-1.));
#2494 = SURFACE_OF_LINEAR_EXTRUSION('',#2495,#2500);
#2495 = CIRCLE('',#2496,2.54);
#2496 = AXIS2_PLACEMENT_3D('',#2497,#2498,#2499);
#2497 = CARTESIAN_POINT('',(18.54,-3.039323374301,0.818306493649));
#2498 = DIRECTION('',(0.,0.5,0.866025403784));
#2499 = DIRECTION('',(0.,0.866025403784,-0.5));
#2500 = VECTOR('',#2501,1.);
#2501 = DIRECTION('',(0.,0.,1.));
#2502 = ADVANCED_FACE('',(#2503),#2521,.T.);
#2503 = FACE_BOUND('',#2504,.T.);
#2504 = EDGE_LOOP('',(#2505,#2513,#2514,#2515));
#2505 = ORIENTED_EDGE('',*,*,#2506,.F.);
#2506 = EDGE_CURVE('',#2474,#2507,#2509,.T.);
#2507 = VERTEX_POINT('',#2508);
#2508 = CARTESIAN_POINT('',(16.,-20.6369595792,10.978306493649));
#2509 = LINE('',#2510,#2511);
#2510 = CARTESIAN_POINT('',(16.,-3.039323374301,0.818306493649));
#2511 = VECTOR('',#2512,1.);
#2512 = DIRECTION('',(0.,-0.866025403784,0.5));
#2513 = ORIENTED_EDGE('',*,*,#2489,.T.);
#2514 = ORIENTED_EDGE('',*,*,#1078,.F.);
#2515 = ORIENTED_EDGE('',*,*,#2516,.F.);
#2516 = EDGE_CURVE('',#2507,#1079,#2517,.T.);
#2517 = LINE('',#2518,#2519);
#2518 = CARTESIAN_POINT('',(16.,-20.6369595792,10.978306493649));
#2519 = VECTOR('',#2520,1.);
#2520 = DIRECTION('',(0.,0.,-1.));
#2521 = PLANE('',#2522);
#2522 = AXIS2_PLACEMENT_3D('',#2523,#2524,#2525);
#2523 = CARTESIAN_POINT('',(16.,-3.039323374301,0.818306493649));
#2524 = DIRECTION('',(-1.,-0.,-0.));
#2525 = DIRECTION('',(0.,-0.866025403784,0.5));
#2526 = ADVANCED_FACE('',(#2527),#2545,.T.);
#2527 = FACE_BOUND('',#2528,.T.);
#2528 = EDGE_LOOP('',(#2529,#2537,#2543,#2544));
#2529 = ORIENTED_EDGE('',*,*,#2530,.F.);
#2530 = EDGE_CURVE('',#2531,#2472,#2533,.T.);
#2531 = VERTEX_POINT('',#2532);
#2532 = CARTESIAN_POINT('',(38.86,-0.839618848688,-0.451693506351));
#2533 = LINE('',#2534,#2535);
#2534 = CARTESIAN_POINT('',(38.86,-0.839618848688,-0.451693506351));
#2535 = VECTOR('',#2536,1.);
#2536 = DIRECTION('',(-1.,0.,0.));
#2537 = ORIENTED_EDGE('',*,*,#2538,.T.);
#2538 = EDGE_CURVE('',#2531,#1300,#2539,.T.);
#2539 = LINE('',#2540,#2541);
#2540 = CARTESIAN_POINT('',(38.86,-0.839618848688,-0.451693506351));
#2541 = VECTOR('',#2542,1.);
#2542 = DIRECTION('',(0.,0.,-1.));
#2543 = ORIENTED_EDGE('',*,*,#1331,.F.);
#2544 = ORIENTED_EDGE('',*,*,#2482,.F.);
#2545 = PLANE('',#2546);
#2546 = AXIS2_PLACEMENT_3D('',#2547,#2548,#2549);
#2547 = CARTESIAN_POINT('',(38.86,-0.839618848688,-0.451693506351));
#2548 = DIRECTION('',(0.,1.,0.));
#2549 = DIRECTION('',(-1.,0.,0.));
#2550 = ADVANCED_FACE('',(#2551),#2669,.T.);
#2551 = FACE_BOUND('',#2552,.T.);
#2552 = EDGE_LOOP('',(#2553,#2562,#2563,#2564,#2572,#2663));
#2553 = ORIENTED_EDGE('',*,*,#2554,.F.);
#2554 = EDGE_CURVE('',#2507,#2555,#2557,.T.);
#2555 = VERTEX_POINT('',#2556);
#2556 = CARTESIAN_POINT('',(18.54,-22.83666410481,12.248306493649));
#2557 = CIRCLE('',#2558,2.54);
#2558 = AXIS2_PLACEMENT_3D('',#2559,#2560,#2561);
#2559 = CARTESIAN_POINT('',(18.54,-20.6369595792,10.978306493649));
#2560 = DIRECTION('',(0.,0.5,0.866025403784));
#2561 = DIRECTION('',(-1.,0.,0.));
#2562 = ORIENTED_EDGE('',*,*,#2516,.T.);
#2563 = ORIENTED_EDGE('',*,*,#1087,.F.);
#2564 = ORIENTED_EDGE('',*,*,#2565,.F.);
#2565 = EDGE_CURVE('',#2566,#1088,#2568,.T.);
#2566 = VERTEX_POINT('',#2567);
#2567 = CARTESIAN_POINT('',(18.54,-22.83666410481,4.668306493649));
#2568 = LINE('',#2569,#2570);
#2569 = CARTESIAN_POINT('',(18.54,-22.83666410481,12.248306493649));
#2570 = VECTOR('',#2571,1.);
#2571 = DIRECTION('',(0.,0.,-1.));
#2572 = ORIENTED_EDGE('',*,*,#2573,.T.);
#2573 = EDGE_CURVE('',#2566,#2574,#2576,.T.);
#2574 = VERTEX_POINT('',#2575);
#2575 = CARTESIAN_POINT('',(18.54,-22.83666410481,9.668306493649));
#2576 = B_SPLINE_CURVE_WITH_KNOTS('',8,(#2577,#2578,#2579,#2580,#2581,
    #2582,#2583,#2584,#2585,#2586,#2587,#2588,#2589,#2590,#2591,#2592,
    #2593,#2594,#2595,#2596,#2597,#2598,#2599,#2600,#2601,#2602,#2603,
    #2604,#2605,#2606,#2607,#2608,#2609,#2610,#2611,#2612,#2613,#2614,
    #2615,#2616,#2617,#2618,#2619,#2620,#2621,#2622,#2623,#2624,#2625,
    #2626,#2627,#2628,#2629,#2630,#2631,#2632,#2633,#2634,#2635,#2636,
    #2637,#2638,#2639,#2640,#2641,#2642,#2643,#2644,#2645,#2646,#2647,
    #2648,#2649,#2650,#2651,#2652,#2653,#2654,#2655,#2656,#2657,#2658,
    #2659,#2660,#2661,#2662),.UNSPECIFIED.,.F.,.F.,(9,7,7,7,7,7,7,7,7,7,
    7,7,9),(0.,2.207355265489E-02,3.848853405838E-02,6.736432330666E-02,
    0.144134924774,0.22552828118,0.341302987153,0.405957875922,
    0.582243348985,0.733733440823,0.885822150365,0.929521842029,1.),
  .UNSPECIFIED.);
#2577 = CARTESIAN_POINT('',(18.54,-22.83666410481,4.668306493649));
#2578 = CARTESIAN_POINT('',(18.519652656484,-22.83666410481,
    4.668306493649));
#2579 = CARTESIAN_POINT('',(18.499298623941,-22.83650278206,
    4.669342960601));
#2580 = CARTESIAN_POINT('',(18.479064250966,-22.836179935,4.671417151915
    ));
#2581 = CARTESIAN_POINT('',(18.459052732699,-22.83570095318,
    4.674495480217));
#2582 = CARTESIAN_POINT('',(18.439346919903,-22.83507510921,
    4.678520281519));
#2583 = CARTESIAN_POINT('',(18.420011756243,-22.83431409759,
    4.683418929248));
#2584 = CARTESIAN_POINT('',(18.40109634374,-22.83343082049,
    4.689111294125));
#2585 = CARTESIAN_POINT('',(18.368907344847,-22.83170042304,
    4.700278070059));
#2586 = CARTESIAN_POINT('',(18.35542458867,-22.83090175067,
    4.705436394126));
#2587 = CARTESIAN_POINT('',(18.342195120156,-22.83004738092,
    4.710959665525));
#2588 = CARTESIAN_POINT('',(18.329222787572,-22.8291421344,
    4.716818008696));
#2589 = CARTESIAN_POINT('',(18.316508003909,-22.82819058047,
    4.722983123146));
#2590 = CARTESIAN_POINT('',(18.304048215589,-22.82719694292,
    4.729428877495));
#2591 = CARTESIAN_POINT('',(18.291838371174,-22.8261650057,
    4.736131903522));
#2592 = CARTESIAN_POINT('',(18.258820131128,-22.82322106872,
    4.755280931183));
#2593 = CARTESIAN_POINT('',(18.238529277562,-22.82123651596,
    4.768218279527));
#2594 = CARTESIAN_POINT('',(18.218953899667,-22.8191618241,
    4.781776905968));
#2595 = CARTESIAN_POINT('',(18.200051462323,-22.81701175171,
    4.795866102014));
#2596 = CARTESIAN_POINT('',(18.181780899507,-22.8147985209,
    4.810410859655));
#2597 = CARTESIAN_POINT('',(18.164101688808,-22.81253198627,
    4.82535095106));
#2598 = CARTESIAN_POINT('',(18.146972925936,-22.81021980374,
    4.840640008265));
#2599 = CARTESIAN_POINT('',(18.086164244902,-22.80161391277,
    4.897731749879));
#2600 = CARTESIAN_POINT('',(18.045658179235,-22.79508985855,4.94136632)
  );
#2601 = CARTESIAN_POINT('',(18.008030570918,-22.78840290901,
    4.986507190749));
#2602 = CARTESIAN_POINT('',(17.972879249841,-22.7816171434,
    5.032779030507));
#2603 = CARTESIAN_POINT('',(17.939853844269,-22.77478108201,
    5.07989817606));
#2604 = CARTESIAN_POINT('',(17.908700253491,-22.76792464729,
    5.127697012653));
#2605 = CARTESIAN_POINT('',(17.879184377649,-22.76106653801,
    5.176082407495));
#2606 = CARTESIAN_POINT('',(17.821332711948,-22.74694903986,
    5.276953500788));
#2607 = CARTESIAN_POINT('',(17.793220328495,-22.73970157784,
    5.329430498978));
#2608 = CARTESIAN_POINT('',(17.766562388055,-22.73249160995,
    5.382378986846));
#2609 = CARTESIAN_POINT('',(17.741210289276,-22.7253350696,
    5.435727544518));
#2610 = CARTESIAN_POINT('',(17.717049552914,-22.71824511786,
    5.489422350524));
#2611 = CARTESIAN_POINT('',(17.693985659134,-22.71123297312,
    5.543422773722));
#2612 = CARTESIAN_POINT('',(17.671937438081,-22.70430837933,
    5.597699390109));
#2613 = CARTESIAN_POINT('',(17.620825986224,-22.68776655114,
    5.729805590649));
#2614 = CARTESIAN_POINT('',(17.592738541538,-22.67824933654,
    5.807884801413));
#2615 = CARTESIAN_POINT('',(17.566385193144,-22.66895380323,
    5.88640672697));
#2616 = CARTESIAN_POINT('',(17.541628739307,-22.65990389548,
    5.96532252411));
#2617 = CARTESIAN_POINT('',(17.518366597698,-22.65112265447,
    6.044595576282));
#2618 = CARTESIAN_POINT('',(17.496518616163,-22.64263293535,
    6.124198737075));
#2619 = CARTESIAN_POINT('',(17.476021359635,-22.63445795483,
    6.204113077146));
#2620 = CARTESIAN_POINT('',(17.446110745556,-22.62224546142,
    6.329124582767));
#2621 = CARTESIAN_POINT('',(17.435799781951,-22.61797501331,
    6.374013490176));
#2622 = CARTESIAN_POINT('',(17.425888010691,-22.61381456584,
    6.418992251727));
#2623 = CARTESIAN_POINT('',(17.416368960293,-22.60976847145,
    6.464058591631));
#2624 = CARTESIAN_POINT('',(17.407237561477,-22.60584121263,
    6.509210543712));
#2625 = CARTESIAN_POINT('',(17.398490049165,-22.60203742051,
    6.554446431725));
#2626 = CARTESIAN_POINT('',(17.390123864475,-22.59836189343,
    6.599764849668));
#2627 = CARTESIAN_POINT('',(17.360362404547,-22.58516138009,
    6.768949927919));
#2628 = CARTESIAN_POINT('',(17.34141354106,-22.57649462446,
    6.893328661675));
#2629 = CARTESIAN_POINT('',(17.325258508753,-22.56891909568,
    7.018290374968));
#2630 = CARTESIAN_POINT('',(17.311935067012,-22.56254656387,
    7.143822263689));
#2631 = CARTESIAN_POINT('',(17.301541044421,-22.55750296227,
    7.269908152772));
#2632 = CARTESIAN_POINT('',(17.294238797874,-22.55393045293,
    7.396527430627));
#2633 = CARTESIAN_POINT('',(17.290274278473,-22.55198941825,
    7.523653953267));
#2634 = CARTESIAN_POINT('',(17.289784202934,-22.55174948839,
    7.760908206877));
#2635 = CARTESIAN_POINT('',(17.292290907622,-22.55297675881,
    7.870868603605));
#2636 = CARTESIAN_POINT('',(17.297758990069,-22.55565472807,
    7.981144987581));
#2637 = CARTESIAN_POINT('',(17.306483644793,-22.55990889306,
    8.091700018076));
#2638 = CARTESIAN_POINT('',(17.318845241087,-22.56587336213,
    8.202444655557));
#2639 = CARTESIAN_POINT('',(17.335321998887,-22.57368577068,
    8.313234594968));
#2640 = CARTESIAN_POINT('',(17.356527011361,-22.58347492429,
    8.423860317934));
#2641 = CARTESIAN_POINT('',(17.410177654926,-22.60724120802,
    8.644619932587));
#2642 = CARTESIAN_POINT('',(17.442586100953,-22.62119840583,
    8.754413124867));
#2643 = CARTESIAN_POINT('',(17.481392163354,-22.63731466543,
    8.863435137956));
#2644 = CARTESIAN_POINT('',(17.527688977895,-22.65565141446,
    8.971230687247));
#2645 = CARTESIAN_POINT('',(17.582723886994,-22.6761450496,
    9.076870522211));
#2646 = CARTESIAN_POINT('',(17.647969950729,-22.69847655235,
    9.178857803047));
#2647 = CARTESIAN_POINT('',(17.724833206883,-22.72189139467,
    9.275197987497));
#2648 = CARTESIAN_POINT('',(17.840686177961,-22.75178016811,
    9.388460776215));
#2649 = CARTESIAN_POINT('',(17.867601778848,-22.75842798044,
    9.413024555537));
#2650 = CARTESIAN_POINT('',(17.895595138799,-22.76501950451,
    9.436799135413));
#2651 = CARTESIAN_POINT('',(17.924679454243,-22.77151648833,
    9.459703301187));
#2652 = CARTESIAN_POINT('',(17.9548586549,-22.77787619961,9.481649302264
    ));
#2653 = CARTESIAN_POINT('',(17.986125316583,-22.78405222824,
    9.502544644808));
#2654 = CARTESIAN_POINT('',(18.018458574009,-22.78999528892,
    9.522293884452));
#2655 = CARTESIAN_POINT('',(18.105630083177,-22.80478033996,
    9.570647459456));
#2656 = CARTESIAN_POINT('',(18.162173069388,-22.81317667959,
    9.597293616216));
#2657 = CARTESIAN_POINT('',(18.22123440565,-22.82061469604,9.62028065062
    ));
#2658 = CARTESIAN_POINT('',(18.282505793609,-22.82686519406,
    9.639193722444));
#2659 = CARTESIAN_POINT('',(18.34558008203,-22.83172038431,
    9.653671427712));
#2660 = CARTESIAN_POINT('',(18.409947122788,-22.83501754701,
    9.663430688344));
#2661 = CARTESIAN_POINT('',(18.474992623954,-22.83666410481,
    9.668306493649));
#2662 = CARTESIAN_POINT('',(18.54,-22.83666410481,9.668306493649));
#2663 = ORIENTED_EDGE('',*,*,#2664,.F.);
#2664 = EDGE_CURVE('',#2555,#2574,#2665,.T.);
#2665 = LINE('',#2666,#2667);
#2666 = CARTESIAN_POINT('',(18.54,-22.83666410481,12.248306493649));
#2667 = VECTOR('',#2668,1.);
#2668 = DIRECTION('',(0.,0.,-1.));
#2669 = SURFACE_OF_LINEAR_EXTRUSION('',#2670,#2675);
#2670 = CIRCLE('',#2671,2.54);
#2671 = AXIS2_PLACEMENT_3D('',#2672,#2673,#2674);
#2672 = CARTESIAN_POINT('',(18.54,-20.6369595792,10.978306493649));
#2673 = DIRECTION('',(0.,0.5,0.866025403784));
#2674 = DIRECTION('',(-1.,0.,0.));
#2675 = VECTOR('',#2676,1.);
#2676 = DIRECTION('',(0.,0.,1.));
#2677 = ADVANCED_FACE('',(#2678),#2697,.T.);
#2678 = FACE_BOUND('',#2679,.T.);
#2679 = EDGE_LOOP('',(#2680,#2689,#2695,#2696));
#2680 = ORIENTED_EDGE('',*,*,#2681,.F.);
#2681 = EDGE_CURVE('',#2682,#2531,#2684,.T.);
#2682 = VERTEX_POINT('',#2683);
#2683 = CARTESIAN_POINT('',(41.4,-3.039323374301,0.818306493649));
#2684 = CIRCLE('',#2685,2.54);
#2685 = AXIS2_PLACEMENT_3D('',#2686,#2687,#2688);
#2686 = CARTESIAN_POINT('',(38.86,-3.039323374301,0.818306493649));
#2687 = DIRECTION('',(-0.,0.5,0.866025403784));
#2688 = DIRECTION('',(1.,0.,0.));
#2689 = ORIENTED_EDGE('',*,*,#2690,.T.);
#2690 = EDGE_CURVE('',#2682,#1291,#2691,.T.);
#2691 = LINE('',#2692,#2693);
#2692 = CARTESIAN_POINT('',(41.4,-3.039323374301,0.818306493649));
#2693 = VECTOR('',#2694,1.);
#2694 = DIRECTION('',(0.,0.,-1.));
#2695 = ORIENTED_EDGE('',*,*,#1299,.F.);
#2696 = ORIENTED_EDGE('',*,*,#2538,.F.);
#2697 = SURFACE_OF_LINEAR_EXTRUSION('',#2698,#2703);
#2698 = CIRCLE('',#2699,2.54);
#2699 = AXIS2_PLACEMENT_3D('',#2700,#2701,#2702);
#2700 = CARTESIAN_POINT('',(38.86,-3.039323374301,0.818306493649));
#2701 = DIRECTION('',(-0.,0.5,0.866025403784));
#2702 = DIRECTION('',(1.,0.,0.));
#2703 = VECTOR('',#2704,1.);
#2704 = DIRECTION('',(0.,0.,1.));
#2705 = ADVANCED_FACE('',(#2706),#2725,.T.);
#2706 = FACE_BOUND('',#2707,.T.);
#2707 = EDGE_LOOP('',(#2708,#2717,#2718,#2719));
#2708 = ORIENTED_EDGE('',*,*,#2709,.F.);
#2709 = EDGE_CURVE('',#2566,#2710,#2712,.T.);
#2710 = VERTEX_POINT('',#2711);
#2711 = CARTESIAN_POINT('',(19.,-22.83666410481,4.843742018312));
#2712 = ELLIPSE('',#2713,2.5,1.25);
#2713 = AXIS2_PLACEMENT_3D('',#2714,#2715,#2716);
#2714 = CARTESIAN_POINT('',(18.54,-22.83666410481,7.168306493649));
#2715 = DIRECTION('',(0.,-1.,0.));
#2716 = DIRECTION('',(0.,0.,1.));
#2717 = ORIENTED_EDGE('',*,*,#2565,.T.);
#2718 = ORIENTED_EDGE('',*,*,#1119,.T.);
#2719 = ORIENTED_EDGE('',*,*,#2720,.T.);
#2720 = EDGE_CURVE('',#1120,#2710,#2721,.T.);
#2721 = LINE('',#2722,#2723);
#2722 = CARTESIAN_POINT('',(19.,-22.83666410481,-5.713948406567));
#2723 = VECTOR('',#2724,1.);
#2724 = DIRECTION('',(0.,0.,1.));
#2725 = PLANE('',#2726);
#2726 = AXIS2_PLACEMENT_3D('',#2727,#2728,#2729);
#2727 = CARTESIAN_POINT('',(18.54,-22.83666410481,12.248306493649));
#2728 = DIRECTION('',(0.,-1.,0.));
#2729 = DIRECTION('',(1.,0.,0.));
#2730 = ADVANCED_FACE('',(#2731),#2749,.T.);
#2731 = FACE_BOUND('',#2732,.T.);
#2732 = EDGE_LOOP('',(#2733,#2741,#2747,#2748));
#2733 = ORIENTED_EDGE('',*,*,#2734,.F.);
#2734 = EDGE_CURVE('',#2735,#2682,#2737,.T.);
#2735 = VERTEX_POINT('',#2736);
#2736 = CARTESIAN_POINT('',(41.4,-20.6369595792,10.978306493649));
#2737 = LINE('',#2738,#2739);
#2738 = CARTESIAN_POINT('',(41.4,-20.6369595792,10.978306493649));
#2739 = VECTOR('',#2740,1.);
#2740 = DIRECTION('',(0.,0.866025403784,-0.5));
#2741 = ORIENTED_EDGE('',*,*,#2742,.T.);
#2742 = EDGE_CURVE('',#2735,#1259,#2743,.T.);
#2743 = LINE('',#2744,#2745);
#2744 = CARTESIAN_POINT('',(41.4,-20.6369595792,10.978306493649));
#2745 = VECTOR('',#2746,1.);
#2746 = DIRECTION('',(0.,0.,-1.));
#2747 = ORIENTED_EDGE('',*,*,#1290,.T.);
#2748 = ORIENTED_EDGE('',*,*,#2690,.F.);
#2749 = PLANE('',#2750);
#2750 = AXIS2_PLACEMENT_3D('',#2751,#2752,#2753);
#2751 = CARTESIAN_POINT('',(41.4,-20.6369595792,10.978306493649));
#2752 = DIRECTION('',(1.,0.,0.));
#2753 = DIRECTION('',(0.,0.866025403784,-0.5));
#2754 = ADVANCED_FACE('',(#2755),#2781,.T.);
#2755 = FACE_BOUND('',#2756,.T.);
#2756 = EDGE_LOOP('',(#2757,#2765,#2766,#2767,#2775));
#2757 = ORIENTED_EDGE('',*,*,#2758,.F.);
#2758 = EDGE_CURVE('',#2710,#2759,#2761,.T.);
#2759 = VERTEX_POINT('',#2760);
#2760 = CARTESIAN_POINT('',(19.,-19.63039363501,10.397165374815));
#2761 = LINE('',#2762,#2763);
#2762 = CARTESIAN_POINT('',(19.,-39.50539363501,-24.02734442561));
#2763 = VECTOR('',#2764,1.);
#2764 = DIRECTION('',(0.,0.5,0.866025403784));
#2765 = ORIENTED_EDGE('',*,*,#2720,.F.);
#2766 = ORIENTED_EDGE('',*,*,#1127,.T.);
#2767 = ORIENTED_EDGE('',*,*,#2768,.T.);
#2768 = EDGE_CURVE('',#1128,#2769,#2771,.T.);
#2769 = VERTEX_POINT('',#2770);
#2770 = CARTESIAN_POINT('',(19.,-4.045889318489,1.399447612483));
#2771 = LINE('',#2772,#2773);
#2772 = CARTESIAN_POINT('',(19.,-23.92088931848,-33.02506218794));
#2773 = VECTOR('',#2774,1.);
#2774 = DIRECTION('',(0.,0.5,0.866025403784));
#2775 = ORIENTED_EDGE('',*,*,#2776,.F.);
#2776 = EDGE_CURVE('',#2759,#2769,#2777,.T.);
#2777 = LINE('',#2778,#2779);
#2778 = CARTESIAN_POINT('',(19.,-16.0383646851,8.323306493649));
#2779 = VECTOR('',#2780,1.);
#2780 = DIRECTION('',(0.,0.866025403784,-0.5));
#2781 = PLANE('',#2782);
#2782 = AXIS2_PLACEMENT_3D('',#2783,#2784,#2785);
#2783 = CARTESIAN_POINT('',(19.,-40.11358789346,-23.67620330678));
#2784 = DIRECTION('',(1.,0.,0.));
#2785 = DIRECTION('',(0.,0.5,0.866025403784));
#2786 = ADVANCED_FACE('',(#2787),#2891,.T.);
#2787 = FACE_BOUND('',#2788,.T.);
#2788 = EDGE_LOOP('',(#2789,#2798,#2806,#2883,#2889,#2890));
#2789 = ORIENTED_EDGE('',*,*,#2790,.F.);
#2790 = EDGE_CURVE('',#2791,#2735,#2793,.T.);
#2791 = VERTEX_POINT('',#2792);
#2792 = CARTESIAN_POINT('',(38.86,-22.83666410481,12.248306493649));
#2793 = CIRCLE('',#2794,2.54);
#2794 = AXIS2_PLACEMENT_3D('',#2795,#2796,#2797);
#2795 = CARTESIAN_POINT('',(38.86,-20.6369595792,10.978306493649));
#2796 = DIRECTION('',(-0.,0.5,0.866025403784));
#2797 = DIRECTION('',(0.,-0.866025403784,0.5));
#2798 = ORIENTED_EDGE('',*,*,#2799,.T.);
#2799 = EDGE_CURVE('',#2791,#2800,#2802,.T.);
#2800 = VERTEX_POINT('',#2801);
#2801 = CARTESIAN_POINT('',(38.86,-22.83666410481,9.668306493649));
#2802 = LINE('',#2803,#2804);
#2803 = CARTESIAN_POINT('',(38.86,-22.83666410481,12.248306493649));
#2804 = VECTOR('',#2805,1.);
#2805 = DIRECTION('',(0.,0.,-1.));
#2806 = ORIENTED_EDGE('',*,*,#2807,.T.);
#2807 = EDGE_CURVE('',#2800,#2808,#2810,.T.);
#2808 = VERTEX_POINT('',#2809);
#2809 = CARTESIAN_POINT('',(38.86,-22.83666410481,4.668306493649));
#2810 = B_SPLINE_CURVE_WITH_KNOTS('',8,(#2811,#2812,#2813,#2814,#2815,
    #2816,#2817,#2818,#2819,#2820,#2821,#2822,#2823,#2824,#2825,#2826,
    #2827,#2828,#2829,#2830,#2831,#2832,#2833,#2834,#2835,#2836,#2837,
    #2838,#2839,#2840,#2841,#2842,#2843,#2844,#2845,#2846,#2847,#2848,
    #2849,#2850,#2851,#2852,#2853,#2854,#2855,#2856,#2857,#2858,#2859,
    #2860,#2861,#2862,#2863,#2864,#2865,#2866,#2867,#2868,#2869,#2870,
    #2871,#2872,#2873,#2874,#2875,#2876,#2877,#2878,#2879,#2880,#2881,
    #2882),.UNSPECIFIED.,.F.,.F.,(9,7,7,7,7,7,7,7,7,7,9),(0.,
    7.849558137539E-02,0.131963952373,0.212491786861,0.426178781731,
    0.593926761238,0.751256420703,0.850565778426,0.929652716344,
    0.969432571336,1.),.UNSPECIFIED.);
#2811 = CARTESIAN_POINT('',(38.86,-22.83666410481,9.668306493649));
#2812 = CARTESIAN_POINT('',(38.932392226888,-22.83666410481,
    9.668306493649));
#2813 = CARTESIAN_POINT('',(39.004837570784,-22.83462203292,
    9.662260508699));
#2814 = CARTESIAN_POINT('',(39.076331126779,-22.83053258979,
    9.650153607677));
#2815 = CARTESIAN_POINT('',(39.146041697944,-22.82453883665,
    9.632251317255));
#2816 = CARTESIAN_POINT('',(39.213303868008,-22.816888835,9.608977868567
    ));
#2817 = CARTESIAN_POINT('',(39.277613811659,-22.80788842884,
    9.580860767889));
#2818 = CARTESIAN_POINT('',(39.338621746474,-22.79785881807,
    9.548501400186));
#2819 = CARTESIAN_POINT('',(39.435275541476,-22.77978420898,
    9.48802988452));
#2820 = CARTESIAN_POINT('',(39.472843240257,-22.77211901973,
    9.461829778922));
#2821 = CARTESIAN_POINT('',(39.50877966337,-22.76420149423,
    9.434103089304));
#2822 = CARTESIAN_POINT('',(39.543076475042,-22.75611545865,
    9.405016371395));
#2823 = CARTESIAN_POINT('',(39.575748532839,-22.74793619552,
    9.374726121617));
#2824 = CARTESIAN_POINT('',(39.606828725836,-22.73972882661,
    9.343375086566));
#2825 = CARTESIAN_POINT('',(39.636363485281,-22.73154795826,
    9.311089465263));
#2826 = CARTESIAN_POINT('',(39.70664780784,-22.71122520193,
    9.228106870885));
#2827 = CARTESIAN_POINT('',(39.745491290042,-22.69917892557,
    9.176381688025));
#2828 = CARTESIAN_POINT('',(39.781147677272,-22.68744976536,
    9.123157724857));
#2829 = CARTESIAN_POINT('',(39.813831609034,-22.67614770273,
    9.068737702793));
#2830 = CARTESIAN_POINT('',(39.843757893443,-22.66534850978,
    9.013372448236));
#2831 = CARTESIAN_POINT('',(39.871135997375,-22.65509991337,
    8.957262103823));
#2832 = CARTESIAN_POINT('',(39.896165234763,-22.64542810893,
    8.900556898037));
#2833 = CARTESIAN_POINT('',(39.979705853725,-22.612240876,8.691574263352
    ));
#2834 = CARTESIAN_POINT('',(40.024989740941,-22.59234152668,
    8.536701879239));
#2835 = CARTESIAN_POINT('',(40.058538571614,-22.57679429691,
    8.380488667625));
#2836 = CARTESIAN_POINT('',(40.082499356711,-22.56529912092,
    8.223954701594));
#2837 = CARTESIAN_POINT('',(40.098583588065,-22.55745824842,
    8.067767341128));
#2838 = CARTESIAN_POINT('',(40.107940544443,-22.55286075406,
    7.912219554876));
#2839 = CARTESIAN_POINT('',(40.11144794034,-22.55114653724,
    7.757329388555));
#2840 = CARTESIAN_POINT('',(40.1082525744,-22.55271036856,7.481544016907
    ));
#2841 = CARTESIAN_POINT('',(40.103585657767,-22.55499330536,
    7.360699364214));
#2842 = CARTESIAN_POINT('',(40.095946709588,-22.55871979326,
    7.240320245744));
#2843 = CARTESIAN_POINT('',(40.085534407775,-22.56375458724,
    7.120427193021));
#2844 = CARTESIAN_POINT('',(40.072480891193,-22.56997719054,
    7.001037036286));
#2845 = CARTESIAN_POINT('',(40.05686554918,-22.5772802043,6.882163660672
    ));
#2846 = CARTESIAN_POINT('',(40.038718194741,-22.5855676755,
    6.763818821369));
#2847 = CARTESIAN_POINT('',(39.998591070742,-22.60336871043,
    6.535523776629));
#2848 = CARTESIAN_POINT('',(39.976922596782,-22.61277279621,
    6.425526257129));
#2849 = CARTESIAN_POINT('',(39.952984081489,-22.62289440895,
    6.316026058855));
#2850 = CARTESIAN_POINT('',(39.926714730635,-22.63366889771,
    6.207043769556));
#2851 = CARTESIAN_POINT('',(39.898007021716,-22.6450358122,
    6.098617090048));
#2852 = CARTESIAN_POINT('',(39.866704416536,-22.65693735302,
    5.99080133756));
#2853 = CARTESIAN_POINT('',(39.832579371234,-22.66931658834,
    5.883673865019));
#2854 = CARTESIAN_POINT('',(39.771713405798,-22.69019247043,
    5.710233061887));
#2855 = CARTESIAN_POINT('',(39.746895331312,-22.69843568613,
    5.643451546311));
#2856 = CARTESIAN_POINT('',(39.720717002519,-22.70682995012,
    5.577023233748));
#2857 = CARTESIAN_POINT('',(39.69306643349,-22.71535974686,5.5109847688)
  );
#2858 = CARTESIAN_POINT('',(39.663802683515,-22.72400703749,
    5.445393331011));
#2859 = CARTESIAN_POINT('',(39.63275208755,-22.73275076607,
    5.380327647008));
#2860 = CARTESIAN_POINT('',(39.599687261462,-22.74156561745,
    5.315894077854));
#2861 = CARTESIAN_POINT('',(39.536053111316,-22.75746912186,
    5.201557864294));
#2862 = CARTESIAN_POINT('',(39.506386058934,-22.76453383389,
    5.151439461965));
#2863 = CARTESIAN_POINT('',(39.47506108282,-22.77160517916,
    5.101900603316));
#2864 = CARTESIAN_POINT('',(39.441843391459,-22.77866446953,
    5.053032127156));
#2865 = CARTESIAN_POINT('',(39.406476816355,-22.78568214024,
    5.004997398834));
#2866 = CARTESIAN_POINT('',(39.368605329651,-22.79261038244,
    4.95807371508));
#2867 = CARTESIAN_POINT('',(39.327818607838,-22.79938615257,
    4.912628062871));
#2868 = CARTESIAN_POINT('',(39.260897093162,-22.80918149892,
    4.847492205098));
#2869 = CARTESIAN_POINT('',(39.237594981348,-22.8123883446,
    4.826266156595));
#2870 = CARTESIAN_POINT('',(39.213267117989,-22.81551387795,
    4.805668979249));
#2871 = CARTESIAN_POINT('',(39.187799963933,-22.81853950837,
    4.785813390113));
#2872 = CARTESIAN_POINT('',(39.161087108657,-22.82143789035,
    4.766867344897));
#2873 = CARTESIAN_POINT('',(39.133028166454,-22.8241724853,
    4.749055552283));
#2874 = CARTESIAN_POINT('',(39.103525435228,-22.8266969057,
    4.732663369411));
#2875 = CARTESIAN_POINT('',(39.048621253898,-22.83068845824,
    4.706808630891));
#2876 = CARTESIAN_POINT('',(39.023837842225,-22.83226610834,
    4.696613552138));
#2877 = CARTESIAN_POINT('',(38.998143372512,-22.83365604812,
    4.687650567114));
#2878 = CARTESIAN_POINT('',(38.971595298477,-22.83482376328,
    4.680133863063));
#2879 = CARTESIAN_POINT('',(38.94429990717,-22.8357336689,4.674284206974
    ));
#2880 = CARTESIAN_POINT('',(38.916423800572,-22.8363540017,
    4.670298889244));
#2881 = CARTESIAN_POINT('',(38.888210189526,-22.83666410481,
    4.668306493649));
#2882 = CARTESIAN_POINT('',(38.86,-22.83666410481,4.668306493649));
#2883 = ORIENTED_EDGE('',*,*,#2884,.T.);
#2884 = EDGE_CURVE('',#2808,#1251,#2885,.T.);
#2885 = LINE('',#2886,#2887);
#2886 = CARTESIAN_POINT('',(38.86,-22.83666410481,12.248306493649));
#2887 = VECTOR('',#2888,1.);
#2888 = DIRECTION('',(0.,0.,-1.));
#2889 = ORIENTED_EDGE('',*,*,#1258,.F.);
#2890 = ORIENTED_EDGE('',*,*,#2742,.F.);
#2891 = SURFACE_OF_LINEAR_EXTRUSION('',#2892,#2897);
#2892 = CIRCLE('',#2893,2.54);
#2893 = AXIS2_PLACEMENT_3D('',#2894,#2895,#2896);
#2894 = CARTESIAN_POINT('',(38.86,-20.6369595792,10.978306493649));
#2895 = DIRECTION('',(-0.,0.5,0.866025403784));
#2896 = DIRECTION('',(0.,-0.866025403784,0.5));
#2897 = VECTOR('',#2898,1.);
#2898 = DIRECTION('',(0.,0.,1.));
#2899 = ADVANCED_FACE('',(#2900),#2929,.F.);
#2900 = FACE_BOUND('',#2901,.F.);
#2901 = EDGE_LOOP('',(#2902,#2903,#2904,#2913,#2922,#2928));
#2902 = ORIENTED_EDGE('',*,*,#1136,.T.);
#2903 = ORIENTED_EDGE('',*,*,#2768,.T.);
#2904 = ORIENTED_EDGE('',*,*,#2905,.F.);
#2905 = EDGE_CURVE('',#2906,#2769,#2908,.T.);
#2906 = VERTEX_POINT('',#2907);
#2907 = CARTESIAN_POINT('',(18.54,-1.95679161957,0.193306493649));
#2908 = CIRCLE('',#2909,1.25);
#2909 = AXIS2_PLACEMENT_3D('',#2910,#2911,#2912);
#2910 = CARTESIAN_POINT('',(18.54,-3.039323374301,0.818306493649));
#2911 = DIRECTION('',(0.,0.5,0.866025403784));
#2912 = DIRECTION('',(0.,0.866025403784,-0.5));
#2913 = ORIENTED_EDGE('',*,*,#2914,.F.);
#2914 = EDGE_CURVE('',#2915,#2906,#2917,.T.);
#2915 = VERTEX_POINT('',#2916);
#2916 = CARTESIAN_POINT('',(19.702282237669,-3.437695060041,
    1.048306493649));
#2917 = CIRCLE('',#2918,1.25);
#2918 = AXIS2_PLACEMENT_3D('',#2919,#2920,#2921);
#2919 = CARTESIAN_POINT('',(18.54,-3.039323374301,0.818306493649));
#2920 = DIRECTION('',(0.,0.5,0.866025403784));
#2921 = DIRECTION('',(0.,0.866025403784,-0.5));
#2922 = ORIENTED_EDGE('',*,*,#2923,.F.);
#2923 = EDGE_CURVE('',#1165,#2915,#2924,.T.);
#2924 = LINE('',#2925,#2926);
#2925 = CARTESIAN_POINT('',(19.702282237669,-23.31269506004,
    -33.37620330678));
#2926 = VECTOR('',#2927,1.);
#2927 = DIRECTION('',(0.,0.5,0.866025403784));
#2928 = ORIENTED_EDGE('',*,*,#1164,.T.);
#2929 = CYLINDRICAL_SURFACE('',#2930,1.25);
#2930 = AXIS2_PLACEMENT_3D('',#2931,#2932,#2933);
#2931 = CARTESIAN_POINT('',(18.54,-22.9143233743,-33.60620330678));
#2932 = DIRECTION('',(0.,0.5,0.866025403784));
#2933 = DIRECTION('',(0.,0.866025403784,-0.5));
#2934 = ADVANCED_FACE('',(#2935),#2954,.T.);
#2935 = FACE_BOUND('',#2936,.T.);
#2936 = EDGE_LOOP('',(#2937,#2938,#2947,#2953));
#2937 = ORIENTED_EDGE('',*,*,#2884,.F.);
#2938 = ORIENTED_EDGE('',*,*,#2939,.F.);
#2939 = EDGE_CURVE('',#2940,#2808,#2942,.T.);
#2940 = VERTEX_POINT('',#2941);
#2941 = CARTESIAN_POINT('',(38.4,-22.83666410481,4.843742018312));
#2942 = ELLIPSE('',#2943,2.5,1.25);
#2943 = AXIS2_PLACEMENT_3D('',#2944,#2945,#2946);
#2944 = CARTESIAN_POINT('',(38.86,-22.83666410481,7.168306493649));
#2945 = DIRECTION('',(0.,-1.,0.));
#2946 = DIRECTION('',(0.,0.,1.));
#2947 = ORIENTED_EDGE('',*,*,#2948,.F.);
#2948 = EDGE_CURVE('',#1242,#2940,#2949,.T.);
#2949 = LINE('',#2950,#2951);
#2950 = CARTESIAN_POINT('',(38.4,-22.83666410481,-5.713948406567));
#2951 = VECTOR('',#2952,1.);
#2952 = DIRECTION('',(0.,0.,1.));
#2953 = ORIENTED_EDGE('',*,*,#1250,.T.);
#2954 = PLANE('',#2955);
#2955 = AXIS2_PLACEMENT_3D('',#2956,#2957,#2958);
#2956 = CARTESIAN_POINT('',(18.54,-22.83666410481,12.248306493649));
#2957 = DIRECTION('',(0.,-1.,0.));
#2958 = DIRECTION('',(1.,0.,0.));
#2959 = ADVANCED_FACE('',(#2960),#2986,.F.);
#2960 = FACE_BOUND('',#2961,.F.);
#2961 = EDGE_LOOP('',(#2962,#2970,#2971,#2972,#2980));
#2962 = ORIENTED_EDGE('',*,*,#2963,.F.);
#2963 = EDGE_CURVE('',#2940,#2964,#2966,.T.);
#2964 = VERTEX_POINT('',#2965);
#2965 = CARTESIAN_POINT('',(38.4,-19.63039363501,10.397165374815));
#2966 = LINE('',#2967,#2968);
#2967 = CARTESIAN_POINT('',(38.4,-39.50539363501,-24.02734442561));
#2968 = VECTOR('',#2969,1.);
#2969 = DIRECTION('',(0.,0.5,0.866025403784));
#2970 = ORIENTED_EDGE('',*,*,#2948,.F.);
#2971 = ORIENTED_EDGE('',*,*,#1241,.T.);
#2972 = ORIENTED_EDGE('',*,*,#2973,.T.);
#2973 = EDGE_CURVE('',#1214,#2974,#2976,.T.);
#2974 = VERTEX_POINT('',#2975);
#2975 = CARTESIAN_POINT('',(38.4,-4.045889318489,1.399447612483));
#2976 = LINE('',#2977,#2978);
#2977 = CARTESIAN_POINT('',(38.4,-23.92088931848,-33.02506218794));
#2978 = VECTOR('',#2979,1.);
#2979 = DIRECTION('',(0.,0.5,0.866025403784));
#2980 = ORIENTED_EDGE('',*,*,#2981,.F.);
#2981 = EDGE_CURVE('',#2964,#2974,#2982,.T.);
#2982 = LINE('',#2983,#2984);
#2983 = CARTESIAN_POINT('',(38.4,-16.0383646851,8.323306493649));
#2984 = VECTOR('',#2985,1.);
#2985 = DIRECTION('',(0.,0.866025403784,-0.5));
#2986 = PLANE('',#2987);
#2987 = AXIS2_PLACEMENT_3D('',#2988,#2989,#2990);
#2988 = CARTESIAN_POINT('',(38.4,-40.11358789346,-23.67620330678));
#2989 = DIRECTION('',(1.,0.,0.));
#2990 = DIRECTION('',(0.,0.5,0.866025403784));
#2991 = ADVANCED_FACE('',(#2992),#3010,.F.);
#2992 = FACE_BOUND('',#2993,.F.);
#2993 = EDGE_LOOP('',(#2994,#3002,#3003,#3004));
#2994 = ORIENTED_EDGE('',*,*,#2995,.F.);
#2995 = EDGE_CURVE('',#1184,#2996,#2998,.T.);
#2996 = VERTEX_POINT('',#2997);
#2997 = CARTESIAN_POINT('',(37.697717762331,-3.437695060041,
    1.048306493649));
#2998 = LINE('',#2999,#3000);
#2999 = CARTESIAN_POINT('',(37.697717762331,-23.31269506004,
    -33.37620330678));
#3000 = VECTOR('',#3001,1.);
#3001 = DIRECTION('',(0.,0.5,0.866025403784));
#3002 = ORIENTED_EDGE('',*,*,#1183,.F.);
#3003 = ORIENTED_EDGE('',*,*,#2923,.T.);
#3004 = ORIENTED_EDGE('',*,*,#3005,.F.);
#3005 = EDGE_CURVE('',#2996,#2915,#3006,.T.);
#3006 = LINE('',#3007,#3008);
#3007 = CARTESIAN_POINT('',(23.85,-3.437695060041,1.048306493649));
#3008 = VECTOR('',#3009,1.);
#3009 = DIRECTION('',(-1.,0.,0.));
#3010 = PLANE('',#3011);
#3011 = AXIS2_PLACEMENT_3D('',#3012,#3013,#3014);
#3012 = CARTESIAN_POINT('',(19.,-23.31269506004,-33.37620330678));
#3013 = DIRECTION('',(0.,0.866025403784,-0.5));
#3014 = DIRECTION('',(0.,0.5,0.866025403784));
#3015 = ADVANCED_FACE('',(#3016),#3038,.F.);
#3016 = FACE_BOUND('',#3017,.F.);
#3017 = EDGE_LOOP('',(#3018,#3019,#3020,#3029,#3036,#3037));
#3018 = ORIENTED_EDGE('',*,*,#1191,.T.);
#3019 = ORIENTED_EDGE('',*,*,#2995,.T.);
#3020 = ORIENTED_EDGE('',*,*,#3021,.F.);
#3021 = EDGE_CURVE('',#3022,#2996,#3024,.T.);
#3022 = VERTEX_POINT('',#3023);
#3023 = CARTESIAN_POINT('',(38.86,-1.95679161957,0.193306493649));
#3024 = CIRCLE('',#3025,1.25);
#3025 = AXIS2_PLACEMENT_3D('',#3026,#3027,#3028);
#3026 = CARTESIAN_POINT('',(38.86,-3.039323374301,0.818306493649));
#3027 = DIRECTION('',(0.,0.5,0.866025403784));
#3028 = DIRECTION('',(0.,0.866025403784,-0.5));
#3029 = ORIENTED_EDGE('',*,*,#3030,.F.);
#3030 = EDGE_CURVE('',#2974,#3022,#3031,.T.);
#3031 = CIRCLE('',#3032,1.25);
#3032 = AXIS2_PLACEMENT_3D('',#3033,#3034,#3035);
#3033 = CARTESIAN_POINT('',(38.86,-3.039323374301,0.818306493649));
#3034 = DIRECTION('',(0.,0.5,0.866025403784));
#3035 = DIRECTION('',(0.,0.866025403784,-0.5));
#3036 = ORIENTED_EDGE('',*,*,#2973,.F.);
#3037 = ORIENTED_EDGE('',*,*,#1213,.T.);
#3038 = CYLINDRICAL_SURFACE('',#3039,1.25);
#3039 = AXIS2_PLACEMENT_3D('',#3040,#3041,#3042);
#3040 = CARTESIAN_POINT('',(38.86,-22.9143233743,-33.60620330678));
#3041 = DIRECTION('',(0.,0.5,0.866025403784));
#3042 = DIRECTION('',(0.,0.866025403784,-0.5));
#3043 = ADVANCED_FACE('',(#3044),#3063,.T.);
#3044 = FACE_BOUND('',#3045,.T.);
#3045 = EDGE_LOOP('',(#3046,#3047,#3055,#3062));
#3046 = ORIENTED_EDGE('',*,*,#1339,.T.);
#3047 = ORIENTED_EDGE('',*,*,#3048,.T.);
#3048 = EDGE_CURVE('',#1340,#3049,#3051,.T.);
#3049 = VERTEX_POINT('',#3050);
#3050 = CARTESIAN_POINT('',(4.5,18.,10.));
#3051 = LINE('',#3052,#3053);
#3052 = CARTESIAN_POINT('',(4.5,18.,-20.));
#3053 = VECTOR('',#3054,1.);
#3054 = DIRECTION('',(0.,0.,1.));
#3055 = ORIENTED_EDGE('',*,*,#3056,.F.);
#3056 = EDGE_CURVE('',#3049,#3049,#3057,.T.);
#3057 = CIRCLE('',#3058,3.5);
#3058 = AXIS2_PLACEMENT_3D('',#3059,#3060,#3061);
#3059 = CARTESIAN_POINT('',(1.,18.,10.));
#3060 = DIRECTION('',(0.,0.,1.));
#3061 = DIRECTION('',(1.,0.,0.));
#3062 = ORIENTED_EDGE('',*,*,#3048,.F.);
#3063 = CYLINDRICAL_SURFACE('',#3064,3.5);
#3064 = AXIS2_PLACEMENT_3D('',#3065,#3066,#3067);
#3065 = CARTESIAN_POINT('',(1.,18.,-20.));
#3066 = DIRECTION('',(0.,0.,1.));
#3067 = DIRECTION('',(1.,0.,0.));
#3068 = ADVANCED_FACE('',(#3069),#3196,.T.);
#3069 = FACE_BOUND('',#3070,.T.);
#3070 = EDGE_LOOP('',(#3071,#3082,#3088,#3089,#3180,#3190));
#3071 = ORIENTED_EDGE('',*,*,#3072,.F.);
#3072 = EDGE_CURVE('',#3073,#3075,#3077,.T.);
#3073 = VERTEX_POINT('',#3074);
#3074 = CARTESIAN_POINT('',(30.534470102425,25.395819171437,
    7.094233232805));
#3075 = VERTEX_POINT('',#3076);
#3076 = CARTESIAN_POINT('',(27.94551753764,27.715290222775,
    8.000091077114));
#3077 = CIRCLE('',#3078,2.54);
#3078 = AXIS2_PLACEMENT_3D('',#3079,#3080,#3081);
#3079 = CARTESIAN_POINT('',(27.995156314887,25.338111345637,
    7.106694984734));
#3080 = DIRECTION('',(1.258288789258E-02,-0.351539839572,0.936088357008)
  );
#3081 = DIRECTION('',(0.999729837613,2.271961645697E-02,
    -4.906201546831E-03));
#3082 = ORIENTED_EDGE('',*,*,#3083,.T.);
#3083 = EDGE_CURVE('',#3073,#1411,#3084,.T.);
#3084 = LINE('',#3085,#3086);
#3085 = CARTESIAN_POINT('',(30.534470102425,25.395819171437,
    7.094233232805));
#3086 = VECTOR('',#3087,1.);
#3087 = DIRECTION('',(0.,0.,-1.));
#3088 = ORIENTED_EDGE('',*,*,#1408,.F.);
#3089 = ORIENTED_EDGE('',*,*,#3090,.T.);
#3090 = EDGE_CURVE('',#1409,#3091,#3093,.T.);
#3091 = VERTEX_POINT('',#3092);
#3092 = CARTESIAN_POINT('',(27.951949308063,27.715428760906,
    4.331822827666));
#3093 = B_SPLINE_CURVE_WITH_KNOTS('',8,(#3094,#3095,#3096,#3097,#3098,
    #3099,#3100,#3101,#3102,#3103,#3104,#3105,#3106,#3107,#3108,#3109,
    #3110,#3111,#3112,#3113,#3114,#3115,#3116,#3117,#3118,#3119,#3120,
    #3121,#3122,#3123,#3124,#3125,#3126,#3127,#3128,#3129,#3130,#3131,
    #3132,#3133,#3134,#3135,#3136,#3137,#3138,#3139,#3140,#3141,#3142,
    #3143,#3144,#3145,#3146,#3147,#3148,#3149,#3150,#3151,#3152,#3153,
    #3154,#3155,#3156,#3157,#3158,#3159,#3160,#3161,#3162,#3163,#3164,
    #3165,#3166,#3167,#3168,#3169,#3170,#3171,#3172,#3173,#3174,#3175,
    #3176,#3177,#3178,#3179),.UNSPECIFIED.,.F.,.F.,(9,7,7,7,7,7,7,7,7,7,
    7,7,9),(0.,1.701494831343E-02,3.25688591158E-02,5.295194326564E-02,
    0.111800077965,0.242407905247,0.412134088403,0.578687814138,
    0.743937585824,0.877354768029,0.952053547134,0.97243112972,1.),
  .UNSPECIFIED.);
#3094 = CARTESIAN_POINT('',(27.94551753764,27.715290222775,
    -2.772018827852));
#3095 = CARTESIAN_POINT('',(27.966327079092,27.715763134999,
    -2.76961808043));
#3096 = CARTESIAN_POINT('',(27.986798194539,27.716045767561,
    -2.765643728288));
#3097 = CARTESIAN_POINT('',(28.006723305191,27.716144143773,
    -2.760213016802));
#3098 = CARTESIAN_POINT('',(28.025985183613,27.716075594098,
    -2.753513036975));
#3099 = CARTESIAN_POINT('',(28.044528820146,27.715861566582,
    -2.745747281273));
#3100 = CARTESIAN_POINT('',(28.062342049199,27.71552282484,
    -2.73710003208));
#3101 = CARTESIAN_POINT('',(28.079444935429,27.715077033625,
    -2.727718582803));
#3102 = CARTESIAN_POINT('',(28.110918979951,27.714046653103,
    -2.708567133505));
#3103 = CARTESIAN_POINT('',(28.125397251914,27.713477294222,
    -2.698900328419));
#3104 = CARTESIAN_POINT('',(28.139362035208,27.712841458103,
    -2.688794218743));
#3105 = CARTESIAN_POINT('',(28.152848853001,27.712148236463,
    -2.678316530979));
#3106 = CARTESIAN_POINT('',(28.165890616156,27.711405174161,
    -2.667522391048));
#3107 = CARTESIAN_POINT('',(28.178518787291,27.710618433418,
    -2.656455339597));
#3108 = CARTESIAN_POINT('',(28.19076454484,27.709792958031,
    -2.645148347317));
#3109 = CARTESIAN_POINT('',(28.218248630163,27.707805205144,
    -2.618523495246));
#3110 = CARTESIAN_POINT('',(28.233226242902,27.706618569113,
    -2.603059025095));
#3111 = CARTESIAN_POINT('',(28.247657842026,27.705381951273,
    -2.587290612429));
#3112 = CARTESIAN_POINT('',(28.261594296815,27.704102592619,
    -2.571264759229));
#3113 = CARTESIAN_POINT('',(28.275077682633,27.702786284318,
    -2.555018179724));
#3114 = CARTESIAN_POINT('',(28.288144901015,27.701437725993,
    -2.538579733633));
#3115 = CARTESIAN_POINT('',(28.300829526342,27.700060711349,
    -2.52197138977));
#3116 = CARTESIAN_POINT('',(28.348766694916,27.694608771601,
    -2.456811163711));
#3117 = CARTESIAN_POINT('',(28.381398319304,27.69035089269,
    -2.407176506803));
#3118 = CARTESIAN_POINT('',(28.411783640794,27.685956301999,
    -2.356687159766));
#3119 = CARTESIAN_POINT('',(28.440287977172,27.68146457999,
    -2.305561720179));
#3120 = CARTESIAN_POINT('',(28.467180890178,27.676903971007,
    -2.25395205794));
#3121 = CARTESIAN_POINT('',(28.492687643981,27.672295439038,
    -2.201960648761));
#3122 = CARTESIAN_POINT('',(28.516969770714,27.667651319188,
    -2.149632695065));
#3123 = CARTESIAN_POINT('',(28.591687117764,27.652612406654,
    -1.980116158044));
#3124 = CARTESIAN_POINT('',(28.637804435239,27.64213059095,
    -1.86187009744));
#3125 = CARTESIAN_POINT('',(28.680001192896,27.631654297268,
    -1.74269567072));
#3126 = CARTESIAN_POINT('',(28.718883803324,27.621245514837,
    -1.622819610892));
#3127 = CARTESIAN_POINT('',(28.754985765569,27.610958027097,
    -1.502417134396));
#3128 = CARTESIAN_POINT('',(28.788618922,27.600828681948,-1.38157572055)
  );
#3129 = CARTESIAN_POINT('',(28.820061744431,27.590890258329,
    -1.260340867063));
#3130 = CARTESIAN_POINT('',(28.887794473225,27.568538103993,
    -0.980635318931));
#3131 = CARTESIAN_POINT('',(28.922694044099,27.556282055827,
    -0.821981170391));
#3132 = CARTESIAN_POINT('',(28.954649627434,27.544469403086,
    -0.662831602422));
#3133 = CARTESIAN_POINT('',(28.983922358009,27.533162273181,
    -0.503246346307));
#3134 = CARTESIAN_POINT('',(29.010689641151,27.522422837401,
    -0.343267359068));
#3135 = CARTESIAN_POINT('',(29.035072791062,27.512315862929,
    -0.182922639124));
#3136 = CARTESIAN_POINT('',(29.057139004285,27.50291036084,
    -2.222650560149E-02));
#3137 = CARTESIAN_POINT('',(29.096318148643,27.485815865185,
    0.296852948282));
#3138 = CARTESIAN_POINT('',(29.113514200687,27.478098734634,
    0.455210966055));
#3139 = CARTESIAN_POINT('',(29.128524801596,27.471202962297,
    0.613886258125));
#3140 = CARTESIAN_POINT('',(29.141329285253,27.465207406852,
    0.772872584903));
#3141 = CARTESIAN_POINT('',(29.15186815229,27.460199470434,0.93216317508
    ));
#3142 = CARTESIAN_POINT('',(29.16004030344,27.456276960321,
    1.091750491223));
#3143 = CARTESIAN_POINT('',(29.165692412016,27.453550252069,
    1.251626163961));
#3144 = CARTESIAN_POINT('',(29.171485691952,27.450750259749,
    1.570682167908));
#3145 = CARTESIAN_POINT('',(29.171669185776,27.45065669428,
    1.729824459618));
#3146 = CARTESIAN_POINT('',(29.168932533213,27.451985186884,
    1.889226947597));
#3147 = CARTESIAN_POINT('',(29.162989595498,27.454873380512,
    2.048877175268));
#3148 = CARTESIAN_POINT('',(29.153454499908,27.459474491095,
    2.208727180534));
#3149 = CARTESIAN_POINT('',(29.1398268231,27.465958604988,2.368692599885
    ));
#3150 = CARTESIAN_POINT('',(29.121430680928,27.474509265145,
    2.528646501476));
#3151 = CARTESIAN_POINT('',(29.077717323934,27.49402725687,
    2.817378771364));
#3152 = CARTESIAN_POINT('',(29.054448621825,27.504196667437,
    2.946005182062));
#3153 = CARTESIAN_POINT('',(29.026897664991,27.515917245065,
    3.074376002723));
#3154 = CARTESIAN_POINT('',(28.994352375396,27.529284896086,
    3.202381343555));
#3155 = CARTESIAN_POINT('',(28.955971393767,27.544380748294,
    3.329720923539));
#3156 = CARTESIAN_POINT('',(28.91055135482,27.561215728238,
    3.455819804572));
#3157 = CARTESIAN_POINT('',(28.856687682722,27.579705607316,
    3.579875919652));
#3158 = CARTESIAN_POINT('',(28.755543693333,27.610541142698,
    3.768125829915));
#3159 = CARTESIAN_POINT('',(28.715909944656,27.621975876319,
    3.834431172804));
#3160 = CARTESIAN_POINT('',(28.672459978372,27.633728966673,
    3.899385002724));
#3161 = CARTESIAN_POINT('',(28.624682108929,27.645697822212,
    3.962650732509));
#3162 = CARTESIAN_POINT('',(28.572026171866,27.657698162438,
    4.02361765342));
#3163 = CARTESIAN_POINT('',(28.513952847422,27.669438348387,
    4.08142207508));
#3164 = CARTESIAN_POINT('',(28.449954408175,27.680494611723,
    4.134942715515));
#3165 = CARTESIAN_POINT('',(28.360224588476,27.692957100807,
    4.195724652446));
#3166 = CARTESIAN_POINT('',(28.340524316444,27.695531900058,
    4.208312507448));
#3167 = CARTESIAN_POINT('',(28.32035131332,27.697998091613,
    4.220427829438));
#3168 = CARTESIAN_POINT('',(28.299704819385,27.700342137027,
    4.232034165208));
#3169 = CARTESIAN_POINT('',(28.278588093988,27.702549603297,
    4.243092470278));
#3170 = CARTESIAN_POINT('',(28.257009069496,27.704605467526,
    4.253561889686));
#3171 = CARTESIAN_POINT('',(28.234981005235,27.706494421582,
    4.263400538777));
#3172 = CARTESIAN_POINT('',(28.182139854756,27.710510249097,
    4.284966638162));
#3173 = CARTESIAN_POINT('',(28.150961084327,27.7124865502,4.296139070087
    ));
#3174 = CARTESIAN_POINT('',(28.119047159277,27.714091107833,
    4.305972804007));
#3175 = CARTESIAN_POINT('',(28.086476917658,27.715286515923,
    4.31436194336));
#3176 = CARTESIAN_POINT('',(28.053349324075,27.716039325291,
    4.321209876331));
#3177 = CARTESIAN_POINT('',(28.019785135956,27.716322846266,
    4.326435492871));
#3178 = CARTESIAN_POINT('',(27.985928618465,27.716120363206,
    4.329981213178));
#3179 = CARTESIAN_POINT('',(27.951949308063,27.715428760906,
    4.331822827666));
#3180 = ORIENTED_EDGE('',*,*,#3181,.T.);
#3181 = EDGE_CURVE('',#3091,#3182,#3184,.T.);
#3182 = VERTEX_POINT('',#3183);
#3183 = CARTESIAN_POINT('',(27.94551753764,27.715290222775,
    4.332144606334));
#3184 = B_SPLINE_CURVE_WITH_KNOTS('',3,(#3185,#3186,#3187,#3188,#3189),
  .UNSPECIFIED.,.F.,.F.,(4,1,4),(0.,0.47647676584,1.),.UNSPECIFIED.);
#3185 = CARTESIAN_POINT('',(27.951949308063,27.715428760906,
    4.331822827666));
#3186 = CARTESIAN_POINT('',(27.950928027255,27.715407974134,
    4.331878179158));
#3187 = CARTESIAN_POINT('',(27.948784524596,27.715363135336,
    4.331990096621));
#3188 = CARTESIAN_POINT('',(27.946640183723,27.715315735738,
    4.332093119869));
#3189 = CARTESIAN_POINT('',(27.94551753764,27.715290222775,
    4.332144606334));
#3190 = ORIENTED_EDGE('',*,*,#3191,.F.);
#3191 = EDGE_CURVE('',#3075,#3182,#3192,.T.);
#3192 = LINE('',#3193,#3194);
#3193 = CARTESIAN_POINT('',(27.94551753764,27.715290222775,
    8.000091077114));
#3194 = VECTOR('',#3195,1.);
#3195 = DIRECTION('',(0.,0.,-1.));
#3196 = SURFACE_OF_LINEAR_EXTRUSION('',#3197,#3202);
#3197 = CIRCLE('',#3198,2.54);
#3198 = AXIS2_PLACEMENT_3D('',#3199,#3200,#3201);
#3199 = CARTESIAN_POINT('',(27.995156314887,25.338111345637,
    7.106694984734));
#3200 = DIRECTION('',(1.258288789258E-02,-0.351539839572,0.936088357008)
  );
#3201 = DIRECTION('',(0.999729837613,2.271961645697E-02,
    -4.906201546831E-03));
#3202 = VECTOR('',#3203,1.);
#3203 = DIRECTION('',(0.,0.,1.));
#3204 = ADVANCED_FACE('',(#3205),#3250,.F.);
#3205 = FACE_BOUND('',#3206,.F.);
#3206 = EDGE_LOOP('',(#3207,#3215,#3216,#3217,#3218,#3225,#3226,#3234,
    #3243));
#3207 = ORIENTED_EDGE('',*,*,#3208,.F.);
#3208 = EDGE_CURVE('',#1443,#3209,#3211,.T.);
#3209 = VERTEX_POINT('',#3210);
#3210 = CARTESIAN_POINT('',(27.557994868599,24.239883642707,
    6.700141442877));
#3211 = LINE('',#3212,#3213);
#3212 = CARTESIAN_POINT('',(27.057825074869,38.213592265711,
    -30.50937074818));
#3213 = VECTOR('',#3214,1.);
#3214 = DIRECTION('',(1.258288789258E-02,-0.351539839572,0.936088357008)
  );
#3215 = ORIENTED_EDGE('',*,*,#1442,.T.);
#3216 = ORIENTED_EDGE('',*,*,#3090,.T.);
#3217 = ORIENTED_EDGE('',*,*,#3181,.T.);
#3218 = ORIENTED_EDGE('',*,*,#3219,.F.);
#3219 = EDGE_CURVE('',#1773,#3182,#3220,.T.);
#3220 = ELLIPSE('',#3221,3.55381203739,1.25);
#3221 = AXIS2_PLACEMENT_3D('',#3222,#3223,#3224);
#3222 = CARTESIAN_POINT('',(27.910097259484,27.714485270752,
    0.778831929716));
#3223 = DIRECTION('',(-2.271987356774E-02,0.999741870357,
    -1.027489777246E-20));
#3224 = DIRECTION('',(4.904941248052E-03,1.114684183159E-04,
    0.999987964491));
#3225 = ORIENTED_EDGE('',*,*,#1772,.T.);
#3226 = ORIENTED_EDGE('',*,*,#3227,.T.);
#3227 = EDGE_CURVE('',#1775,#3228,#3230,.T.);
#3228 = VERTEX_POINT('',#3229);
#3229 = CARTESIAN_POINT('',(26.842177781581,24.881192047934,
    6.950601240067));
#3230 = LINE('',#3231,#3232);
#3231 = CARTESIAN_POINT('',(26.342007987852,38.854900670939,
    -30.25891095099));
#3232 = VECTOR('',#3233,1.);
#3233 = DIRECTION('',(1.258288789258E-02,-0.351539839572,0.936088357008)
  );
#3234 = ORIENTED_EDGE('',*,*,#3235,.F.);
#3235 = EDGE_CURVE('',#3236,#3228,#3238,.T.);
#3236 = VERTEX_POINT('',#3237);
#3237 = CARTESIAN_POINT('',(27.995156314887,26.508314434146,
    7.54615457519));
#3238 = CIRCLE('',#3239,1.25);
#3239 = AXIS2_PLACEMENT_3D('',#3240,#3241,#3242);
#3240 = CARTESIAN_POINT('',(27.995156314887,25.338111345637,
    7.106694984734));
#3241 = DIRECTION('',(1.258288789258E-02,-0.351539839572,0.936088357008)
  );
#3242 = DIRECTION('',(-5.772390483722E-19,0.936162470807,0.351567672365)
  );
#3243 = ORIENTED_EDGE('',*,*,#3244,.F.);
#3244 = EDGE_CURVE('',#3209,#3236,#3245,.T.);
#3245 = CIRCLE('',#3246,1.25);
#3246 = AXIS2_PLACEMENT_3D('',#3247,#3248,#3249);
#3247 = CARTESIAN_POINT('',(27.995156314887,25.338111345637,
    7.106694984734));
#3248 = DIRECTION('',(1.258288789258E-02,-0.351539839572,0.936088357008)
  );
#3249 = DIRECTION('',(-5.772390483722E-19,0.936162470807,0.351567672365)
  );
#3250 = CYLINDRICAL_SURFACE('',#3251,1.25);
#3251 = AXIS2_PLACEMENT_3D('',#3252,#3253,#3254);
#3252 = CARTESIAN_POINT('',(27.494986521157,39.311819968641,
    -30.10281720632));
#3253 = DIRECTION('',(1.258288789258E-02,-0.351539839572,0.936088357008)
  );
#3254 = DIRECTION('',(-3.197017228312E-19,0.936162470807,0.351567672365)
  );
#3255 = ADVANCED_FACE('',(#3256),#3274,.T.);
#3256 = FACE_BOUND('',#3257,.T.);
#3257 = EDGE_LOOP('',(#3258,#3266,#3272,#3273));
#3258 = ORIENTED_EDGE('',*,*,#3259,.F.);
#3259 = EDGE_CURVE('',#3260,#3073,#3262,.T.);
#3260 = VERTEX_POINT('',#3261);
#3261 = CARTESIAN_POINT('',(30.931580320401,6.37838815433,
    -5.29355062372E-02));
#3262 = LINE('',#3263,#3264);
#3263 = CARTESIAN_POINT('',(30.931580301724,6.378389048738,
    -5.293517009917E-02));
#3264 = VECTOR('',#3265,1.);
#3265 = DIRECTION('',(-1.954282568779E-02,0.935897195724,0.351730745032)
  );
#3266 = ORIENTED_EDGE('',*,*,#3267,.T.);
#3267 = EDGE_CURVE('',#3260,#1732,#3268,.T.);
#3268 = LINE('',#3269,#3270);
#3269 = CARTESIAN_POINT('',(30.931580320401,6.37838815433,
    -5.29355062372E-02));
#3270 = VECTOR('',#3271,1.);
#3271 = DIRECTION('',(0.,0.,-1.));
#3272 = ORIENTED_EDGE('',*,*,#1763,.T.);
#3273 = ORIENTED_EDGE('',*,*,#3083,.F.);
#3274 = PLANE('',#3275);
#3275 = AXIS2_PLACEMENT_3D('',#3276,#3277,#3278);
#3276 = CARTESIAN_POINT('',(30.931580320401,6.37838815433,
    -5.29355062372E-02));
#3277 = DIRECTION('',(0.99978205524,2.087682976357E-02,0.));
#3278 = DIRECTION('',(-1.954282568779E-02,0.935897195724,0.351730745032)
  );
#3279 = ADVANCED_FACE('',(#3280),#3298,.T.);
#3280 = FACE_BOUND('',#3281,.T.);
#3281 = EDGE_LOOP('',(#3282,#3283,#3284,#3292));
#3282 = ORIENTED_EDGE('',*,*,#3208,.F.);
#3283 = ORIENTED_EDGE('',*,*,#1477,.T.);
#3284 = ORIENTED_EDGE('',*,*,#3285,.T.);
#3285 = EDGE_CURVE('',#1478,#3286,#3288,.T.);
#3286 = VERTEX_POINT('',#3287);
#3287 = CARTESIAN_POINT('',(27.909676528233,7.398005999347,
    0.370593498619));
#3288 = LINE('',#3289,#3290);
#3289 = CARTESIAN_POINT('',(27.409506734503,21.371714622351,
    -36.83891869244));
#3290 = VECTOR('',#3291,1.);
#3291 = DIRECTION('',(1.258288789258E-02,-0.351539839572,0.936088357008)
  );
#3292 = ORIENTED_EDGE('',*,*,#3293,.F.);
#3293 = EDGE_CURVE('',#3209,#3286,#3294,.T.);
#3294 = LINE('',#3295,#3296);
#3295 = CARTESIAN_POINT('',(27.828618403002,11.279843421766,
    1.829473357345));
#3296 = VECTOR('',#3297,1.);
#3297 = DIRECTION('',(1.954282568779E-02,-0.935897195724,-0.351730745032
    ));
#3298 = PLANE('',#3299);
#3299 = AXIS2_PLACEMENT_3D('',#3300,#3301,#3302);
#3300 = CARTESIAN_POINT('',(27.423231313858,20.71445064551,
    -37.08593294712));
#3301 = DIRECTION('',(-0.999729837954,-2.271960012248E-02,
    4.90620768569E-03));
#3302 = DIRECTION('',(1.258288789258E-02,-0.351539839572,0.936088357008)
  );
#3303 = ADVANCED_FACE('',(#3304),#3323,.T.);
#3304 = FACE_BOUND('',#3305,.T.);
#3305 = EDGE_LOOP('',(#3306,#3315,#3321,#3322));
#3306 = ORIENTED_EDGE('',*,*,#3307,.F.);
#3307 = EDGE_CURVE('',#3308,#3260,#3310,.T.);
#3308 = VERTEX_POINT('',#3309);
#3309 = CARTESIAN_POINT('',(28.44190531011,3.943501451391,
    -0.933869846689));
#3310 = CIRCLE('',#3311,2.54);
#3311 = AXIS2_PLACEMENT_3D('',#3312,#3313,#3314);
#3312 = CARTESIAN_POINT('',(28.392266532863,6.320680328529,
    -4.047375430826E-02));
#3313 = DIRECTION('',(1.258288789258E-02,-0.351539839572,0.936088357008)
  );
#3314 = DIRECTION('',(1.954287803353E-02,-0.935897194534,-0.351730745288
    ));
#3315 = ORIENTED_EDGE('',*,*,#3316,.T.);
#3316 = EDGE_CURVE('',#3308,#1723,#3317,.T.);
#3317 = LINE('',#3318,#3319);
#3318 = CARTESIAN_POINT('',(28.44190531011,3.943501451391,
    -0.933869846689));
#3319 = VECTOR('',#3320,1.);
#3320 = DIRECTION('',(0.,0.,-1.));
#3321 = ORIENTED_EDGE('',*,*,#1731,.F.);
#3322 = ORIENTED_EDGE('',*,*,#3267,.F.);
#3323 = SURFACE_OF_LINEAR_EXTRUSION('',#3324,#3329);
#3324 = CIRCLE('',#3325,2.54);
#3325 = AXIS2_PLACEMENT_3D('',#3326,#3327,#3328);
#3326 = CARTESIAN_POINT('',(28.392266532863,6.320680328529,
    -4.047375430826E-02));
#3327 = DIRECTION('',(1.258288789258E-02,-0.351539839572,0.936088357008)
  );
#3328 = DIRECTION('',(1.954287803353E-02,-0.935897194534,-0.351730745288
    ));
#3329 = VECTOR('',#3330,1.);
#3330 = DIRECTION('',(0.,0.,1.));
#3331 = ADVANCED_FACE('',(#3332),#3361,.F.);
#3332 = FACE_BOUND('',#3333,.F.);
#3333 = EDGE_LOOP('',(#3334,#3335,#3336,#3345,#3354,#3360));
#3334 = ORIENTED_EDGE('',*,*,#1486,.T.);
#3335 = ORIENTED_EDGE('',*,*,#3285,.T.);
#3336 = ORIENTED_EDGE('',*,*,#3337,.F.);
#3337 = EDGE_CURVE('',#3338,#3286,#3340,.T.);
#3338 = VERTEX_POINT('',#3339);
#3339 = CARTESIAN_POINT('',(28.392266532863,7.490883417038,
    0.398985836148));
#3340 = CIRCLE('',#3341,1.25);
#3341 = AXIS2_PLACEMENT_3D('',#3342,#3343,#3344);
#3342 = CARTESIAN_POINT('',(28.392266532863,6.320680328529,
    -4.047375430825E-02));
#3343 = DIRECTION('',(1.258288789258E-02,-0.351539839572,0.936088357008)
  );
#3344 = DIRECTION('',(-5.772390483722E-19,0.936162470807,0.351567672365)
  );
#3345 = ORIENTED_EDGE('',*,*,#3346,.F.);
#3346 = EDGE_CURVE('',#3347,#3338,#3349,.T.);
#3347 = VERTEX_POINT('',#3348);
#3348 = CARTESIAN_POINT('',(27.221308599925,6.724786450893,
    0.127024786454));
#3349 = CIRCLE('',#3350,1.25);
#3350 = AXIS2_PLACEMENT_3D('',#3351,#3352,#3353);
#3351 = CARTESIAN_POINT('',(28.392266532863,6.320680328529,
    -4.047375430825E-02));
#3352 = DIRECTION('',(1.258288789258E-02,-0.351539839572,0.936088357008)
  );
#3353 = DIRECTION('',(-5.772390483722E-19,0.936162470807,0.351567672365)
  );
#3354 = ORIENTED_EDGE('',*,*,#3355,.F.);
#3355 = EDGE_CURVE('',#1498,#3347,#3356,.T.);
#3356 = LINE('',#3357,#3358);
#3357 = CARTESIAN_POINT('',(26.721138806195,20.698495073897,
    -37.0824874046));
#3358 = VECTOR('',#3359,1.);
#3359 = DIRECTION('',(1.258288789258E-02,-0.351539839572,0.936088357008)
  );
#3360 = ORIENTED_EDGE('',*,*,#1497,.T.);
#3361 = CYLINDRICAL_SURFACE('',#3362,1.25);
#3362 = AXIS2_PLACEMENT_3D('',#3363,#3364,#3365);
#3363 = CARTESIAN_POINT('',(27.892096739133,20.294388951534,
    -37.24998594537));
#3364 = DIRECTION('',(1.258288789258E-02,-0.351539839572,0.936088357008)
  );
#3365 = DIRECTION('',(-3.197017228312E-19,0.936162470807,0.351567672365)
  );
#3366 = ADVANCED_FACE('',(#3367),#3385,.T.);
#3367 = FACE_BOUND('',#3368,.T.);
#3368 = EDGE_LOOP('',(#3369,#3377,#3383,#3384));
#3369 = ORIENTED_EDGE('',*,*,#3370,.F.);
#3370 = EDGE_CURVE('',#3371,#3308,#3373,.T.);
#3371 = VERTEX_POINT('',#3372);
#3372 = CARTESIAN_POINT('',(10.66670879128,3.539546961213,
    -0.846637474037));
#3373 = LINE('',#3374,#3375);
#3374 = CARTESIAN_POINT('',(10.66670879128,3.539546961213,
    -0.846637474037));
#3375 = VECTOR('',#3376,1.);
#3376 = DIRECTION('',(0.999729837954,2.271960012248E-02,
    -4.90620768569E-03));
#3377 = ORIENTED_EDGE('',*,*,#3378,.T.);
#3378 = EDGE_CURVE('',#3371,#1691,#3379,.T.);
#3379 = LINE('',#3380,#3381);
#3380 = CARTESIAN_POINT('',(10.66670879128,3.539546961213,
    -0.846637474037));
#3381 = VECTOR('',#3382,1.);
#3382 = DIRECTION('',(0.,0.,-1.));
#3383 = ORIENTED_EDGE('',*,*,#1722,.T.);
#3384 = ORIENTED_EDGE('',*,*,#3316,.F.);
#3385 = PLANE('',#3386);
#3386 = AXIS2_PLACEMENT_3D('',#3387,#3388,#3389);
#3387 = CARTESIAN_POINT('',(10.66670879128,3.539546961213,
    -0.846637474037));
#3388 = DIRECTION('',(2.271987356773E-02,-0.999741870357,0.));
#3389 = DIRECTION('',(0.999729837954,2.271960012248E-02,
    -4.90620768569E-03));
#3390 = ADVANCED_FACE('',(#3391),#3410,.T.);
#3391 = FACE_BOUND('',#3392,.T.);
#3392 = EDGE_LOOP('',(#3393,#3402,#3408,#3409));
#3393 = ORIENTED_EDGE('',*,*,#3394,.F.);
#3394 = EDGE_CURVE('',#3395,#3371,#3397,.T.);
#3395 = VERTEX_POINT('',#3396);
#3396 = CARTESIAN_POINT('',(8.077756223896,5.85901813702,
    5.922041705036E-02));
#3397 = CIRCLE('',#3398,2.54);
#3398 = AXIS2_PLACEMENT_3D('',#3399,#3400,#3401);
#3399 = CARTESIAN_POINT('',(10.617070014033,5.916725838351,
    4.675861834331E-02));
#3400 = DIRECTION('',(1.258288789258E-02,-0.351539839572,0.936088357008)
  );
#3401 = DIRECTION('',(-0.999729838637,-2.271956745351E-02,
    4.906219963409E-03));
#3402 = ORIENTED_EDGE('',*,*,#3403,.T.);
#3403 = EDGE_CURVE('',#3395,#1682,#3404,.T.);
#3404 = LINE('',#3405,#3406);
#3405 = CARTESIAN_POINT('',(8.077756223896,5.85901813702,
    5.922041705036E-02));
#3406 = VECTOR('',#3407,1.);
#3407 = DIRECTION('',(0.,0.,-1.));
#3408 = ORIENTED_EDGE('',*,*,#1690,.F.);
#3409 = ORIENTED_EDGE('',*,*,#3378,.F.);
#3410 = SURFACE_OF_LINEAR_EXTRUSION('',#3411,#3416);
#3411 = CIRCLE('',#3412,2.54);
#3412 = AXIS2_PLACEMENT_3D('',#3413,#3414,#3415);
#3413 = CARTESIAN_POINT('',(10.617070014033,5.916725838351,
    4.675861834331E-02));
#3414 = DIRECTION('',(1.258288789258E-02,-0.351539839572,0.936088357008)
  );
#3415 = DIRECTION('',(-0.999729838637,-2.271956745351E-02,
    4.906219963409E-03));
#3416 = VECTOR('',#3417,1.);
#3417 = DIRECTION('',(0.,0.,1.));
#3418 = ADVANCED_FACE('',(#3419),#3437,.T.);
#3419 = FACE_BOUND('',#3420,.T.);
#3420 = EDGE_LOOP('',(#3421,#3422,#3423,#3431));
#3421 = ORIENTED_EDGE('',*,*,#3355,.F.);
#3422 = ORIENTED_EDGE('',*,*,#1546,.T.);
#3423 = ORIENTED_EDGE('',*,*,#3424,.T.);
#3424 = EDGE_CURVE('',#1547,#3425,#3427,.T.);
#3425 = VERTEX_POINT('',#3426);
#3426 = CARTESIAN_POINT('',(11.770048547338,6.373645136054,0.20285236301
    ));
#3427 = LINE('',#3428,#3429);
#3428 = CARTESIAN_POINT('',(11.269878753608,20.347353759058,
    -37.00665982805));
#3429 = VECTOR('',#3430,1.);
#3430 = DIRECTION('',(1.258288789258E-02,-0.351539839572,0.936088357008)
  );
#3431 = ORIENTED_EDGE('',*,*,#3432,.F.);
#3432 = EDGE_CURVE('',#3347,#3425,#3433,.T.);
#3433 = LINE('',#3434,#3435);
#3434 = CARTESIAN_POINT('',(23.70953984061,6.64497890799,0.144258909337)
  );
#3435 = VECTOR('',#3436,1.);
#3436 = DIRECTION('',(-0.999729837954,-2.271960012248E-02,
    4.90620768569E-03));
#3437 = PLANE('',#3438);
#3438 = AXIS2_PLACEMENT_3D('',#3439,#3440,#3441);
#3439 = CARTESIAN_POINT('',(27.423231313858,20.71445064551,
    -37.08593294712));
#3440 = DIRECTION('',(-1.954282568779E-02,0.935897195724,0.351730745032)
  );
#3441 = DIRECTION('',(1.258288789258E-02,-0.351539839572,0.936088357008)
  );
#3442 = ADVANCED_FACE('',(#3443),#3461,.T.);
#3443 = FACE_BOUND('',#3444,.T.);
#3444 = EDGE_LOOP('',(#3445,#3453,#3459,#3460));
#3445 = ORIENTED_EDGE('',*,*,#3446,.F.);
#3446 = EDGE_CURVE('',#3447,#3395,#3449,.T.);
#3447 = VERTEX_POINT('',#3448);
#3448 = CARTESIAN_POINT('',(7.68064600592,24.876449154127,7.206389156092
    ));
#3449 = LINE('',#3450,#3451);
#3450 = CARTESIAN_POINT('',(7.68064598811,24.876450007045,7.206389476638
    ));
#3451 = VECTOR('',#3452,1.);
#3452 = DIRECTION('',(1.954282568779E-02,-0.935897195724,-0.351730745032
    ));
#3453 = ORIENTED_EDGE('',*,*,#3454,.T.);
#3454 = EDGE_CURVE('',#3447,#1650,#3455,.T.);
#3455 = LINE('',#3456,#3457);
#3456 = CARTESIAN_POINT('',(7.68064600592,24.876449154127,7.206389156092
    ));
#3457 = VECTOR('',#3458,1.);
#3458 = DIRECTION('',(0.,0.,-1.));
#3459 = ORIENTED_EDGE('',*,*,#1681,.T.);
#3460 = ORIENTED_EDGE('',*,*,#3403,.F.);
#3461 = PLANE('',#3462);
#3462 = AXIS2_PLACEMENT_3D('',#3463,#3464,#3465);
#3463 = CARTESIAN_POINT('',(7.68064600592,24.876449154127,7.206389156092
    ));
#3464 = DIRECTION('',(-0.99978205524,-2.087682976357E-02,-0.));
#3465 = DIRECTION('',(1.954282568779E-02,-0.935897195724,-0.351730745032
    ));
#3466 = ADVANCED_FACE('',(#3467),#3496,.F.);
#3467 = FACE_BOUND('',#3468,.F.);
#3468 = EDGE_LOOP('',(#3469,#3470,#3471,#3480,#3489,#3495));
#3469 = ORIENTED_EDGE('',*,*,#1555,.T.);
#3470 = ORIENTED_EDGE('',*,*,#3424,.T.);
#3471 = ORIENTED_EDGE('',*,*,#3472,.F.);
#3472 = EDGE_CURVE('',#3473,#3425,#3475,.T.);
#3473 = VERTEX_POINT('',#3474);
#3474 = CARTESIAN_POINT('',(10.617070014033,7.08692892686,0.4862182088)
  );
#3475 = CIRCLE('',#3476,1.25);
#3476 = AXIS2_PLACEMENT_3D('',#3477,#3478,#3479);
#3477 = CARTESIAN_POINT('',(10.617070014033,5.916725838351,
    4.675861834332E-02));
#3478 = DIRECTION('',(1.258288789258E-02,-0.351539839572,0.936088357008)
  );
#3479 = DIRECTION('',(-5.772390483722E-19,0.936162470807,0.351567672365)
  );
#3480 = ORIENTED_EDGE('',*,*,#3481,.F.);
#3481 = EDGE_CURVE('',#3482,#3473,#3484,.T.);
#3482 = VERTEX_POINT('',#3483);
#3483 = CARTESIAN_POINT('',(11.054231460321,7.014953541281,0.4533121602)
  );
#3484 = CIRCLE('',#3485,1.25);
#3485 = AXIS2_PLACEMENT_3D('',#3486,#3487,#3488);
#3486 = CARTESIAN_POINT('',(10.617070014033,5.916725838351,
    4.675861834332E-02));
#3487 = DIRECTION('',(1.258288789258E-02,-0.351539839572,0.936088357008)
  );
#3488 = DIRECTION('',(-5.772390483722E-19,0.936162470807,0.351567672365)
  );
#3489 = ORIENTED_EDGE('',*,*,#3490,.F.);
#3490 = EDGE_CURVE('',#1599,#3482,#3491,.T.);
#3491 = LINE('',#3492,#3493);
#3492 = CARTESIAN_POINT('',(10.554061666591,20.988662164286,
    -36.75620003086));
#3493 = VECTOR('',#3494,1.);
#3494 = DIRECTION('',(1.258288789258E-02,-0.351539839572,0.936088357008)
  );
#3495 = ORIENTED_EDGE('',*,*,#1598,.T.);
#3496 = CYLINDRICAL_SURFACE('',#3497,1.25);
#3497 = AXIS2_PLACEMENT_3D('',#3498,#3499,#3500);
#3498 = CARTESIAN_POINT('',(10.116900220303,19.890434461356,
    -37.16275357271));
#3499 = DIRECTION('',(1.258288789258E-02,-0.351539839572,0.936088357008)
  );
#3500 = DIRECTION('',(-3.197017228312E-19,0.936162470807,0.351567672365)
  );
#3501 = ADVANCED_FACE('',(#3502),#3612,.T.);
#3502 = FACE_BOUND('',#3503,.T.);
#3503 = EDGE_LOOP('',(#3504,#3513,#3521,#3610,#3611));
#3504 = ORIENTED_EDGE('',*,*,#3505,.F.);
#3505 = EDGE_CURVE('',#3506,#3447,#3508,.T.);
#3506 = VERTEX_POINT('',#3507);
#3507 = CARTESIAN_POINT('',(10.17032101881,27.311335732597,
    8.087323449766));
#3508 = CIRCLE('',#3509,2.54);
#3509 = AXIS2_PLACEMENT_3D('',#3510,#3511,#3512);
#3510 = CARTESIAN_POINT('',(10.219959796057,24.934156855459,
    7.193927357385));
#3511 = DIRECTION('',(1.258288789258E-02,-0.351539839572,0.936088357008)
  );
#3512 = DIRECTION('',(-1.954282568779E-02,0.935897195724,0.351730745032)
  );
#3513 = ORIENTED_EDGE('',*,*,#3514,.T.);
#3514 = EDGE_CURVE('',#3506,#3515,#3517,.T.);
#3515 = VERTEX_POINT('',#3516);
#3516 = CARTESIAN_POINT('',(10.17032101881,27.311335732597,
    4.419376978986));
#3517 = LINE('',#3518,#3519);
#3518 = CARTESIAN_POINT('',(10.17032101881,27.311335732597,
    8.087323449766));
#3519 = VECTOR('',#3520,1.);
#3520 = DIRECTION('',(0.,0.,-1.));
#3521 = ORIENTED_EDGE('',*,*,#3522,.T.);
#3522 = EDGE_CURVE('',#3515,#1619,#3523,.T.);
#3523 = B_SPLINE_CURVE_WITH_KNOTS('',8,(#3524,#3525,#3526,#3527,#3528,
    #3529,#3530,#3531,#3532,#3533,#3534,#3535,#3536,#3537,#3538,#3539,
    #3540,#3541,#3542,#3543,#3544,#3545,#3546,#3547,#3548,#3549,#3550,
    #3551,#3552,#3553,#3554,#3555,#3556,#3557,#3558,#3559,#3560,#3561,
    #3562,#3563,#3564,#3565,#3566,#3567,#3568,#3569,#3570,#3571,#3572,
    #3573,#3574,#3575,#3576,#3577,#3578,#3579,#3580,#3581,#3582,#3583,
    #3584,#3585,#3586,#3587,#3588,#3589,#3590,#3591,#3592,#3593,#3594,
    #3595,#3596,#3597,#3598,#3599,#3600,#3601,#3602,#3603,#3604,#3605,
    #3606,#3607,#3608,#3609),.UNSPECIFIED.,.F.,.F.,(9,7,7,7,7,7,7,7,7,7,
    7,7,9),(0.,3.975356820048E-02,6.711071201889E-02,0.115588649234,
    0.237333213856,0.473037744085,0.587423878333,0.745264199212,
    0.847208287221,0.923052390025,0.961551010265,0.98132166883,1.),
  .UNSPECIFIED.);
#3524 = CARTESIAN_POINT('',(10.17032101881,27.311335732597,
    4.419376978986));
#3525 = CARTESIAN_POINT('',(10.120536181444,27.31020433534,
    4.421660196581));
#3526 = CARTESIAN_POINT('',(10.070482319606,27.308022168116,
    4.420284903606));
#3527 = CARTESIAN_POINT('',(10.020752257071,27.304780788811,
    4.415172332012));
#3528 = CARTESIAN_POINT('',(9.97183581133,27.300537872079,4.406430994799
    ));
#3529 = CARTESIAN_POINT('',(9.924126461784,27.295396762145,
    4.394293794186));
#3530 = CARTESIAN_POINT('',(9.877928920955,27.289488206967,
    4.379069691615));
#3531 = CARTESIAN_POINT('',(9.833467608706,27.282954273736,4.36110993957
    ));
#3532 = CARTESIAN_POINT('',(9.761599619925,27.27110362294,4.326804563783
    ));
#3533 = CARTESIAN_POINT('',(9.733167136936,27.266037506611,
    4.311686843777));
#3534 = CARTESIAN_POINT('',(9.70562159735,27.260776222871,4.295539281062
    ));
#3535 = CARTESIAN_POINT('',(9.678971482564,27.255357226988,
    4.278461175792));
#3536 = CARTESIAN_POINT('',(9.653212906378,27.249814772238,4.26054558335
    ));
#3537 = CARTESIAN_POINT('',(9.628331782852,27.244179378746,
    4.241877335252));
#3538 = CARTESIAN_POINT('',(9.60430599415,27.238477302336,4.222531060067
    ));
#3539 = CARTESIAN_POINT('',(9.539999015777,27.222545563067,4.16719600908
    ));
#3540 = CARTESIAN_POINT('',(9.501514540308,27.212225990267,
    4.129913213746));
#3541 = CARTESIAN_POINT('',(9.465476092665,27.201888763997,
    4.091060868658));
#3542 = CARTESIAN_POINT('',(9.431715754148,27.19162516435,4.050921203556
    ));
#3543 = CARTESIAN_POINT('',(9.400070887163,27.18150345199,4.009724582978
    ));
#3544 = CARTESIAN_POINT('',(9.370382168409,27.171572132644,
    3.967652973385));
#3545 = CARTESIAN_POINT('',(9.342494494761,27.16186330661,3.924840922012
    ));
#3546 = CARTESIAN_POINT('',(9.250378948927,27.128620740334,
    3.772213963018));
#3547 = CARTESIAN_POINT('',(9.195102023757,27.106432579236,
    3.659215630695));
#3548 = CARTESIAN_POINT('',(9.148027981265,27.086129179892,
    3.543822768975));
#3549 = CARTESIAN_POINT('',(9.107816337588,27.067774626933,
    3.426915433476));
#3550 = CARTESIAN_POINT('',(9.073299388633,27.051332063655,3.30913359918
    ));
#3551 = CARTESIAN_POINT('',(9.043652031311,27.036703247855,
    3.190821065141));
#3552 = CARTESIAN_POINT('',(9.018168403853,27.023772366471,
    3.072116241677));
#3553 = CARTESIAN_POINT('',(8.953978669673,26.990446509282,
    2.722187272872));
#3554 = CARTESIAN_POINT('',(8.925394105478,26.974485104343,
    2.490595374099));
#3555 = CARTESIAN_POINT('',(8.906640804657,26.96372813058,2.258900628824
    ));
#3556 = CARTESIAN_POINT('',(8.895901904583,26.957450260049,
    2.027501607713));
#3557 = CARTESIAN_POINT('',(8.891764093343,26.955050652625,
    1.796659323229));
#3558 = CARTESIAN_POINT('',(8.893405776924,26.956029186902,
    1.566459367414));
#3559 = CARTESIAN_POINT('',(8.900213730732,26.959980329374,
    1.336863763788));
#3560 = CARTESIAN_POINT('',(8.917502122809,26.969782493613,
    0.996484914906));
#3561 = CARTESIAN_POINT('',(8.924286155052,26.973607640623,
    0.885416141978));
#3562 = CARTESIAN_POINT('',(8.932164465834,26.978016805118,
    0.774493326612));
#3563 = CARTESIAN_POINT('',(8.941107055078,26.982975190744,
    0.663718456558));
#3564 = CARTESIAN_POINT('',(8.951094458603,26.988451283014,
    0.553093773482));
#3565 = CARTESIAN_POINT('',(8.962117216689,26.994416487448,
    0.442621804947));
#3566 = CARTESIAN_POINT('',(8.974175342641,27.000844767712,
    0.332305396382));
#3567 = CARTESIAN_POINT('',(9.005357733673,27.017188702768,
    7.014226215032E-02));
#3568 = CARTESIAN_POINT('',(9.025426212065,27.027501076114,
    -8.155384229765E-02));
#3569 = CARTESIAN_POINT('',(9.047506278346,27.038587089363,
    -0.232937437807));
#3570 = CARTESIAN_POINT('',(9.07166215793,27.050392518818,-0.38399529004
    ));
#3571 = CARTESIAN_POINT('',(9.097992342821,27.062869578058,
    -0.534705077839));
#3572 = CARTESIAN_POINT('',(9.126639590563,27.075975896755,
    -0.685034006917));
#3573 = CARTESIAN_POINT('',(9.157817829159,27.089674131786,
    -0.834935022191));
#3574 = CARTESIAN_POINT('',(9.213840128874,27.113141054337,
    -1.080836984203));
#3575 = CARTESIAN_POINT('',(9.237015337513,27.122582555628,
    -1.177117440844));
#3576 = CARTESIAN_POINT('',(9.261472811117,27.132248588174,
    -1.273169589216));
#3577 = CARTESIAN_POINT('',(9.287321644563,27.142131315946,
    -1.368970256185));
#3578 = CARTESIAN_POINT('',(9.314702405662,27.152223127179,
    -1.464482672887));
#3579 = CARTESIAN_POINT('',(9.34379106995,27.162516512633,
    -1.559655776987));
#3580 = CARTESIAN_POINT('',(9.374821998942,27.173004223493,
    -1.654419800021));
#3581 = CARTESIAN_POINT('',(9.432960394217,27.191622614067,
    -1.818794035763));
#3582 = CARTESIAN_POINT('',(9.459024088398,27.199664631444,
    -1.88859129578));
#3583 = CARTESIAN_POINT('',(9.486508194086,27.207807406003,
    -1.958058946956));
#3584 = CARTESIAN_POINT('',(9.515612592648,27.216049492433,
    -2.027148396153));
#3585 = CARTESIAN_POINT('',(9.546564751572,27.224386441095,
    -2.095773227688));
#3586 = CARTESIAN_POINT('',(9.57971122205,27.232810389251,
    -2.163779748789));
#3587 = CARTESIAN_POINT('',(9.615463718754,27.241309862697,
    -2.230964737095));
#3588 = CARTESIAN_POINT('',(9.67462108054,27.25421522302,-2.330450859384
    ));
#3589 = CARTESIAN_POINT('',(9.69540882097,27.258569884529,
    -2.363592057853));
#3590 = CARTESIAN_POINT('',(9.717201449612,27.262936553661,
    -2.396364428702));
#3591 = CARTESIAN_POINT('',(9.740139838425,27.267313437471,
    -2.428712541067));
#3592 = CARTESIAN_POINT('',(9.764404748434,27.271693251282,
    -2.460519478421));
#3593 = CARTESIAN_POINT('',(9.790205417413,27.276063364271,
    -2.491613247954));
#3594 = CARTESIAN_POINT('',(9.817815620861,27.280405037159,
    -2.521750114111));
#3595 = CARTESIAN_POINT('',(9.863122929089,27.286889775637,
    -2.565303274385));
#3596 = CARTESIAN_POINT('',(9.879081976725,27.289071095763,
    -2.579695798001));
#3597 = CARTESIAN_POINT('',(9.895708220743,27.291231733336,
    -2.593664489438));
#3598 = CARTESIAN_POINT('',(9.913078080809,27.293365527156,
    -2.607132560833));
#3599 = CARTESIAN_POINT('',(9.931263181696,27.295461852764,
    -2.619985675684));
#3600 = CARTESIAN_POINT('',(9.950331511763,27.297505488855,
    -2.632070788737));
#3601 = CARTESIAN_POINT('',(9.970350119799,27.299476395037,
    -2.64319343558));
#3602 = CARTESIAN_POINT('',(10.011266164808,27.30311892346,
    -2.662485427022));
#3603 = CARTESIAN_POINT('',(10.03213832219,27.304808546474,
    -2.670823572073));
#3604 = CARTESIAN_POINT('',(10.053940200662,27.306383457309,
    -2.677844155548));
#3605 = CARTESIAN_POINT('',(10.076554033459,27.307805220989,
    -2.683249812698));
#3606 = CARTESIAN_POINT('',(10.099801668928,27.309035681482,
    -2.686764578832));
#3607 = CARTESIAN_POINT('',(10.123430400463,27.310042717896,
    -2.688187698706));
#3608 = CARTESIAN_POINT('',(10.147092866253,27.310807855647,
    -2.687466232046));
#3609 = CARTESIAN_POINT('',(10.17032101881,27.311335732597,-2.6847864552
    ));
#3610 = ORIENTED_EDGE('',*,*,#1649,.F.);
#3611 = ORIENTED_EDGE('',*,*,#3454,.F.);
#3612 = SURFACE_OF_LINEAR_EXTRUSION('',#3613,#3618);
#3613 = CIRCLE('',#3614,2.54);
#3614 = AXIS2_PLACEMENT_3D('',#3615,#3616,#3617);
#3615 = CARTESIAN_POINT('',(10.219959796057,24.934156855459,
    7.193927357385));
#3616 = DIRECTION('',(1.258288789258E-02,-0.351539839572,0.936088357008)
  );
#3617 = DIRECTION('',(-1.954282568779E-02,0.935897195724,0.351730745032)
  );
#3618 = VECTOR('',#3619,1.);
#3619 = DIRECTION('',(0.,0.,1.));
#3620 = ADVANCED_FACE('',(#3621),#3674,.F.);
#3621 = FACE_BOUND('',#3622,.F.);
#3622 = EDGE_LOOP('',(#3623,#3632,#3633,#3634,#3642,#3651,#3660,#3666,
    #3667));
#3623 = ORIENTED_EDGE('',*,*,#3624,.F.);
#3624 = EDGE_CURVE('',#3515,#3625,#3627,.T.);
#3625 = VERTEX_POINT('',#3626);
#3626 = CARTESIAN_POINT('',(10.1767525164,27.311481893138,4.419034903189
    ));
#3627 = ELLIPSE('',#3628,3.55381203739,1.25);
#3628 = AXIS2_PLACEMENT_3D('',#3629,#3630,#3631);
#3629 = CARTESIAN_POINT('',(10.134900740654,27.310530780574,
    0.866064302368));
#3630 = DIRECTION('',(-2.271987356774E-02,0.999741870357,
    -1.027489777246E-20));
#3631 = DIRECTION('',(4.904941248052E-03,1.114684183159E-04,
    0.999987964491));
#3632 = ORIENTED_EDGE('',*,*,#3522,.T.);
#3633 = ORIENTED_EDGE('',*,*,#1618,.T.);
#3634 = ORIENTED_EDGE('',*,*,#3635,.T.);
#3635 = EDGE_CURVE('',#1610,#3636,#3638,.T.);
#3636 = VERTEX_POINT('',#3637);
#3637 = CARTESIAN_POINT('',(10.702549800687,23.856831184642,
    6.782860104458));
#3638 = LINE('',#3639,#3640);
#3639 = CARTESIAN_POINT('',(10.202380006957,37.830539807646,
    -30.4266520866));
#3640 = VECTOR('',#3641,1.);
#3641 = DIRECTION('',(1.258288789258E-02,-0.351539839572,0.936088357008)
  );
#3642 = ORIENTED_EDGE('',*,*,#3643,.F.);
#3643 = EDGE_CURVE('',#3644,#3636,#3646,.T.);
#3644 = VERTEX_POINT('',#3645);
#3645 = CARTESIAN_POINT('',(10.219959796057,26.104359943968,
    7.633386947842));
#3646 = CIRCLE('',#3647,1.25);
#3647 = AXIS2_PLACEMENT_3D('',#3648,#3649,#3650);
#3648 = CARTESIAN_POINT('',(10.219959796057,24.934156855459,
    7.193927357385));
#3649 = DIRECTION('',(1.258288789258E-02,-0.351539839572,0.936088357008)
  );
#3650 = DIRECTION('',(-5.772390483722E-19,0.936162470807,0.351567672365)
  );
#3651 = ORIENTED_EDGE('',*,*,#3652,.F.);
#3652 = EDGE_CURVE('',#3653,#3644,#3655,.T.);
#3653 = VERTEX_POINT('',#3654);
#3654 = CARTESIAN_POINT('',(11.390917728995,24.530050733095,
    7.026428816623));
#3655 = CIRCLE('',#3656,1.25);
#3656 = AXIS2_PLACEMENT_3D('',#3657,#3658,#3659);
#3657 = CARTESIAN_POINT('',(10.219959796057,24.934156855459,
    7.193927357385));
#3658 = DIRECTION('',(1.258288789258E-02,-0.351539839572,0.936088357008)
  );
#3659 = DIRECTION('',(-5.772390483722E-19,0.936162470807,0.351567672365)
  );
#3660 = ORIENTED_EDGE('',*,*,#3661,.F.);
#3661 = EDGE_CURVE('',#1806,#3653,#3662,.T.);
#3662 = LINE('',#3663,#3664);
#3663 = CARTESIAN_POINT('',(10.890747935265,38.5037593561,
    -30.18308337443));
#3664 = VECTOR('',#3665,1.);
#3665 = DIRECTION('',(1.258288789258E-02,-0.351539839572,0.936088357008)
  );
#3666 = ORIENTED_EDGE('',*,*,#1805,.T.);
#3667 = ORIENTED_EDGE('',*,*,#3668,.F.);
#3668 = EDGE_CURVE('',#3625,#1797,#3669,.T.);
#3669 = ELLIPSE('',#3670,3.55381203739,1.25);
#3670 = AXIS2_PLACEMENT_3D('',#3671,#3672,#3673);
#3671 = CARTESIAN_POINT('',(10.134900740654,27.310530780574,
    0.866064302368));
#3672 = DIRECTION('',(-2.271987356774E-02,0.999741870357,
    -1.027489777246E-20));
#3673 = DIRECTION('',(4.904941248052E-03,1.114684183159E-04,
    0.999987964491));
#3674 = CYLINDRICAL_SURFACE('',#3675,1.25);
#3675 = AXIS2_PLACEMENT_3D('',#3676,#3677,#3678);
#3676 = CARTESIAN_POINT('',(9.719790002327,38.907865478463,
    -30.01558483367));
#3677 = DIRECTION('',(1.258288789258E-02,-0.351539839572,0.936088357008)
  );
#3678 = DIRECTION('',(-3.197017228312E-19,0.936162470807,0.351567672365)
  );
#3679 = ADVANCED_FACE('',(#3680),#3691,.F.);
#3680 = FACE_BOUND('',#3681,.F.);
#3681 = EDGE_LOOP('',(#3682,#3683,#3684,#3685));
#3682 = ORIENTED_EDGE('',*,*,#3635,.F.);
#3683 = ORIENTED_EDGE('',*,*,#1609,.T.);
#3684 = ORIENTED_EDGE('',*,*,#3490,.T.);
#3685 = ORIENTED_EDGE('',*,*,#3686,.F.);
#3686 = EDGE_CURVE('',#3636,#3482,#3687,.T.);
#3687 = LINE('',#3688,#3689);
#3688 = CARTESIAN_POINT('',(10.97317333509,10.896790963701,
    1.912192018926));
#3689 = VECTOR('',#3690,1.);
#3690 = DIRECTION('',(1.954282568779E-02,-0.935897195724,-0.351730745032
    ));
#3691 = PLANE('',#3692);
#3692 = AXIS2_PLACEMENT_3D('',#3693,#3694,#3695);
#3693 = CARTESIAN_POINT('',(10.567786245946,20.331398187445,
    -37.00321428554));
#3694 = DIRECTION('',(-0.999729837954,-2.271960012248E-02,
    4.90620768569E-03));
#3695 = DIRECTION('',(1.258288789258E-02,-0.351539839572,0.936088357008)
  );
#3696 = ADVANCED_FACE('',(#3697),#3711,.T.);
#3697 = FACE_BOUND('',#3698,.T.);
#3698 = EDGE_LOOP('',(#3699,#3705,#3706,#3707,#3708,#3709,#3710));
#3699 = ORIENTED_EDGE('',*,*,#3700,.F.);
#3700 = EDGE_CURVE('',#3075,#3506,#3701,.T.);
#3701 = LINE('',#3702,#3703);
#3702 = CARTESIAN_POINT('',(27.94551753764,27.715290222775,
    8.000091077114));
#3703 = VECTOR('',#3704,1.);
#3704 = DIRECTION('',(-0.999729837954,-2.271960012248E-02,
    4.90620768569E-03));
#3705 = ORIENTED_EDGE('',*,*,#3191,.T.);
#3706 = ORIENTED_EDGE('',*,*,#3219,.F.);
#3707 = ORIENTED_EDGE('',*,*,#1796,.T.);
#3708 = ORIENTED_EDGE('',*,*,#3668,.F.);
#3709 = ORIENTED_EDGE('',*,*,#3624,.F.);
#3710 = ORIENTED_EDGE('',*,*,#3514,.F.);
#3711 = PLANE('',#3712);
#3712 = AXIS2_PLACEMENT_3D('',#3713,#3714,#3715);
#3713 = CARTESIAN_POINT('',(27.94551753764,27.715290222775,
    8.000091077114));
#3714 = DIRECTION('',(-2.271987356774E-02,0.999741870357,0.));
#3715 = DIRECTION('',(-0.999729837954,-2.271960012248E-02,
    4.90620768569E-03));
#3716 = ADVANCED_FACE('',(#3717),#3728,.F.);
#3717 = FACE_BOUND('',#3718,.F.);
#3718 = EDGE_LOOP('',(#3719,#3720,#3721,#3722));
#3719 = ORIENTED_EDGE('',*,*,#3227,.F.);
#3720 = ORIENTED_EDGE('',*,*,#1826,.T.);
#3721 = ORIENTED_EDGE('',*,*,#3661,.T.);
#3722 = ORIENTED_EDGE('',*,*,#3723,.F.);
#3723 = EDGE_CURVE('',#3228,#3653,#3724,.T.);
#3724 = LINE('',#3725,#3726);
#3725 = CARTESIAN_POINT('',(23.330409022266,24.801384505031,
    6.96783536295));
#3726 = VECTOR('',#3727,1.);
#3727 = DIRECTION('',(-0.999729837954,-2.271960012248E-02,
    4.90620768569E-03));
#3728 = PLANE('',#3729);
#3729 = AXIS2_PLACEMENT_3D('',#3730,#3731,#3732);
#3730 = CARTESIAN_POINT('',(27.044100495514,38.870856242552,
    -30.2623564935));
#3731 = DIRECTION('',(-1.954282568779E-02,0.935897195724,0.351730745032)
  );
#3732 = DIRECTION('',(1.258288789258E-02,-0.351539839572,0.936088357008)
  );
#3733 = ADVANCED_FACE('',(#3734),#3759,.T.);
#3734 = FACE_BOUND('',#3735,.T.);
#3735 = EDGE_LOOP('',(#3736,#3746,#3752,#3753));
#3736 = ORIENTED_EDGE('',*,*,#3737,.F.);
#3737 = EDGE_CURVE('',#3738,#3740,#3742,.T.);
#3738 = VERTEX_POINT('',#3739);
#3739 = CARTESIAN_POINT('',(85.31869567642,-6.622776553505,
    0.385561100764));
#3740 = VERTEX_POINT('',#3741);
#3741 = CARTESIAN_POINT('',(56.32331479512,-6.490634218308,
    0.885986871055));
#3742 = LINE('',#3743,#3744);
#3743 = CARTESIAN_POINT('',(60.322677675299,-6.508860747301,
    0.816962626877));
#3744 = VECTOR('',#3745,1.);
#3745 = DIRECTION('',(-0.999840720045,4.556632248163E-03,
    1.725606104452E-02));
#3746 = ORIENTED_EDGE('',*,*,#3747,.T.);
#3747 = EDGE_CURVE('',#3738,#1836,#3748,.T.);
#3748 = LINE('',#3749,#3750);
#3749 = CARTESIAN_POINT('',(85.31869567642,-6.622776553505,
    0.385561100764));
#3750 = VECTOR('',#3751,1.);
#3751 = DIRECTION('',(0.,0.,-1.));
#3752 = ORIENTED_EDGE('',*,*,#1835,.T.);
#3753 = ORIENTED_EDGE('',*,*,#3754,.F.);
#3754 = EDGE_CURVE('',#3740,#1838,#3755,.T.);
#3755 = LINE('',#3756,#3757);
#3756 = CARTESIAN_POINT('',(56.32331479512,-6.490634218308,
    0.885986871055));
#3757 = VECTOR('',#3758,1.);
#3758 = DIRECTION('',(0.,0.,-1.));
#3759 = PLANE('',#3760);
#3760 = AXIS2_PLACEMENT_3D('',#3761,#3762,#3763);
#3761 = CARTESIAN_POINT('',(85.31869567642,-6.622776553505,
    0.385561100764));
#3762 = DIRECTION('',(4.557310817646E-03,0.999989615405,0.));
#3763 = DIRECTION('',(-0.999840720045,4.556632248163E-03,
    1.725606104452E-02));
#3764 = ADVANCED_FACE('',(#3765),#3783,.F.);
#3765 = FACE_BOUND('',#3766,.F.);
#3766 = EDGE_LOOP('',(#3767,#3775,#3776,#3777));
#3767 = ORIENTED_EDGE('',*,*,#3768,.F.);
#3768 = EDGE_CURVE('',#3738,#3769,#3771,.T.);
#3769 = VERTEX_POINT('',#3770);
#3770 = CARTESIAN_POINT('',(85.334189124599,-19.9111650206,
    4.792202894739));
#3771 = LINE('',#3772,#3773);
#3772 = CARTESIAN_POINT('',(85.31869567642,-6.622776553505,
    0.385561100764));
#3773 = VECTOR('',#3774,1.);
#3774 = DIRECTION('',(1.106674869899E-03,-0.949170604793,0.314760128141)
  );
#3775 = ORIENTED_EDGE('',*,*,#3747,.T.);
#3776 = ORIENTED_EDGE('',*,*,#1864,.T.);
#3777 = ORIENTED_EDGE('',*,*,#3778,.F.);
#3778 = EDGE_CURVE('',#3769,#1856,#3779,.T.);
#3779 = LINE('',#3780,#3781);
#3780 = CARTESIAN_POINT('',(85.334189124599,-19.9111650206,
    4.792202894739));
#3781 = VECTOR('',#3782,1.);
#3782 = DIRECTION('',(0.,0.,-1.));
#3783 = PLANE('',#3784);
#3784 = AXIS2_PLACEMENT_3D('',#3785,#3786,#3787);
#3785 = CARTESIAN_POINT('',(85.31869567642,-6.622776553505,
    0.385561100764));
#3786 = DIRECTION('',(-0.999999320294,-1.165938043274E-03,-0.));
#3787 = DIRECTION('',(1.106674869899E-03,-0.949170604793,0.314760128141)
  );
#3788 = ADVANCED_FACE('',(#3789),#3807,.T.);
#3789 = FACE_BOUND('',#3790,.T.);
#3790 = EDGE_LOOP('',(#3791,#3799,#3800,#3801));
#3791 = ORIENTED_EDGE('',*,*,#3792,.F.);
#3792 = EDGE_CURVE('',#3740,#3793,#3795,.T.);
#3793 = VERTEX_POINT('',#3794);
#3794 = CARTESIAN_POINT('',(56.338808243299,-19.77902268541,
    5.29262866503));
#3795 = LINE('',#3796,#3797);
#3796 = CARTESIAN_POINT('',(56.331061519209,-13.13482845186,
    3.089307768042));
#3797 = VECTOR('',#3798,1.);
#3798 = DIRECTION('',(1.106674869899E-03,-0.949170604793,0.314760128141)
  );
#3799 = ORIENTED_EDGE('',*,*,#3754,.T.);
#3800 = ORIENTED_EDGE('',*,*,#1846,.T.);
#3801 = ORIENTED_EDGE('',*,*,#3802,.F.);
#3802 = EDGE_CURVE('',#3793,#1847,#3803,.T.);
#3803 = LINE('',#3804,#3805);
#3804 = CARTESIAN_POINT('',(56.338808243299,-19.77902268541,
    5.29262866503));
#3805 = VECTOR('',#3806,1.);
#3806 = DIRECTION('',(0.,0.,-1.));
#3807 = PLANE('',#3808);
#3808 = AXIS2_PLACEMENT_3D('',#3809,#3810,#3811);
#3809 = CARTESIAN_POINT('',(56.32331479512,-6.490634218308,
    0.885986871055));
#3810 = DIRECTION('',(-0.999999320294,-1.165938043274E-03,-0.));
#3811 = DIRECTION('',(1.106674869899E-03,-0.949170604793,0.314760128141)
  );
#3812 = ADVANCED_FACE('',(#3813),#3824,.T.);
#3813 = FACE_BOUND('',#3814,.T.);
#3814 = EDGE_LOOP('',(#3815,#3821,#3822,#3823));
#3815 = ORIENTED_EDGE('',*,*,#3816,.F.);
#3816 = EDGE_CURVE('',#3793,#3769,#3817,.T.);
#3817 = LINE('',#3818,#3819);
#3818 = CARTESIAN_POINT('',(78.335304084285,-19.87926859487,
    4.91299532205));
#3819 = VECTOR('',#3820,1.);
#3820 = DIRECTION('',(0.999840720045,-4.556632248163E-03,
    -1.725606104452E-02));
#3821 = ORIENTED_EDGE('',*,*,#3802,.T.);
#3822 = ORIENTED_EDGE('',*,*,#1855,.T.);
#3823 = ORIENTED_EDGE('',*,*,#3778,.F.);
#3824 = PLANE('',#3825);
#3825 = AXIS2_PLACEMENT_3D('',#3826,#3827,#3828);
#3826 = CARTESIAN_POINT('',(56.338808243299,-19.77902268541,
    5.29262866503));
#3827 = DIRECTION('',(-4.557310817646E-03,-0.999989615405,-0.));
#3828 = DIRECTION('',(0.999840720045,-4.556632248163E-03,
    -1.725606104452E-02));
#3829 = ADVANCED_FACE('',(#3830),#3849,.T.);
#3830 = FACE_BOUND('',#3831,.T.);
#3831 = EDGE_LOOP('',(#3832,#3833,#3841,#3848));
#3832 = ORIENTED_EDGE('',*,*,#1873,.T.);
#3833 = ORIENTED_EDGE('',*,*,#3834,.T.);
#3834 = EDGE_CURVE('',#1874,#3835,#3837,.T.);
#3835 = VERTEX_POINT('',#3836);
#3836 = CARTESIAN_POINT('',(97.5,-16.,10.));
#3837 = LINE('',#3838,#3839);
#3838 = CARTESIAN_POINT('',(97.5,-16.,-20.));
#3839 = VECTOR('',#3840,1.);
#3840 = DIRECTION('',(0.,0.,1.));
#3841 = ORIENTED_EDGE('',*,*,#3842,.F.);
#3842 = EDGE_CURVE('',#3835,#3835,#3843,.T.);
#3843 = CIRCLE('',#3844,3.5);
#3844 = AXIS2_PLACEMENT_3D('',#3845,#3846,#3847);
#3845 = CARTESIAN_POINT('',(94.,-16.,10.));
#3846 = DIRECTION('',(0.,0.,1.));
#3847 = DIRECTION('',(1.,0.,0.));
#3848 = ORIENTED_EDGE('',*,*,#3834,.F.);
#3849 = CYLINDRICAL_SURFACE('',#3850,3.5);
#3850 = AXIS2_PLACEMENT_3D('',#3851,#3852,#3853);
#3851 = CARTESIAN_POINT('',(94.,-16.,-20.));
#3852 = DIRECTION('',(0.,0.,1.));
#3853 = DIRECTION('',(1.,0.,0.));
#3854 = ADVANCED_FACE('',(#3855),#3979,.T.);
#3855 = FACE_BOUND('',#3856,.T.);
#3856 = EDGE_LOOP('',(#3857,#3868,#3874,#3875,#3973));
#3857 = ORIENTED_EDGE('',*,*,#3858,.F.);
#3858 = EDGE_CURVE('',#3859,#3861,#3863,.T.);
#3859 = VERTEX_POINT('',#3860);
#3860 = CARTESIAN_POINT('',(86.,23.586257539867,4.876521548797));
#3861 = VERTEX_POINT('',#3862);
#3862 = CARTESIAN_POINT('',(83.46,25.973076796663,5.745252712845));
#3863 = CIRCLE('',#3864,2.54);
#3864 = AXIS2_PLACEMENT_3D('',#3865,#3866,#3867);
#3865 = CARTESIAN_POINT('',(83.46,23.586257539867,4.876521548797));
#3866 = DIRECTION('',(2.126576849576E-17,-0.342020143326,0.939692620786)
  );
#3867 = DIRECTION('',(1.,1.206041662502E-16,2.126576849576E-17));
#3868 = ORIENTED_EDGE('',*,*,#3869,.T.);
#3869 = EDGE_CURVE('',#3859,#1945,#3870,.T.);
#3870 = LINE('',#3871,#3872);
#3871 = CARTESIAN_POINT('',(86.,23.586257539867,4.876521548797));
#3872 = VECTOR('',#3873,1.);
#3873 = DIRECTION('',(0.,0.,-1.));
#3874 = ORIENTED_EDGE('',*,*,#1942,.F.);
#3875 = ORIENTED_EDGE('',*,*,#3876,.T.);
#3876 = EDGE_CURVE('',#1943,#3877,#3879,.T.);
#3877 = VERTEX_POINT('',#3878);
#3878 = CARTESIAN_POINT('',(83.46,25.973076796663,1.973545036634));
#3879 = B_SPLINE_CURVE_WITH_KNOTS('',8,(#3880,#3881,#3882,#3883,#3884,
    #3885,#3886,#3887,#3888,#3889,#3890,#3891,#3892,#3893,#3894,#3895,
    #3896,#3897,#3898,#3899,#3900,#3901,#3902,#3903,#3904,#3905,#3906,
    #3907,#3908,#3909,#3910,#3911,#3912,#3913,#3914,#3915,#3916,#3917,
    #3918,#3919,#3920,#3921,#3922,#3923,#3924,#3925,#3926,#3927,#3928,
    #3929,#3930,#3931,#3932,#3933,#3934,#3935,#3936,#3937,#3938,#3939,
    #3940,#3941,#3942,#3943,#3944,#3945,#3946,#3947,#3948,#3949,#3950,
    #3951,#3952,#3953,#3954,#3955,#3956,#3957,#3958,#3959,#3960,#3961,
    #3962,#3963,#3964,#3965,#3966,#3967,#3968,#3969,#3970,#3971,#3972),
  .UNSPECIFIED.,.F.,.F.,(9,7,7,7,7,7,7,7,7,7,7,7,7,9),(0.,
    1.069628984185E-02,1.843165809874E-02,3.266380172497E-02,
    5.131515179535E-02,0.104022900689,0.217607206461,0.411784656098,
    0.576832022068,0.740999228306,0.873030726768,0.950444558908,
    0.970161268973,1.),.UNSPECIFIED.);
#3880 = CARTESIAN_POINT('',(83.46,25.973076796663,-5.335965963773));
#3881 = CARTESIAN_POINT('',(83.473659154129,25.973076796663,
    -5.335965963773));
#3882 = CARTESIAN_POINT('',(83.487322564835,25.972997885306,
    -5.335250235786));
#3883 = CARTESIAN_POINT('',(83.500903704477,25.972840058389,
    -5.333818767344));
#3884 = CARTESIAN_POINT('',(83.514332033631,25.972605964744,
    -5.331695262332));
#3885 = CARTESIAN_POINT('',(83.527551431227,25.972300214055,
    -5.328920957803));
#3886 = CARTESIAN_POINT('',(83.540518624684,25.971928684682,
    -5.325548440797));
#3887 = CARTESIAN_POINT('',(83.553201620042,25.971497831481,
    -5.321635465157));
#3888 = CARTESIAN_POINT('',(83.57452860744,25.97066409062,
    -5.314059154716));
#3889 = CARTESIAN_POINT('',(83.583322757226,25.970286334571,
    -5.310625265965));
#3890 = CARTESIAN_POINT('',(83.591956369131,25.969882961426,
    -5.306957086731));
#3891 = CARTESIAN_POINT('',(83.600427562517,25.969456127339,
    -5.303073887679));
#3892 = CARTESIAN_POINT('',(83.608736514526,25.969007868834,
    -5.298993866916));
#3893 = CARTESIAN_POINT('',(83.616885186172,25.968540062967,
    -5.294733791419));
#3894 = CARTESIAN_POINT('',(83.62487704843,25.968054387484,
    -5.290308638452));
#3895 = CARTESIAN_POINT('',(83.647141019973,25.96662846564,
    -5.27730937098));
#3896 = CARTESIAN_POINT('',(83.661043736193,25.965649489781,
    -5.268376325681));
#3897 = CARTESIAN_POINT('',(83.674459170198,25.964624160913,
    -5.259010576298));
#3898 = CARTESIAN_POINT('',(83.687419003233,25.963559862768,
    -5.249277937024));
#3899 = CARTESIAN_POINT('',(83.699953270264,25.962462650107,
    -5.239232366137));
#3900 = CARTESIAN_POINT('',(83.712091245667,25.961337343541,
    -5.228916771095));
#3901 = CARTESIAN_POINT('',(83.723862328918,25.960187624337,
    -5.218363813635));
#3902 = CARTESIAN_POINT('',(83.750282076484,25.957480874551,
    -5.193486336704));
#3903 = CARTESIAN_POINT('',(83.76468015354,25.955909134495,
    -5.179016568865));
#3904 = CARTESIAN_POINT('',(83.778553036818,25.954307523882,
    -5.164245941544));
#3905 = CARTESIAN_POINT('',(83.791949271697,25.952681253362,
    -5.149220529378));
#3906 = CARTESIAN_POINT('',(83.804909159715,25.951034446915,
    -5.133976761249));
#3907 = CARTESIAN_POINT('',(83.81746817324,25.949370356559,
    -5.118543291793));
#3908 = CARTESIAN_POINT('',(83.829658698665,25.947691474297,
    -5.102941934613));
#3909 = CARTESIAN_POINT('',(83.875001577196,25.941218226286,
    -5.042666885475));
#3910 = CARTESIAN_POINT('',(83.905749527939,25.936337998249,
    -4.996974318485));
#3911 = CARTESIAN_POINT('',(83.934413707363,25.931400183329,
    -4.950467649625));
#3912 = CARTESIAN_POINT('',(83.961331045817,25.926428911205,
    -4.903353532417));
#3913 = CARTESIAN_POINT('',(83.98675072696,25.921441106733,
    -4.855775935812));
#3914 = CARTESIAN_POINT('',(84.010880950845,25.916448478287,
    -4.807832341805));
#3915 = CARTESIAN_POINT('',(84.033872905612,25.911456973709,
    -4.759567060274));
#3916 = CARTESIAN_POINT('',(84.103265362298,25.89572055265,
    -4.606310211387));
#3917 = CARTESIAN_POINT('',(84.14594004143,25.885009144292,
    -4.500380866785));
#3918 = CARTESIAN_POINT('',(84.18514977848,25.874389814677,
    -4.393606136601));
#3919 = CARTESIAN_POINT('',(84.221438833959,25.863894947142,
    -4.286192988786));
#3920 = CARTESIAN_POINT('',(84.255275471798,25.853551522753,
    -4.178299753676));
#3921 = CARTESIAN_POINT('',(84.286945282901,25.843378641411,
    -4.070009233928));
#3922 = CARTESIAN_POINT('',(84.316700254451,25.833392267055,
    -3.9613659114));
#3923 = CARTESIAN_POINT('',(84.392646422355,25.806873428599,
    -3.666028629944));
#3924 = CARTESIAN_POINT('',(84.435484959491,25.790736799151,
    -3.478794706981));
#3925 = CARTESIAN_POINT('',(84.474160991231,25.775274999196,
    -3.290854770707));
#3926 = CARTESIAN_POINT('',(84.509152074392,25.760565333843,
    -3.10232074803));
#3927 = CARTESIAN_POINT('',(84.540775771674,25.74668901442,
    -2.913267936114));
#3928 = CARTESIAN_POINT('',(84.569254147264,25.733734264706,
    -2.723743870604));
#3929 = CARTESIAN_POINT('',(84.594700184756,25.721799145509,
    -2.533766133014));
#3930 = CARTESIAN_POINT('',(84.636254148235,25.701815600076,
    -2.181462868446));
#3931 = CARTESIAN_POINT('',(84.653187389793,25.693453808715,
    -2.019283935736));
#3932 = CARTESIAN_POINT('',(84.667988763519,25.685981531557,
    -1.856799375898));
#3933 = CARTESIAN_POINT('',(84.680642388556,25.679476947945,
    -1.694015263389));
#3934 = CARTESIAN_POINT('',(84.691094565869,25.674027986901,
    -1.530938063924));
#3935 = CARTESIAN_POINT('',(84.699251256345,25.669734273446,
    -1.367574852771));
#3936 = CARTESIAN_POINT('',(84.704967938813,25.666709670076,
    -1.203933358953));
#3937 = CARTESIAN_POINT('',(84.711079418061,25.663469818528,
    -0.876984414258));
#3938 = CARTESIAN_POINT('',(84.711501971758,25.663240017342,
    -0.713712003623));
#3939 = CARTESIAN_POINT('',(84.709090402865,25.664523877154,
    -0.550186170358));
#3940 = CARTESIAN_POINT('',(84.703569830629,25.667468070198,
    -0.386418120521));
#3941 = CARTESIAN_POINT('',(84.694568005667,25.672238608776,
    -0.222452479331));
#3942 = CARTESIAN_POINT('',(84.681600660283,25.679022964106,
    -5.836805345069E-02));
#3943 = CARTESIAN_POINT('',(84.664011231401,25.688029629388,
    0.105716550638));
#3944 = CARTESIAN_POINT('',(84.622136665804,25.708690744064,
    0.401447632413));
#3945 = CARTESIAN_POINT('',(84.599864897009,25.7194670965,0.532947244308
    ));
#3946 = CARTESIAN_POINT('',(84.573466255046,25.731930118096,
    0.664216472694));
#3947 = CARTESIAN_POINT('',(84.542252548137,25.746202924115,
    0.795155542473));
#3948 = CARTESIAN_POINT('',(84.505408225794,25.762402004178,
    0.92548759471));
#3949 = CARTESIAN_POINT('',(84.461755282582,25.7805944492,1.054679222579
    ));
#3950 = CARTESIAN_POINT('',(84.409906626438,25.800772061585,
    1.181984831167));
#3951 = CARTESIAN_POINT('',(84.310628151434,25.835553780709,
    1.378965962732));
#3952 = CARTESIAN_POINT('',(84.270379617674,25.848962461702,
    1.450423824335));
#3953 = CARTESIAN_POINT('',(84.226008924163,25.86290554606,
    1.520505510843));
#3954 = CARTESIAN_POINT('',(84.17688443276,25.877300962016,
    1.588849438982));
#3955 = CARTESIAN_POINT('',(84.122355965272,25.891978383793,
    1.654785685485));
#3956 = CARTESIAN_POINT('',(84.061702986064,25.906627814797,
    1.717272880149));
#3957 = CARTESIAN_POINT('',(83.994280831143,25.920777625429,
    1.774978513182));
#3958 = CARTESIAN_POINT('',(83.900114668762,25.937044108176,
    1.839041333375));
#3959 = CARTESIAN_POINT('',(83.880522832263,25.940266033394,
    1.851602033386));
#3960 = CARTESIAN_POINT('',(83.860448804996,25.943395671963,
    1.863685005224));
#3961 = CARTESIAN_POINT('',(83.839890740608,25.946419376714,
    1.875252329354));
#3962 = CARTESIAN_POINT('',(83.818850988509,25.9493223981,1.886263215327
    ));
#3963 = CARTESIAN_POINT('',(83.797336816666,25.952089180811,
    1.896674853649));
#3964 = CARTESIAN_POINT('',(83.775361134379,25.954703660393,
    1.906443267668));
#3965 = CARTESIAN_POINT('',(83.719016547683,25.960851117386,
    1.929266948367));
#3966 = CARTESIAN_POINT('',(83.684056151802,25.96416890754,
    1.941443774889));
#3967 = CARTESIAN_POINT('',(83.648155595783,25.967042946431,
    1.951886451727));
#3968 = CARTESIAN_POINT('',(83.611437453936,25.969415481018,
    1.960438398009));
#3969 = CARTESIAN_POINT('',(83.574055928495,25.971235418397,
    1.966962355296));
#3970 = CARTESIAN_POINT('',(83.536199380399,25.972463296568,
    1.97135165406));
#3971 = CARTESIAN_POINT('',(83.4980927689,25.973076796663,1.973545036634
    ));
#3972 = CARTESIAN_POINT('',(83.46,25.973076796663,1.973545036634));
#3973 = ORIENTED_EDGE('',*,*,#3974,.F.);
#3974 = EDGE_CURVE('',#3861,#3877,#3975,.T.);
#3975 = LINE('',#3976,#3977);
#3976 = CARTESIAN_POINT('',(83.46,25.973076796663,5.745252712845));
#3977 = VECTOR('',#3978,1.);
#3978 = DIRECTION('',(0.,0.,-1.));
#3979 = SURFACE_OF_LINEAR_EXTRUSION('',#3980,#3985);
#3980 = CIRCLE('',#3981,2.54);
#3981 = AXIS2_PLACEMENT_3D('',#3982,#3983,#3984);
#3982 = CARTESIAN_POINT('',(83.46,23.586257539867,4.876521548797));
#3983 = DIRECTION('',(2.126576849576E-17,-0.342020143326,0.939692620786)
  );
#3984 = DIRECTION('',(1.,1.206041662502E-16,2.126576849576E-17));
#3985 = VECTOR('',#3986,1.);
#3986 = DIRECTION('',(0.,0.,1.));
#3987 = ADVANCED_FACE('',(#3988),#4032,.F.);
#3988 = FACE_BOUND('',#3989,.F.);
#3989 = EDGE_LOOP('',(#3990,#3997,#3998,#4006,#4015,#4024,#4030,#4031));
#3990 = ORIENTED_EDGE('',*,*,#3991,.F.);
#3991 = EDGE_CURVE('',#2313,#3877,#3992,.T.);
#3992 = ELLIPSE('',#3993,3.654755500204,1.25);
#3993 = AXIS2_PLACEMENT_3D('',#3994,#3995,#3996);
#3994 = CARTESIAN_POINT('',(83.46,25.973076796663,-1.68121046357));
#3995 = DIRECTION('',(-1.206041662502E-16,1.,-1.298641582488E-49));
#3996 = DIRECTION('',(-2.126576849576E-17,-2.5647402791E-33,1.));
#3997 = ORIENTED_EDGE('',*,*,#2349,.T.);
#3998 = ORIENTED_EDGE('',*,*,#3999,.T.);
#3999 = EDGE_CURVE('',#2342,#4000,#4002,.T.);
#4000 = VERTEX_POINT('',#4001);
#4001 = CARTESIAN_POINT('',(82.297717762332,23.153998934306,
    4.719192282868));
#4002 = LINE('',#4003,#4004);
#4003 = CARTESIAN_POINT('',(82.297717762331,36.749299631501,
    -32.63358939337));
#4004 = VECTOR('',#4005,1.);
#4005 = DIRECTION('',(2.126576849576E-17,-0.342020143326,0.939692620786)
  );
#4006 = ORIENTED_EDGE('',*,*,#4007,.F.);
#4007 = EDGE_CURVE('',#4008,#4000,#4010,.T.);
#4008 = VERTEX_POINT('',#4009);
#4009 = CARTESIAN_POINT('',(83.46,24.760873315849,5.304046727955));
#4010 = CIRCLE('',#4011,1.25);
#4011 = AXIS2_PLACEMENT_3D('',#4012,#4013,#4014);
#4012 = CARTESIAN_POINT('',(83.46,23.586257539867,4.876521548797));
#4013 = DIRECTION('',(2.126576849576E-17,-0.342020143326,0.939692620786)
  );
#4014 = DIRECTION('',(-3.392753197096E-34,0.939692620786,0.342020143326)
  );
#4015 = ORIENTED_EDGE('',*,*,#4016,.F.);
#4016 = EDGE_CURVE('',#4017,#4008,#4019,.T.);
#4017 = VERTEX_POINT('',#4018);
#4018 = CARTESIAN_POINT('',(83.,22.49406949786,4.478997611285));
#4019 = CIRCLE('',#4020,1.25);
#4020 = AXIS2_PLACEMENT_3D('',#4021,#4022,#4023);
#4021 = CARTESIAN_POINT('',(83.46,23.586257539867,4.876521548797));
#4022 = DIRECTION('',(2.126576849576E-17,-0.342020143326,0.939692620786)
  );
#4023 = DIRECTION('',(-3.392753197096E-34,0.939692620786,0.342020143326)
  );
#4024 = ORIENTED_EDGE('',*,*,#4025,.F.);
#4025 = EDGE_CURVE('',#1977,#4017,#4026,.T.);
#4026 = LINE('',#4027,#4028);
#4027 = CARTESIAN_POINT('',(83.,36.089370195055,-32.87378406495));
#4028 = VECTOR('',#4029,1.);
#4029 = DIRECTION('',(2.126576849576E-17,-0.342020143326,0.939692620786)
  );
#4030 = ORIENTED_EDGE('',*,*,#1976,.T.);
#4031 = ORIENTED_EDGE('',*,*,#3876,.T.);
#4032 = CYLINDRICAL_SURFACE('',#4033,1.25);
#4033 = AXIS2_PLACEMENT_3D('',#4034,#4035,#4036);
#4034 = CARTESIAN_POINT('',(83.46,37.181558237062,-32.47626012744));
#4035 = DIRECTION('',(2.126576849576E-17,-0.342020143326,0.939692620786)
  );
#4036 = DIRECTION('',(-3.392753197096E-34,0.939692620786,0.342020143326)
  );
#4037 = ADVANCED_FACE('',(#4038),#4056,.T.);
#4038 = FACE_BOUND('',#4039,.T.);
#4039 = EDGE_LOOP('',(#4040,#4048,#4054,#4055));
#4040 = ORIENTED_EDGE('',*,*,#4041,.F.);
#4041 = EDGE_CURVE('',#4042,#3859,#4044,.T.);
#4042 = VERTEX_POINT('',#4043);
#4043 = CARTESIAN_POINT('',(86.,6.878522742294,-1.204596599533));
#4044 = LINE('',#4045,#4046);
#4045 = CARTESIAN_POINT('',(86.,6.878522742294,-1.204596599533));
#4046 = VECTOR('',#4047,1.);
#4047 = DIRECTION('',(-1.206041662502E-16,0.939692620786,0.342020143326)
  );
#4048 = ORIENTED_EDGE('',*,*,#4049,.T.);
#4049 = EDGE_CURVE('',#4042,#2270,#4050,.T.);
#4050 = LINE('',#4051,#4052);
#4051 = CARTESIAN_POINT('',(86.,6.878522742294,-1.204596599533));
#4052 = VECTOR('',#4053,1.);
#4053 = DIRECTION('',(0.,0.,-1.));
#4054 = ORIENTED_EDGE('',*,*,#2301,.T.);
#4055 = ORIENTED_EDGE('',*,*,#3869,.F.);
#4056 = PLANE('',#4057);
#4057 = AXIS2_PLACEMENT_3D('',#4058,#4059,#4060);
#4058 = CARTESIAN_POINT('',(86.,6.878522742294,-1.204596599533));
#4059 = DIRECTION('',(1.,1.283442729914E-16,0.));
#4060 = DIRECTION('',(-1.206041662502E-16,0.939692620786,0.342020143326)
  );
#4061 = ADVANCED_FACE('',(#4062),#4080,.T.);
#4062 = FACE_BOUND('',#4063,.T.);
#4063 = EDGE_LOOP('',(#4064,#4065,#4066,#4074));
#4064 = ORIENTED_EDGE('',*,*,#4025,.F.);
#4065 = ORIENTED_EDGE('',*,*,#2011,.F.);
#4066 = ORIENTED_EDGE('',*,*,#4067,.T.);
#4067 = EDGE_CURVE('',#2012,#4068,#4070,.T.);
#4068 = VERTEX_POINT('',#4069);
#4069 = CARTESIAN_POINT('',(83.,7.970710784301,-0.807072662021));
#4070 = LINE('',#4071,#4072);
#4071 = CARTESIAN_POINT('',(83.,21.566011481497,-38.15985433826));
#4072 = VECTOR('',#4073,1.);
#4073 = DIRECTION('',(2.126576849576E-17,-0.342020143326,0.939692620786)
  );
#4074 = ORIENTED_EDGE('',*,*,#4075,.F.);
#4075 = EDGE_CURVE('',#4017,#4068,#4076,.T.);
#4076 = LINE('',#4077,#4078);
#4077 = CARTESIAN_POINT('',(83.,19.193194537693,3.27757737875));
#4078 = VECTOR('',#4079,1.);
#4079 = DIRECTION('',(1.206041662502E-16,-0.939692620786,-0.342020143326
    ));
#4080 = PLANE('',#4081);
#4081 = AXIS2_PLACEMENT_3D('',#4082,#4083,#4084);
#4082 = CARTESIAN_POINT('',(83.,36.749299631501,-32.63358939337));
#4083 = DIRECTION('',(-1.,-1.206041662502E-16,-2.126576849576E-17));
#4084 = DIRECTION('',(2.126576849576E-17,-0.342020143326,0.939692620786)
  );
#4085 = ADVANCED_FACE('',(#4086),#4105,.T.);
#4086 = FACE_BOUND('',#4087,.T.);
#4087 = EDGE_LOOP('',(#4088,#4097,#4103,#4104));
#4088 = ORIENTED_EDGE('',*,*,#4089,.F.);
#4089 = EDGE_CURVE('',#4090,#4042,#4092,.T.);
#4090 = VERTEX_POINT('',#4091);
#4091 = CARTESIAN_POINT('',(83.46,4.491703485497,-2.07332776358));
#4092 = CIRCLE('',#4093,2.54);
#4093 = AXIS2_PLACEMENT_3D('',#4094,#4095,#4096);
#4094 = CARTESIAN_POINT('',(83.46,6.878522742294,-1.204596599533));
#4095 = DIRECTION('',(2.126576849576E-17,-0.342020143326,0.939692620786)
  );
#4096 = DIRECTION('',(1.87060416625E-15,-0.939692620786,-0.342020143326)
  );
#4097 = ORIENTED_EDGE('',*,*,#4098,.T.);
#4098 = EDGE_CURVE('',#4090,#2262,#4099,.T.);
#4099 = LINE('',#4100,#4101);
#4100 = CARTESIAN_POINT('',(83.46,4.491703485497,-2.07332776358));
#4101 = VECTOR('',#4102,1.);
#4102 = DIRECTION('',(0.,0.,-1.));
#4103 = ORIENTED_EDGE('',*,*,#2269,.F.);
#4104 = ORIENTED_EDGE('',*,*,#4049,.F.);
#4105 = SURFACE_OF_LINEAR_EXTRUSION('',#4106,#4111);
#4106 = CIRCLE('',#4107,2.54);
#4107 = AXIS2_PLACEMENT_3D('',#4108,#4109,#4110);
#4108 = CARTESIAN_POINT('',(83.46,6.878522742294,-1.204596599533));
#4109 = DIRECTION('',(2.126576849576E-17,-0.342020143326,0.939692620786)
  );
#4110 = DIRECTION('',(1.87060416625E-15,-0.939692620786,-0.342020143326)
  );
#4111 = VECTOR('',#4112,1.);
#4112 = DIRECTION('',(0.,0.,1.));
#4113 = ADVANCED_FACE('',(#4114),#4143,.F.);
#4114 = FACE_BOUND('',#4115,.F.);
#4115 = EDGE_LOOP('',(#4116,#4117,#4118,#4127,#4136,#4142));
#4116 = ORIENTED_EDGE('',*,*,#2020,.T.);
#4117 = ORIENTED_EDGE('',*,*,#4067,.T.);
#4118 = ORIENTED_EDGE('',*,*,#4119,.F.);
#4119 = EDGE_CURVE('',#4120,#4068,#4122,.T.);
#4120 = VERTEX_POINT('',#4121);
#4121 = CARTESIAN_POINT('',(83.46,8.053138518276,-0.777071420376));
#4122 = CIRCLE('',#4123,1.25);
#4123 = AXIS2_PLACEMENT_3D('',#4124,#4125,#4126);
#4124 = CARTESIAN_POINT('',(83.46,6.878522742294,-1.204596599533));
#4125 = DIRECTION('',(2.126576849576E-17,-0.342020143326,0.939692620786)
  );
#4126 = DIRECTION('',(-3.392753197096E-34,0.939692620786,0.342020143326)
  );
#4127 = ORIENTED_EDGE('',*,*,#4128,.F.);
#4128 = EDGE_CURVE('',#4129,#4120,#4131,.T.);
#4129 = VERTEX_POINT('',#4130);
#4130 = CARTESIAN_POINT('',(82.297717762331,7.310781347855,
    -1.047267333603));
#4131 = CIRCLE('',#4132,1.25);
#4132 = AXIS2_PLACEMENT_3D('',#4133,#4134,#4135);
#4133 = CARTESIAN_POINT('',(83.46,6.878522742294,-1.204596599533));
#4134 = DIRECTION('',(2.126576849576E-17,-0.342020143326,0.939692620786)
  );
#4135 = DIRECTION('',(-3.392753197096E-34,0.939692620786,0.342020143326)
  );
#4136 = ORIENTED_EDGE('',*,*,#4137,.F.);
#4137 = EDGE_CURVE('',#2032,#4129,#4138,.T.);
#4138 = LINE('',#4139,#4140);
#4139 = CARTESIAN_POINT('',(82.297717762331,20.90608204505,
    -38.40004900984));
#4140 = VECTOR('',#4141,1.);
#4141 = DIRECTION('',(2.126576849576E-17,-0.342020143326,0.939692620786)
  );
#4142 = ORIENTED_EDGE('',*,*,#2031,.T.);
#4143 = CYLINDRICAL_SURFACE('',#4144,1.25);
#4144 = AXIS2_PLACEMENT_3D('',#4145,#4146,#4147);
#4145 = CARTESIAN_POINT('',(83.46,20.473823439489,-38.55737827577));
#4146 = DIRECTION('',(2.126576849576E-17,-0.342020143326,0.939692620786)
  );
#4147 = DIRECTION('',(-3.392753197096E-34,0.939692620786,0.342020143326)
  );
#4148 = ADVANCED_FACE('',(#4149),#4167,.T.);
#4149 = FACE_BOUND('',#4150,.T.);
#4150 = EDGE_LOOP('',(#4151,#4159,#4165,#4166));
#4151 = ORIENTED_EDGE('',*,*,#4152,.F.);
#4152 = EDGE_CURVE('',#4153,#4090,#4155,.T.);
#4153 = VERTEX_POINT('',#4154);
#4154 = CARTESIAN_POINT('',(37.74,4.491703485497,-2.07332776358));
#4155 = LINE('',#4156,#4157);
#4156 = CARTESIAN_POINT('',(37.74,4.491703485497,-2.07332776358));
#4157 = VECTOR('',#4158,1.);
#4158 = DIRECTION('',(1.,1.206041662502E-16,2.126576849576E-17));
#4159 = ORIENTED_EDGE('',*,*,#4160,.T.);
#4160 = EDGE_CURVE('',#4153,#2230,#4161,.T.);
#4161 = LINE('',#4162,#4163);
#4162 = CARTESIAN_POINT('',(37.74,4.491703485497,-2.07332776358));
#4163 = VECTOR('',#4164,1.);
#4164 = DIRECTION('',(0.,0.,-1.));
#4165 = ORIENTED_EDGE('',*,*,#2261,.T.);
#4166 = ORIENTED_EDGE('',*,*,#4098,.F.);
#4167 = PLANE('',#4168);
#4168 = AXIS2_PLACEMENT_3D('',#4169,#4170,#4171);
#4169 = CARTESIAN_POINT('',(37.74,4.491703485497,-2.07332776358));
#4170 = DIRECTION('',(1.206041662502E-16,-1.,0.));
#4171 = DIRECTION('',(1.,1.206041662502E-16,2.126576849576E-17));
#4172 = ADVANCED_FACE('',(#4173),#4192,.T.);
#4173 = FACE_BOUND('',#4174,.T.);
#4174 = EDGE_LOOP('',(#4175,#4184,#4190,#4191));
#4175 = ORIENTED_EDGE('',*,*,#4176,.F.);
#4176 = EDGE_CURVE('',#4177,#4153,#4179,.T.);
#4177 = VERTEX_POINT('',#4178);
#4178 = CARTESIAN_POINT('',(35.2,6.878522742294,-1.204596599533));
#4179 = CIRCLE('',#4180,2.54);
#4180 = AXIS2_PLACEMENT_3D('',#4181,#4182,#4183);
#4181 = CARTESIAN_POINT('',(37.74,6.878522742294,-1.204596599533));
#4182 = DIRECTION('',(2.126576849576E-17,-0.342020143326,0.939692620786)
  );
#4183 = DIRECTION('',(-1.,-1.206041662502E-16,-2.126576849576E-17));
#4184 = ORIENTED_EDGE('',*,*,#4185,.T.);
#4185 = EDGE_CURVE('',#4177,#2221,#4186,.T.);
#4186 = LINE('',#4187,#4188);
#4187 = CARTESIAN_POINT('',(35.2,6.878522742294,-1.204596599533));
#4188 = VECTOR('',#4189,1.);
#4189 = DIRECTION('',(0.,0.,-1.));
#4190 = ORIENTED_EDGE('',*,*,#2229,.F.);
#4191 = ORIENTED_EDGE('',*,*,#4160,.F.);
#4192 = SURFACE_OF_LINEAR_EXTRUSION('',#4193,#4198);
#4193 = CIRCLE('',#4194,2.54);
#4194 = AXIS2_PLACEMENT_3D('',#4195,#4196,#4197);
#4195 = CARTESIAN_POINT('',(37.74,6.878522742294,-1.204596599533));
#4196 = DIRECTION('',(2.126576849576E-17,-0.342020143326,0.939692620786)
  );
#4197 = DIRECTION('',(-1.,-1.206041662502E-16,-2.126576849576E-17));
#4198 = VECTOR('',#4199,1.);
#4199 = DIRECTION('',(0.,0.,1.));
#4200 = ADVANCED_FACE('',(#4201),#4219,.F.);
#4201 = FACE_BOUND('',#4202,.F.);
#4202 = EDGE_LOOP('',(#4203,#4211,#4212,#4213));
#4203 = ORIENTED_EDGE('',*,*,#4204,.F.);
#4204 = EDGE_CURVE('',#2081,#4205,#4207,.T.);
#4205 = VERTEX_POINT('',#4206);
#4206 = CARTESIAN_POINT('',(38.923765179417,7.310781347855,
    -1.047267333603));
#4207 = LINE('',#4208,#4209);
#4208 = CARTESIAN_POINT('',(38.923765179417,20.90608204505,
    -38.40004900984));
#4209 = VECTOR('',#4210,1.);
#4210 = DIRECTION('',(2.126576849576E-17,-0.342020143326,0.939692620786)
  );
#4211 = ORIENTED_EDGE('',*,*,#2080,.T.);
#4212 = ORIENTED_EDGE('',*,*,#4137,.T.);
#4213 = ORIENTED_EDGE('',*,*,#4214,.F.);
#4214 = EDGE_CURVE('',#4205,#4129,#4215,.T.);
#4215 = LINE('',#4216,#4217);
#4216 = CARTESIAN_POINT('',(71.8,7.310781347855,-1.047267333603));
#4217 = VECTOR('',#4218,1.);
#4218 = DIRECTION('',(1.,1.206041662502E-16,2.126576849576E-17));
#4219 = PLANE('',#4220);
#4220 = AXIS2_PLACEMENT_3D('',#4221,#4222,#4223);
#4221 = CARTESIAN_POINT('',(83.,20.90608204505,-38.40004900984));
#4222 = DIRECTION('',(1.206041662502E-16,-0.939692620786,-0.342020143326
    ));
#4223 = DIRECTION('',(2.126576849576E-17,-0.342020143326,0.939692620786)
  );
#4224 = ADVANCED_FACE('',(#4225),#4243,.T.);
#4225 = FACE_BOUND('',#4226,.T.);
#4226 = EDGE_LOOP('',(#4227,#4235,#4241,#4242));
#4227 = ORIENTED_EDGE('',*,*,#4228,.F.);
#4228 = EDGE_CURVE('',#4229,#4177,#4231,.T.);
#4229 = VERTEX_POINT('',#4230);
#4230 = CARTESIAN_POINT('',(35.2,23.586257539867,4.876521548797));
#4231 = LINE('',#4232,#4233);
#4232 = CARTESIAN_POINT('',(35.2,23.586257539867,4.876521548797));
#4233 = VECTOR('',#4234,1.);
#4234 = DIRECTION('',(-3.793958337498E-16,-0.939692620786,
    -0.342020143326));
#4235 = ORIENTED_EDGE('',*,*,#4236,.T.);
#4236 = EDGE_CURVE('',#4229,#2189,#4237,.T.);
#4237 = LINE('',#4238,#4239);
#4238 = CARTESIAN_POINT('',(35.2,23.586257539867,4.876521548797));
#4239 = VECTOR('',#4240,1.);
#4240 = DIRECTION('',(0.,0.,-1.));
#4241 = ORIENTED_EDGE('',*,*,#2220,.F.);
#4242 = ORIENTED_EDGE('',*,*,#4185,.F.);
#4243 = PLANE('',#4244);
#4244 = AXIS2_PLACEMENT_3D('',#4245,#4246,#4247);
#4245 = CARTESIAN_POINT('',(35.2,23.586257539867,4.876521548797));
#4246 = DIRECTION('',(-1.,4.037446132465E-16,0.));
#4247 = DIRECTION('',(-3.793958337498E-16,-0.939692620786,
    -0.342020143326));
#4248 = ADVANCED_FACE('',(#4249),#4278,.F.);
#4249 = FACE_BOUND('',#4250,.F.);
#4250 = EDGE_LOOP('',(#4251,#4252,#4253,#4262,#4271,#4277));
#4251 = ORIENTED_EDGE('',*,*,#2088,.T.);
#4252 = ORIENTED_EDGE('',*,*,#4204,.T.);
#4253 = ORIENTED_EDGE('',*,*,#4254,.F.);
#4254 = EDGE_CURVE('',#4255,#4205,#4257,.T.);
#4255 = VERTEX_POINT('',#4256);
#4256 = CARTESIAN_POINT('',(37.74,8.071932370692,-0.770231017509));
#4257 = CIRCLE('',#4258,1.27);
#4258 = AXIS2_PLACEMENT_3D('',#4259,#4260,#4261);
#4259 = CARTESIAN_POINT('',(37.74,6.878522742294,-1.204596599533));
#4260 = DIRECTION('',(2.126576849576E-17,-0.342020143326,0.939692620786)
  );
#4261 = DIRECTION('',(-3.392753197096E-34,0.939692620786,0.342020143326)
  );
#4262 = ORIENTED_EDGE('',*,*,#4263,.F.);
#4263 = EDGE_CURVE('',#4264,#4255,#4266,.T.);
#4264 = VERTEX_POINT('',#4265);
#4265 = CARTESIAN_POINT('',(38.2,7.990898146135,-0.799725063205));
#4266 = CIRCLE('',#4267,1.27);
#4267 = AXIS2_PLACEMENT_3D('',#4268,#4269,#4270);
#4268 = CARTESIAN_POINT('',(37.74,6.878522742294,-1.204596599533));
#4269 = DIRECTION('',(2.126576849576E-17,-0.342020143326,0.939692620786)
  );
#4270 = DIRECTION('',(-3.392753197096E-34,0.939692620786,0.342020143326)
  );
#4271 = ORIENTED_EDGE('',*,*,#4272,.F.);
#4272 = EDGE_CURVE('',#2138,#4264,#4273,.T.);
#4273 = LINE('',#4274,#4275);
#4274 = CARTESIAN_POINT('',(38.2,21.58619884333,-38.15250673944));
#4275 = VECTOR('',#4276,1.);
#4276 = DIRECTION('',(2.126576849576E-17,-0.342020143326,0.939692620786)
  );
#4277 = ORIENTED_EDGE('',*,*,#2137,.T.);
#4278 = CYLINDRICAL_SURFACE('',#4279,1.27);
#4279 = AXIS2_PLACEMENT_3D('',#4280,#4281,#4282);
#4280 = CARTESIAN_POINT('',(37.74,20.473823439489,-38.55737827577));
#4281 = DIRECTION('',(2.126576849576E-17,-0.342020143326,0.939692620786)
  );
#4282 = DIRECTION('',(-3.392753197096E-34,0.939692620786,0.342020143326)
  );
#4283 = ADVANCED_FACE('',(#4284),#4394,.T.);
#4284 = FACE_BOUND('',#4285,.T.);
#4285 = EDGE_LOOP('',(#4286,#4295,#4303,#4392,#4393));
#4286 = ORIENTED_EDGE('',*,*,#4287,.F.);
#4287 = EDGE_CURVE('',#4288,#4229,#4290,.T.);
#4288 = VERTEX_POINT('',#4289);
#4289 = CARTESIAN_POINT('',(37.74,25.973076796663,5.745252712845));
#4290 = CIRCLE('',#4291,2.54);
#4291 = AXIS2_PLACEMENT_3D('',#4292,#4293,#4294);
#4292 = CARTESIAN_POINT('',(37.74,23.586257539867,4.876521548797));
#4293 = DIRECTION('',(2.126576849576E-17,-0.342020143326,0.939692620786)
  );
#4294 = DIRECTION('',(-1.206041662502E-16,0.939692620786,0.342020143326)
  );
#4295 = ORIENTED_EDGE('',*,*,#4296,.T.);
#4296 = EDGE_CURVE('',#4288,#4297,#4299,.T.);
#4297 = VERTEX_POINT('',#4298);
#4298 = CARTESIAN_POINT('',(37.74,25.973076796663,2.032021124638));
#4299 = LINE('',#4300,#4301);
#4300 = CARTESIAN_POINT('',(37.74,25.973076796663,5.745252712845));
#4301 = VECTOR('',#4302,1.);
#4302 = DIRECTION('',(0.,0.,-1.));
#4303 = ORIENTED_EDGE('',*,*,#4304,.T.);
#4304 = EDGE_CURVE('',#4297,#2158,#4305,.T.);
#4305 = B_SPLINE_CURVE_WITH_KNOTS('',8,(#4306,#4307,#4308,#4309,#4310,
    #4311,#4312,#4313,#4314,#4315,#4316,#4317,#4318,#4319,#4320,#4321,
    #4322,#4323,#4324,#4325,#4326,#4327,#4328,#4329,#4330,#4331,#4332,
    #4333,#4334,#4335,#4336,#4337,#4338,#4339,#4340,#4341,#4342,#4343,
    #4344,#4345,#4346,#4347,#4348,#4349,#4350,#4351,#4352,#4353,#4354,
    #4355,#4356,#4357,#4358,#4359,#4360,#4361,#4362,#4363,#4364,#4365,
    #4366,#4367,#4368,#4369,#4370,#4371,#4372,#4373,#4374,#4375,#4376,
    #4377,#4378,#4379,#4380,#4381,#4382,#4383,#4384,#4385,#4386,#4387,
    #4388,#4389,#4390,#4391),.UNSPECIFIED.,.F.,.F.,(9,7,7,7,7,7,7,7,7,7,
    7,7,9),(0.,3.472786209719E-02,6.099116095926E-02,0.108112698863,
    0.226384328566,0.448824025159,0.589092573106,0.747723167642,
    0.849246408225,0.926183011581,0.964594326462,0.985626001021,1.),
  .UNSPECIFIED.);
#4306 = CARTESIAN_POINT('',(37.74,25.973076796663,2.032021124638));
#4307 = CARTESIAN_POINT('',(37.694727339186,25.973076796663,
    2.032021124638));
#4308 = CARTESIAN_POINT('',(37.649434065617,25.972210251145,
    2.029009160465));
#4309 = CARTESIAN_POINT('',(37.604548974046,25.970475540481,
    2.022981284083));
#4310 = CARTESIAN_POINT('',(37.560422759256,25.967915940594,
    2.014052000556));
#4311 = CARTESIAN_POINT('',(37.517334868374,25.964605071103,
    2.002413095993));
#4312 = CARTESIAN_POINT('',(37.475500263166,25.960634373208,
    1.98830164656));
#4313 = CARTESIAN_POINT('',(37.435076092305,25.956102617295,
    1.971977208539));
#4314 = CARTESIAN_POINT('',(37.366743840077,25.94732978686,
    1.939892057992));
#4315 = CARTESIAN_POINT('',(37.338166504094,25.943284408177,
    1.924953998544));
#4316 = CARTESIAN_POINT('',(37.310460276664,25.939010282226,
    1.90899649912));
#4317 = CARTESIAN_POINT('',(37.283634718872,25.934544260052,
    1.892117788387));
#4318 = CARTESIAN_POINT('',(37.25768705622,25.929920460177,1.87440988037
    ));
#4319 = CARTESIAN_POINT('',(37.232604292947,25.925169663026,
    1.855956619144));
#4320 = CARTESIAN_POINT('',(37.208365326357,25.920318705355,
    1.836831723531));
#4321 = CARTESIAN_POINT('',(37.142918897914,25.906546580363,
    1.781688543837));
#4322 = CARTESIAN_POINT('',(37.103551466002,25.89745883886,
    1.744340870795));
#4323 = CARTESIAN_POINT('',(37.066660512959,25.888254086897,
    1.705401897941));
#4324 = CARTESIAN_POINT('',(37.032076575329,25.879032282112,
    1.665159720357));
#4325 = CARTESIAN_POINT('',(36.99963545495,25.869869446414,
    1.623848892472));
#4326 = CARTESIAN_POINT('',(36.969175883278,25.860821141384,
    1.581654176953));
#4327 = CARTESIAN_POINT('',(36.940540373741,25.851925875705,
    1.538711592949));
#4328 = CARTESIAN_POINT('',(36.845908834677,25.821328327269,
    1.385661816664));
#4329 = CARTESIAN_POINT('',(36.78896916536,25.800628199865,
    1.272343937572));
#4330 = CARTESIAN_POINT('',(36.740325495049,25.781499803641,
    1.156607524161));
#4331 = CARTESIAN_POINT('',(36.698630052294,25.764059626241,
    1.039335466882));
#4332 = CARTESIAN_POINT('',(36.662701837663,25.74831665837,
    0.921171219535));
#4333 = CARTESIAN_POINT('',(36.631707745075,25.734204483297,
    0.802459018298));
#4334 = CARTESIAN_POINT('',(36.604931473024,25.721634071241,
    0.683337197258));
#4335 = CARTESIAN_POINT('',(36.538354799495,25.689581422861,
    0.338742944363));
#4336 = CARTESIAN_POINT('',(36.508023212039,25.673846092634,
    0.112901137877));
#4337 = CARTESIAN_POINT('',(36.487188938275,25.662698978047,
    -0.113108826856));
#4338 = CARTESIAN_POINT('',(36.474093840186,25.65554028122,
    -0.338905493275));
#4339 = CARTESIAN_POINT('',(36.46737472757,25.651864530113,
    -0.564240141481));
#4340 = CARTESIAN_POINT('',(36.466204258409,25.651236457977,
    -0.789026111592));
#4341 = CARTESIAN_POINT('',(36.469953776733,25.653298045827,
    -1.013291432634));
#4342 = CARTESIAN_POINT('',(36.483466256836,25.66056577606,
    -1.378377949494));
#4343 = CARTESIAN_POINT('',(36.490493415361,25.664327704232,-1.519356161
    ));
#4344 = CARTESIAN_POINT('',(36.499220391779,25.668964966702,
    -1.6601217485));
#4345 = CARTESIAN_POINT('',(36.509576315498,25.674410257449,
    -1.800671748668));
#4346 = CARTESIAN_POINT('',(36.521514913916,25.680603538554,
    -1.941002914011));
#4347 = CARTESIAN_POINT('',(36.535011015565,25.687490882534,
    -2.081111737387));
#4348 = CARTESIAN_POINT('',(36.550059807055,25.695023559718,
    -2.220994370792));
#4349 = CARTESIAN_POINT('',(36.585473418386,25.712355949323,
    -2.518579851346));
#4350 = CARTESIAN_POINT('',(36.606275849405,25.722322877976,
    -2.676210551473));
#4351 = CARTESIAN_POINT('',(36.629109255938,25.732994346189,
    -2.833536133346));
#4352 = CARTESIAN_POINT('',(36.654038051612,25.744313384684,
    -2.990544352647));
#4353 = CARTESIAN_POINT('',(36.681161081983,25.756228417493,
    -3.147214118394));
#4354 = CARTESIAN_POINT('',(36.710621715199,25.768691866025,
    -3.303514174284));
#4355 = CARTESIAN_POINT('',(36.742634885993,25.781658805052,
    -3.459399469128));
#4356 = CARTESIAN_POINT('',(36.799864590671,25.803678835815,
    -3.714264561609));
#4357 = CARTESIAN_POINT('',(36.823377238808,25.812459653168,
    -3.813519034182));
#4358 = CARTESIAN_POINT('',(36.848158086642,25.821417077203,
    -3.912556835715));
#4359 = CARTESIAN_POINT('',(36.874313704469,25.830539784608,
    -4.011356233115));
#4360 = CARTESIAN_POINT('',(36.90198102522,25.839815681142,
    -4.109883022684));
#4361 = CARTESIAN_POINT('',(36.93133142934,25.849231657364,
    -4.208089830951));
#4362 = CARTESIAN_POINT('',(36.962592734856,25.858772990366,
    -4.30591208332));
#4363 = CARTESIAN_POINT('',(37.021520255583,25.875733865836,
    -4.47702448861));
#4364 = CARTESIAN_POINT('',(37.048209876159,25.883103587095,
    -4.550477421739));
#4365 = CARTESIAN_POINT('',(37.076345667556,25.890526670835,
    -4.623610263739));
#4366 = CARTESIAN_POINT('',(37.106132120571,25.897994728662,
    -4.696376101199));
#4367 = CARTESIAN_POINT('',(37.137801521839,25.905495557921,
    -4.768691120273));
#4368 = CARTESIAN_POINT('',(37.171712055503,25.91300945399,
    -4.840404511699));
#4369 = CARTESIAN_POINT('',(37.208287572053,25.920511043322,
    -4.911317303624));
#4370 = CARTESIAN_POINT('',(37.268498853614,25.931671653402,
    -5.015878855686));
#4371 = CARTESIAN_POINT('',(37.289416370572,25.935369002665,
    -5.050361076463));
#4372 = CARTESIAN_POINT('',(37.311334216813,25.939045044564,
    -5.084493611209));
#4373 = CARTESIAN_POINT('',(37.334391992599,25.942693492859,
    -5.118224754987));
#4374 = CARTESIAN_POINT('',(37.358771612734,25.946301559939,
    -5.151444057581));
#4375 = CARTESIAN_POINT('',(37.38468504366,25.949850527366,
    -5.18398882544));
#4376 = CARTESIAN_POINT('',(37.412411816705,25.953313767628,
    -5.215627741468));
#4377 = CARTESIAN_POINT('',(37.458950420059,25.958471691687,
    -5.26258770821));
#4378 = CARTESIAN_POINT('',(37.476082435663,25.960253380405,
    -5.278776562735));
#4379 = CARTESIAN_POINT('',(37.493988160673,25.961987697614,
    -5.294504856322));
#4380 = CARTESIAN_POINT('',(37.512770875104,25.963664499814,
    -5.309683521946));
#4381 = CARTESIAN_POINT('',(37.532527769038,25.965267728915,
    -5.324170804836));
#4382 = CARTESIAN_POINT('',(37.553352782405,25.966775068001,
    -5.337769786709));
#4383 = CARTESIAN_POINT('',(37.575344019624,25.968157146016,
    -5.35022144572));
#4384 = CARTESIAN_POINT('',(37.614520686277,25.970209510526,
    -5.3686918816));
#4385 = CARTESIAN_POINT('',(37.631028954802,25.97096689053,
    -5.375501679512));
#4386 = CARTESIAN_POINT('',(37.648132313221,25.971633833813,
    -5.381493269372));
#4387 = CARTESIAN_POINT('',(37.665794558495,25.972193999172,
    -5.386522050403));
#4388 = CARTESIAN_POINT('',(37.683947488014,25.972630458035,
    -5.390438258333));
#4389 = CARTESIAN_POINT('',(37.702483165367,25.97292802986,
    -5.393107541432));
#4390 = CARTESIAN_POINT('',(37.721242479892,25.973076796663,
    -5.394442051777));
#4391 = CARTESIAN_POINT('',(37.74,25.973076796663,-5.394442051777));
#4392 = ORIENTED_EDGE('',*,*,#2188,.F.);
#4393 = ORIENTED_EDGE('',*,*,#4236,.F.);
#4394 = SURFACE_OF_LINEAR_EXTRUSION('',#4395,#4400);
#4395 = CIRCLE('',#4396,2.54);
#4396 = AXIS2_PLACEMENT_3D('',#4397,#4398,#4399);
#4397 = CARTESIAN_POINT('',(37.74,23.586257539867,4.876521548797));
#4398 = DIRECTION('',(2.126576849576E-17,-0.342020143326,0.939692620786)
  );
#4399 = DIRECTION('',(-1.206041662502E-16,0.939692620786,0.342020143326)
  );
#4400 = VECTOR('',#4401,1.);
#4401 = DIRECTION('',(0.,0.,1.));
#4402 = ADVANCED_FACE('',(#4403),#4447,.F.);
#4403 = FACE_BOUND('',#4404,.F.);
#4404 = EDGE_LOOP('',(#4405,#4406,#4407,#4415,#4424,#4433,#4439,#4440));
#4405 = ORIENTED_EDGE('',*,*,#4304,.T.);
#4406 = ORIENTED_EDGE('',*,*,#2157,.T.);
#4407 = ORIENTED_EDGE('',*,*,#4408,.T.);
#4408 = EDGE_CURVE('',#2149,#4409,#4411,.T.);
#4409 = VERTEX_POINT('',#4410);
#4410 = CARTESIAN_POINT('',(38.2,22.473882136026,4.471650012469));
#4411 = LINE('',#4412,#4413);
#4412 = CARTESIAN_POINT('',(38.2,36.069182833221,-32.88113166377));
#4413 = VECTOR('',#4414,1.);
#4414 = DIRECTION('',(2.126576849576E-17,-0.342020143326,0.939692620786)
  );
#4415 = ORIENTED_EDGE('',*,*,#4416,.F.);
#4416 = EDGE_CURVE('',#4417,#4409,#4419,.T.);
#4417 = VERTEX_POINT('',#4418);
#4418 = CARTESIAN_POINT('',(37.74,24.779667168265,5.310887130821));
#4419 = CIRCLE('',#4420,1.27);
#4420 = AXIS2_PLACEMENT_3D('',#4421,#4422,#4423);
#4421 = CARTESIAN_POINT('',(37.74,23.586257539867,4.876521548797));
#4422 = DIRECTION('',(2.126576849576E-17,-0.342020143326,0.939692620786)
  );
#4423 = DIRECTION('',(-3.392753197096E-34,0.939692620786,0.342020143326)
  );
#4424 = ORIENTED_EDGE('',*,*,#4425,.F.);
#4425 = EDGE_CURVE('',#4426,#4417,#4428,.T.);
#4426 = VERTEX_POINT('',#4427);
#4427 = CARTESIAN_POINT('',(38.923765179417,23.153998934306,
    4.719192282868));
#4428 = CIRCLE('',#4429,1.27);
#4429 = AXIS2_PLACEMENT_3D('',#4430,#4431,#4432);
#4430 = CARTESIAN_POINT('',(37.74,23.586257539867,4.876521548797));
#4431 = DIRECTION('',(2.126576849576E-17,-0.342020143326,0.939692620786)
  );
#4432 = DIRECTION('',(-3.392753197096E-34,0.939692620786,0.342020143326)
  );
#4433 = ORIENTED_EDGE('',*,*,#4434,.F.);
#4434 = EDGE_CURVE('',#2321,#4426,#4435,.T.);
#4435 = LINE('',#4436,#4437);
#4436 = CARTESIAN_POINT('',(38.923765179417,36.749299631501,
    -32.63358939337));
#4437 = VECTOR('',#4438,1.);
#4438 = DIRECTION('',(2.126576849576E-17,-0.342020143326,0.939692620786)
  );
#4439 = ORIENTED_EDGE('',*,*,#2320,.T.);
#4440 = ORIENTED_EDGE('',*,*,#4441,.F.);
#4441 = EDGE_CURVE('',#4297,#2311,#4442,.T.);
#4442 = ELLIPSE('',#4443,3.713231588207,1.27);
#4443 = AXIS2_PLACEMENT_3D('',#4444,#4445,#4446);
#4444 = CARTESIAN_POINT('',(37.74,25.973076796663,-1.68121046357));
#4445 = DIRECTION('',(-1.206041662502E-16,1.,-1.298641582488E-49));
#4446 = DIRECTION('',(-2.126576849576E-17,-2.5647402791E-33,1.));
#4447 = CYLINDRICAL_SURFACE('',#4448,1.27);
#4448 = AXIS2_PLACEMENT_3D('',#4449,#4450,#4451);
#4449 = CARTESIAN_POINT('',(37.74,37.181558237062,-32.47626012744));
#4450 = DIRECTION('',(2.126576849576E-17,-0.342020143326,0.939692620786)
  );
#4451 = DIRECTION('',(-3.392753197096E-34,0.939692620786,0.342020143326)
  );
#4452 = ADVANCED_FACE('',(#4453),#4464,.F.);
#4453 = FACE_BOUND('',#4454,.F.);
#4454 = EDGE_LOOP('',(#4455,#4456,#4457,#4458));
#4455 = ORIENTED_EDGE('',*,*,#4408,.F.);
#4456 = ORIENTED_EDGE('',*,*,#2148,.F.);
#4457 = ORIENTED_EDGE('',*,*,#4272,.T.);
#4458 = ORIENTED_EDGE('',*,*,#4459,.F.);
#4459 = EDGE_CURVE('',#4409,#4264,#4460,.T.);
#4460 = LINE('',#4461,#4462);
#4461 = CARTESIAN_POINT('',(38.2,19.193194537693,3.27757737875));
#4462 = VECTOR('',#4463,1.);
#4463 = DIRECTION('',(1.206041662502E-16,-0.939692620786,-0.342020143326
    ));
#4464 = PLANE('',#4465);
#4465 = AXIS2_PLACEMENT_3D('',#4466,#4467,#4468);
#4466 = CARTESIAN_POINT('',(38.2,36.749299631501,-32.63358939337));
#4467 = DIRECTION('',(-1.,-1.206041662502E-16,-2.126576849576E-17));
#4468 = DIRECTION('',(2.126576849576E-17,-0.342020143326,0.939692620786)
  );
#4469 = ADVANCED_FACE('',(#4470),#4483,.T.);
#4470 = FACE_BOUND('',#4471,.T.);
#4471 = EDGE_LOOP('',(#4472,#4478,#4479,#4480,#4481,#4482));
#4472 = ORIENTED_EDGE('',*,*,#4473,.F.);
#4473 = EDGE_CURVE('',#3861,#4288,#4474,.T.);
#4474 = LINE('',#4475,#4476);
#4475 = CARTESIAN_POINT('',(83.46,25.973076796663,5.745252712845));
#4476 = VECTOR('',#4477,1.);
#4477 = DIRECTION('',(-1.,-1.206041662502E-16,-2.126576849576E-17));
#4478 = ORIENTED_EDGE('',*,*,#3974,.T.);
#4479 = ORIENTED_EDGE('',*,*,#3991,.F.);
#4480 = ORIENTED_EDGE('',*,*,#2310,.F.);
#4481 = ORIENTED_EDGE('',*,*,#4441,.F.);
#4482 = ORIENTED_EDGE('',*,*,#4296,.F.);
#4483 = PLANE('',#4484);
#4484 = AXIS2_PLACEMENT_3D('',#4485,#4486,#4487);
#4485 = CARTESIAN_POINT('',(83.46,25.973076796663,5.745252712845));
#4486 = DIRECTION('',(-1.206041662502E-16,1.,0.));
#4487 = DIRECTION('',(-1.,-1.206041662502E-16,-2.126576849576E-17));
#4488 = ADVANCED_FACE('',(#4489),#4500,.T.);
#4489 = FACE_BOUND('',#4490,.T.);
#4490 = EDGE_LOOP('',(#4491,#4492,#4493,#4494));
#4491 = ORIENTED_EDGE('',*,*,#4434,.F.);
#4492 = ORIENTED_EDGE('',*,*,#2341,.T.);
#4493 = ORIENTED_EDGE('',*,*,#3999,.T.);
#4494 = ORIENTED_EDGE('',*,*,#4495,.F.);
#4495 = EDGE_CURVE('',#4426,#4000,#4496,.T.);
#4496 = LINE('',#4497,#4498);
#4497 = CARTESIAN_POINT('',(71.8,23.153998934306,4.719192282868));
#4498 = VECTOR('',#4499,1.);
#4499 = DIRECTION('',(1.,1.206041662502E-16,2.126576849576E-17));
#4500 = PLANE('',#4501);
#4501 = AXIS2_PLACEMENT_3D('',#4502,#4503,#4504);
#4502 = CARTESIAN_POINT('',(83.,36.749299631501,-32.63358939337));
#4503 = DIRECTION('',(1.206041662502E-16,-0.939692620786,-0.342020143326
    ));
#4504 = DIRECTION('',(2.126576849576E-17,-0.342020143326,0.939692620786)
  );
#4505 = ADVANCED_FACE('',(#4506),#4525,.T.);
#4506 = FACE_BOUND('',#4507,.T.);
#4507 = EDGE_LOOP('',(#4508,#4509,#4517,#4524));
#4508 = ORIENTED_EDGE('',*,*,#2371,.T.);
#4509 = ORIENTED_EDGE('',*,*,#4510,.T.);
#4510 = EDGE_CURVE('',#2372,#4511,#4513,.T.);
#4511 = VERTEX_POINT('',#4512);
#4512 = CARTESIAN_POINT('',(97.5,16.,10.));
#4513 = LINE('',#4514,#4515);
#4514 = CARTESIAN_POINT('',(97.5,16.,-20.));
#4515 = VECTOR('',#4516,1.);
#4516 = DIRECTION('',(0.,0.,1.));
#4517 = ORIENTED_EDGE('',*,*,#4518,.F.);
#4518 = EDGE_CURVE('',#4511,#4511,#4519,.T.);
#4519 = CIRCLE('',#4520,3.5);
#4520 = AXIS2_PLACEMENT_3D('',#4521,#4522,#4523);
#4521 = CARTESIAN_POINT('',(94.,16.,10.));
#4522 = DIRECTION('',(0.,0.,1.));
#4523 = DIRECTION('',(1.,0.,0.));
#4524 = ORIENTED_EDGE('',*,*,#4510,.F.);
#4525 = CYLINDRICAL_SURFACE('',#4526,3.5);
#4526 = AXIS2_PLACEMENT_3D('',#4527,#4528,#4529);
#4527 = CARTESIAN_POINT('',(94.,16.,-20.));
#4528 = DIRECTION('',(0.,0.,1.));
#4529 = DIRECTION('',(1.,0.,0.));
#4530 = ADVANCED_FACE('',(#4531,#4534),#4545,.T.);
#4531 = FACE_BOUND('',#4532,.T.);
#4532 = EDGE_LOOP('',(#4533));
#4533 = ORIENTED_EDGE('',*,*,#2455,.T.);
#4534 = FACE_BOUND('',#4535,.T.);
#4535 = EDGE_LOOP('',(#4536));
#4536 = ORIENTED_EDGE('',*,*,#4537,.F.);
#4537 = EDGE_CURVE('',#4538,#4538,#4540,.T.);
#4538 = VERTEX_POINT('',#4539);
#4539 = CARTESIAN_POINT('',(1.85,-18.,10.));
#4540 = CIRCLE('',#4541,0.85);
#4541 = AXIS2_PLACEMENT_3D('',#4542,#4543,#4544);
#4542 = CARTESIAN_POINT('',(1.,-18.,10.));
#4543 = DIRECTION('',(0.,0.,1.));
#4544 = DIRECTION('',(1.,0.,0.));
#4545 = PLANE('',#4546);
#4546 = AXIS2_PLACEMENT_3D('',#4547,#4548,#4549);
#4547 = CARTESIAN_POINT('',(1.,-18.,10.));
#4548 = DIRECTION('',(0.,0.,1.));
#4549 = DIRECTION('',(1.,0.,0.));
#4550 = ADVANCED_FACE('',(#4551,#4566),#4617,.T.);
#4551 = FACE_BOUND('',#4552,.T.);
#4552 = EDGE_LOOP('',(#4553,#4554,#4555,#4556,#4562,#4563,#4564,#4565));
#4553 = ORIENTED_EDGE('',*,*,#2471,.T.);
#4554 = ORIENTED_EDGE('',*,*,#2506,.T.);
#4555 = ORIENTED_EDGE('',*,*,#2554,.T.);
#4556 = ORIENTED_EDGE('',*,*,#4557,.T.);
#4557 = EDGE_CURVE('',#2555,#2791,#4558,.T.);
#4558 = LINE('',#4559,#4560);
#4559 = CARTESIAN_POINT('',(18.54,-22.83666410481,12.248306493649));
#4560 = VECTOR('',#4561,1.);
#4561 = DIRECTION('',(1.,0.,0.));
#4562 = ORIENTED_EDGE('',*,*,#2790,.T.);
#4563 = ORIENTED_EDGE('',*,*,#2734,.T.);
#4564 = ORIENTED_EDGE('',*,*,#2681,.T.);
#4565 = ORIENTED_EDGE('',*,*,#2530,.T.);
#4566 = FACE_BOUND('',#4567,.T.);
#4567 = EDGE_LOOP('',(#4568,#4579,#4587,#4596,#4603,#4604,#4605,#4606,
    #4607,#4608,#4609,#4610));
#4568 = ORIENTED_EDGE('',*,*,#4569,.F.);
#4569 = EDGE_CURVE('',#4570,#4572,#4574,.T.);
#4570 = VERTEX_POINT('',#4571);
#4571 = CARTESIAN_POINT('',(37.697717762331,-20.23858789346,
    10.748306493649));
#4572 = VERTEX_POINT('',#4573);
#4573 = CARTESIAN_POINT('',(38.86,-19.55442782447,10.353306493649));
#4574 = CIRCLE('',#4575,1.25);
#4575 = AXIS2_PLACEMENT_3D('',#4576,#4577,#4578);
#4576 = CARTESIAN_POINT('',(38.86,-20.6369595792,10.978306493649));
#4577 = DIRECTION('',(0.,0.5,0.866025403784));
#4578 = DIRECTION('',(0.,0.866025403784,-0.5));
#4579 = ORIENTED_EDGE('',*,*,#4580,.T.);
#4580 = EDGE_CURVE('',#4570,#4581,#4583,.T.);
#4581 = VERTEX_POINT('',#4582);
#4582 = CARTESIAN_POINT('',(19.702282237669,-20.23858789346,
    10.748306493649));
#4583 = LINE('',#4584,#4585);
#4584 = CARTESIAN_POINT('',(23.85,-20.23858789346,10.748306493649));
#4585 = VECTOR('',#4586,1.);
#4586 = DIRECTION('',(-1.,0.,0.));
#4587 = ORIENTED_EDGE('',*,*,#4588,.F.);
#4588 = EDGE_CURVE('',#4589,#4581,#4591,.T.);
#4589 = VERTEX_POINT('',#4590);
#4590 = CARTESIAN_POINT('',(18.54,-19.55442782447,10.353306493649));
#4591 = CIRCLE('',#4592,1.25);
#4592 = AXIS2_PLACEMENT_3D('',#4593,#4594,#4595);
#4593 = CARTESIAN_POINT('',(18.54,-20.6369595792,10.978306493649));
#4594 = DIRECTION('',(0.,0.5,0.866025403784));
#4595 = DIRECTION('',(0.,0.866025403784,-0.5));
#4596 = ORIENTED_EDGE('',*,*,#4597,.F.);
#4597 = EDGE_CURVE('',#2759,#4589,#4598,.T.);
#4598 = CIRCLE('',#4599,1.25);
#4599 = AXIS2_PLACEMENT_3D('',#4600,#4601,#4602);
#4600 = CARTESIAN_POINT('',(18.54,-20.6369595792,10.978306493649));
#4601 = DIRECTION('',(0.,0.5,0.866025403784));
#4602 = DIRECTION('',(0.,0.866025403784,-0.5));
#4603 = ORIENTED_EDGE('',*,*,#2776,.T.);
#4604 = ORIENTED_EDGE('',*,*,#2905,.F.);
#4605 = ORIENTED_EDGE('',*,*,#2914,.F.);
#4606 = ORIENTED_EDGE('',*,*,#3005,.F.);
#4607 = ORIENTED_EDGE('',*,*,#3021,.F.);
#4608 = ORIENTED_EDGE('',*,*,#3030,.F.);
#4609 = ORIENTED_EDGE('',*,*,#2981,.F.);
#4610 = ORIENTED_EDGE('',*,*,#4611,.F.);
#4611 = EDGE_CURVE('',#4572,#2964,#4612,.T.);
#4612 = CIRCLE('',#4613,1.25);
#4613 = AXIS2_PLACEMENT_3D('',#4614,#4615,#4616);
#4614 = CARTESIAN_POINT('',(38.86,-20.6369595792,10.978306493649));
#4615 = DIRECTION('',(0.,0.5,0.866025403784));
#4616 = DIRECTION('',(0.,0.866025403784,-0.5));
#4617 = PLANE('',#4618);
#4618 = AXIS2_PLACEMENT_3D('',#4619,#4620,#4621);
#4619 = CARTESIAN_POINT('',(28.7,-11.83814147675,5.898306493649));
#4620 = DIRECTION('',(0.,0.5,0.866025403784));
#4621 = DIRECTION('',(1.,0.,0.));
#4622 = ADVANCED_FACE('',(#4623),#4652,.T.);
#4623 = FACE_BOUND('',#4624,.T.);
#4624 = EDGE_LOOP('',(#4625,#4626,#4627,#4636,#4644,#4651));
#4625 = ORIENTED_EDGE('',*,*,#4557,.F.);
#4626 = ORIENTED_EDGE('',*,*,#2664,.T.);
#4627 = ORIENTED_EDGE('',*,*,#4628,.F.);
#4628 = EDGE_CURVE('',#4629,#2574,#4631,.T.);
#4629 = VERTEX_POINT('',#4630);
#4630 = CARTESIAN_POINT('',(19.702282237669,-22.83666410481,
    6.248306493649));
#4631 = ELLIPSE('',#4632,2.5,1.25);
#4632 = AXIS2_PLACEMENT_3D('',#4633,#4634,#4635);
#4633 = CARTESIAN_POINT('',(18.54,-22.83666410481,7.168306493649));
#4634 = DIRECTION('',(0.,-1.,0.));
#4635 = DIRECTION('',(0.,0.,1.));
#4636 = ORIENTED_EDGE('',*,*,#4637,.T.);
#4637 = EDGE_CURVE('',#4629,#4638,#4640,.T.);
#4638 = VERTEX_POINT('',#4639);
#4639 = CARTESIAN_POINT('',(37.697717762331,-22.83666410481,
    6.248306493649));
#4640 = LINE('',#4641,#4642);
#4641 = CARTESIAN_POINT('',(18.77,-22.83666410481,6.248306493649));
#4642 = VECTOR('',#4643,1.);
#4643 = DIRECTION('',(1.,0.,0.));
#4644 = ORIENTED_EDGE('',*,*,#4645,.F.);
#4645 = EDGE_CURVE('',#2800,#4638,#4646,.T.);
#4646 = ELLIPSE('',#4647,2.5,1.25);
#4647 = AXIS2_PLACEMENT_3D('',#4648,#4649,#4650);
#4648 = CARTESIAN_POINT('',(38.86,-22.83666410481,7.168306493649));
#4649 = DIRECTION('',(0.,-1.,0.));
#4650 = DIRECTION('',(0.,0.,1.));
#4651 = ORIENTED_EDGE('',*,*,#2799,.F.);
#4652 = PLANE('',#4653);
#4653 = AXIS2_PLACEMENT_3D('',#4654,#4655,#4656);
#4654 = CARTESIAN_POINT('',(18.54,-22.83666410481,12.248306493649));
#4655 = DIRECTION('',(0.,-1.,0.));
#4656 = DIRECTION('',(1.,0.,0.));
#4657 = ADVANCED_FACE('',(#4658),#4672,.F.);
#4658 = FACE_BOUND('',#4659,.F.);
#4659 = EDGE_LOOP('',(#4660,#4661,#4667,#4668,#4669,#4670,#4671));
#4660 = ORIENTED_EDGE('',*,*,#4628,.F.);
#4661 = ORIENTED_EDGE('',*,*,#4662,.T.);
#4662 = EDGE_CURVE('',#4629,#4581,#4663,.T.);
#4663 = LINE('',#4664,#4665);
#4664 = CARTESIAN_POINT('',(19.702282237669,-40.11358789346,
    -23.67620330678));
#4665 = VECTOR('',#4666,1.);
#4666 = DIRECTION('',(0.,0.5,0.866025403784));
#4667 = ORIENTED_EDGE('',*,*,#4588,.F.);
#4668 = ORIENTED_EDGE('',*,*,#4597,.F.);
#4669 = ORIENTED_EDGE('',*,*,#2758,.F.);
#4670 = ORIENTED_EDGE('',*,*,#2709,.F.);
#4671 = ORIENTED_EDGE('',*,*,#2573,.T.);
#4672 = CYLINDRICAL_SURFACE('',#4673,1.25);
#4673 = AXIS2_PLACEMENT_3D('',#4674,#4675,#4676);
#4674 = CARTESIAN_POINT('',(18.54,-40.5119595792,-23.44620330678));
#4675 = DIRECTION('',(0.,0.5,0.866025403784));
#4676 = DIRECTION('',(0.,0.866025403784,-0.5));
#4677 = ADVANCED_FACE('',(#4678),#4692,.F.);
#4678 = FACE_BOUND('',#4679,.F.);
#4679 = EDGE_LOOP('',(#4680,#4681,#4682,#4683,#4689,#4690,#4691));
#4680 = ORIENTED_EDGE('',*,*,#2963,.T.);
#4681 = ORIENTED_EDGE('',*,*,#4611,.F.);
#4682 = ORIENTED_EDGE('',*,*,#4569,.F.);
#4683 = ORIENTED_EDGE('',*,*,#4684,.F.);
#4684 = EDGE_CURVE('',#4638,#4570,#4685,.T.);
#4685 = LINE('',#4686,#4687);
#4686 = CARTESIAN_POINT('',(37.697717762331,-40.11358789346,
    -23.67620330678));
#4687 = VECTOR('',#4688,1.);
#4688 = DIRECTION('',(0.,0.5,0.866025403784));
#4689 = ORIENTED_EDGE('',*,*,#4645,.F.);
#4690 = ORIENTED_EDGE('',*,*,#2807,.T.);
#4691 = ORIENTED_EDGE('',*,*,#2939,.F.);
#4692 = CYLINDRICAL_SURFACE('',#4693,1.25);
#4693 = AXIS2_PLACEMENT_3D('',#4694,#4695,#4696);
#4694 = CARTESIAN_POINT('',(38.86,-40.5119595792,-23.44620330678));
#4695 = DIRECTION('',(0.,0.5,0.866025403784));
#4696 = DIRECTION('',(0.,0.866025403784,-0.5));
#4697 = ADVANCED_FACE('',(#4698,#4701),#4712,.T.);
#4698 = FACE_BOUND('',#4699,.T.);
#4699 = EDGE_LOOP('',(#4700));
#4700 = ORIENTED_EDGE('',*,*,#3056,.T.);
#4701 = FACE_BOUND('',#4702,.T.);
#4702 = EDGE_LOOP('',(#4703));
#4703 = ORIENTED_EDGE('',*,*,#4704,.F.);
#4704 = EDGE_CURVE('',#4705,#4705,#4707,.T.);
#4705 = VERTEX_POINT('',#4706);
#4706 = CARTESIAN_POINT('',(1.85,18.,10.));
#4707 = CIRCLE('',#4708,0.85);
#4708 = AXIS2_PLACEMENT_3D('',#4709,#4710,#4711);
#4709 = CARTESIAN_POINT('',(1.,18.,10.));
#4710 = DIRECTION('',(0.,0.,1.));
#4711 = DIRECTION('',(1.,0.,0.));
#4712 = PLANE('',#4713);
#4713 = AXIS2_PLACEMENT_3D('',#4714,#4715,#4716);
#4714 = CARTESIAN_POINT('',(1.,18.,10.));
#4715 = DIRECTION('',(0.,0.,1.));
#4716 = DIRECTION('',(1.,0.,0.));
#4717 = ADVANCED_FACE('',(#4718,#4728),#4742,.T.);
#4718 = FACE_BOUND('',#4719,.T.);
#4719 = EDGE_LOOP('',(#4720,#4721,#4722,#4723,#4724,#4725,#4726,#4727));
#4720 = ORIENTED_EDGE('',*,*,#3072,.T.);
#4721 = ORIENTED_EDGE('',*,*,#3700,.T.);
#4722 = ORIENTED_EDGE('',*,*,#3505,.T.);
#4723 = ORIENTED_EDGE('',*,*,#3446,.T.);
#4724 = ORIENTED_EDGE('',*,*,#3394,.T.);
#4725 = ORIENTED_EDGE('',*,*,#3370,.T.);
#4726 = ORIENTED_EDGE('',*,*,#3307,.T.);
#4727 = ORIENTED_EDGE('',*,*,#3259,.T.);
#4728 = FACE_BOUND('',#4729,.T.);
#4729 = EDGE_LOOP('',(#4730,#4731,#4732,#4733,#4734,#4735,#4736,#4737,
    #4738,#4739,#4740,#4741));
#4730 = ORIENTED_EDGE('',*,*,#3244,.F.);
#4731 = ORIENTED_EDGE('',*,*,#3293,.T.);
#4732 = ORIENTED_EDGE('',*,*,#3337,.F.);
#4733 = ORIENTED_EDGE('',*,*,#3346,.F.);
#4734 = ORIENTED_EDGE('',*,*,#3432,.T.);
#4735 = ORIENTED_EDGE('',*,*,#3472,.F.);
#4736 = ORIENTED_EDGE('',*,*,#3481,.F.);
#4737 = ORIENTED_EDGE('',*,*,#3686,.F.);
#4738 = ORIENTED_EDGE('',*,*,#3643,.F.);
#4739 = ORIENTED_EDGE('',*,*,#3652,.F.);
#4740 = ORIENTED_EDGE('',*,*,#3723,.F.);
#4741 = ORIENTED_EDGE('',*,*,#3235,.F.);
#4742 = PLANE('',#4743);
#4743 = AXIS2_PLACEMENT_3D('',#4744,#4745,#4746);
#4744 = CARTESIAN_POINT('',(19.30611316446,15.627418591994,
    3.576726801539));
#4745 = DIRECTION('',(1.258288789258E-02,-0.351539839572,0.936088357008)
  );
#4746 = DIRECTION('',(-1.954282568779E-02,0.935897195724,0.351730745032)
  );
#4747 = ADVANCED_FACE('',(#4748),#4754,.F.);
#4748 = FACE_BOUND('',#4749,.F.);
#4749 = EDGE_LOOP('',(#4750,#4751,#4752,#4753));
#4750 = ORIENTED_EDGE('',*,*,#3792,.F.);
#4751 = ORIENTED_EDGE('',*,*,#3737,.F.);
#4752 = ORIENTED_EDGE('',*,*,#3768,.T.);
#4753 = ORIENTED_EDGE('',*,*,#3816,.F.);
#4754 = PLANE('',#4755);
#4755 = AXIS2_PLACEMENT_3D('',#4756,#4757,#4758);
#4756 = CARTESIAN_POINT('',(69.328990879792,-13.19406467108,
    2.864978974463));
#4757 = DIRECTION('',(-1.78131920483E-02,-0.314729090011,-0.949014378231
    ));
#4758 = DIRECTION('',(-1.106674869899E-03,0.949170604793,-0.314760128141
    ));
#4759 = ADVANCED_FACE('',(#4760,#4763),#4774,.T.);
#4760 = FACE_BOUND('',#4761,.T.);
#4761 = EDGE_LOOP('',(#4762));
#4762 = ORIENTED_EDGE('',*,*,#3842,.T.);
#4763 = FACE_BOUND('',#4764,.T.);
#4764 = EDGE_LOOP('',(#4765));
#4765 = ORIENTED_EDGE('',*,*,#4766,.F.);
#4766 = EDGE_CURVE('',#4767,#4767,#4769,.T.);
#4767 = VERTEX_POINT('',#4768);
#4768 = CARTESIAN_POINT('',(94.85,-16.,10.));
#4769 = CIRCLE('',#4770,0.85);
#4770 = AXIS2_PLACEMENT_3D('',#4771,#4772,#4773);
#4771 = CARTESIAN_POINT('',(94.,-16.,10.));
#4772 = DIRECTION('',(0.,0.,1.));
#4773 = DIRECTION('',(1.,0.,0.));
#4774 = PLANE('',#4775);
#4775 = AXIS2_PLACEMENT_3D('',#4776,#4777,#4778);
#4776 = CARTESIAN_POINT('',(94.,-16.,10.));
#4777 = DIRECTION('',(0.,0.,1.));
#4778 = DIRECTION('',(1.,0.,0.));
#4779 = ADVANCED_FACE('',(#4780,#4790),#4804,.T.);
#4780 = FACE_BOUND('',#4781,.T.);
#4781 = EDGE_LOOP('',(#4782,#4783,#4784,#4785,#4786,#4787,#4788,#4789));
#4782 = ORIENTED_EDGE('',*,*,#3858,.T.);
#4783 = ORIENTED_EDGE('',*,*,#4473,.T.);
#4784 = ORIENTED_EDGE('',*,*,#4287,.T.);
#4785 = ORIENTED_EDGE('',*,*,#4228,.T.);
#4786 = ORIENTED_EDGE('',*,*,#4176,.T.);
#4787 = ORIENTED_EDGE('',*,*,#4152,.T.);
#4788 = ORIENTED_EDGE('',*,*,#4089,.T.);
#4789 = ORIENTED_EDGE('',*,*,#4041,.T.);
#4790 = FACE_BOUND('',#4791,.T.);
#4791 = EDGE_LOOP('',(#4792,#4793,#4794,#4795,#4796,#4797,#4798,#4799,
    #4800,#4801,#4802,#4803));
#4792 = ORIENTED_EDGE('',*,*,#4459,.F.);
#4793 = ORIENTED_EDGE('',*,*,#4416,.F.);
#4794 = ORIENTED_EDGE('',*,*,#4425,.F.);
#4795 = ORIENTED_EDGE('',*,*,#4495,.T.);
#4796 = ORIENTED_EDGE('',*,*,#4007,.F.);
#4797 = ORIENTED_EDGE('',*,*,#4016,.F.);
#4798 = ORIENTED_EDGE('',*,*,#4075,.T.);
#4799 = ORIENTED_EDGE('',*,*,#4119,.F.);
#4800 = ORIENTED_EDGE('',*,*,#4128,.F.);
#4801 = ORIENTED_EDGE('',*,*,#4214,.F.);
#4802 = ORIENTED_EDGE('',*,*,#4254,.F.);
#4803 = ORIENTED_EDGE('',*,*,#4263,.F.);
#4804 = PLANE('',#4805);
#4805 = AXIS2_PLACEMENT_3D('',#4806,#4807,#4808);
#4806 = CARTESIAN_POINT('',(60.6,15.23239014108,1.835962474632));
#4807 = DIRECTION('',(2.126576849576E-17,-0.342020143326,0.939692620786)
  );
#4808 = DIRECTION('',(-1.,-1.206041662502E-16,-2.126576849576E-17));
#4809 = ADVANCED_FACE('',(#4810,#4813),#4824,.T.);
#4810 = FACE_BOUND('',#4811,.T.);
#4811 = EDGE_LOOP('',(#4812));
#4812 = ORIENTED_EDGE('',*,*,#4518,.T.);
#4813 = FACE_BOUND('',#4814,.T.);
#4814 = EDGE_LOOP('',(#4815));
#4815 = ORIENTED_EDGE('',*,*,#4816,.F.);
#4816 = EDGE_CURVE('',#4817,#4817,#4819,.T.);
#4817 = VERTEX_POINT('',#4818);
#4818 = CARTESIAN_POINT('',(94.85,16.,10.));
#4819 = CIRCLE('',#4820,0.85);
#4820 = AXIS2_PLACEMENT_3D('',#4821,#4822,#4823);
#4821 = CARTESIAN_POINT('',(94.,16.,10.));
#4822 = DIRECTION('',(0.,0.,1.));
#4823 = DIRECTION('',(1.,0.,0.));
#4824 = PLANE('',#4825);
#4825 = AXIS2_PLACEMENT_3D('',#4826,#4827,#4828);
#4826 = CARTESIAN_POINT('',(94.,16.,10.));
#4827 = DIRECTION('',(0.,0.,1.));
#4828 = DIRECTION('',(1.,0.,0.));
#4829 = ADVANCED_FACE('',(#4830),#4849,.F.);
#4830 = FACE_BOUND('',#4831,.F.);
#4831 = EDGE_LOOP('',(#4832,#4833,#4841,#4848));
#4832 = ORIENTED_EDGE('',*,*,#4537,.F.);
#4833 = ORIENTED_EDGE('',*,*,#4834,.F.);
#4834 = EDGE_CURVE('',#4835,#4538,#4837,.T.);
#4835 = VERTEX_POINT('',#4836);
#4836 = CARTESIAN_POINT('',(1.85,-18.,3.));
#4837 = LINE('',#4838,#4839);
#4838 = CARTESIAN_POINT('',(1.85,-18.,3.));
#4839 = VECTOR('',#4840,1.);
#4840 = DIRECTION('',(0.,0.,1.));
#4841 = ORIENTED_EDGE('',*,*,#4842,.T.);
#4842 = EDGE_CURVE('',#4835,#4835,#4843,.T.);
#4843 = CIRCLE('',#4844,0.85);
#4844 = AXIS2_PLACEMENT_3D('',#4845,#4846,#4847);
#4845 = CARTESIAN_POINT('',(1.,-18.,3.));
#4846 = DIRECTION('',(0.,0.,1.));
#4847 = DIRECTION('',(1.,0.,0.));
#4848 = ORIENTED_EDGE('',*,*,#4834,.T.);
#4849 = CYLINDRICAL_SURFACE('',#4850,0.85);
#4850 = AXIS2_PLACEMENT_3D('',#4851,#4852,#4853);
#4851 = CARTESIAN_POINT('',(1.,-18.,3.));
#4852 = DIRECTION('',(0.,0.,1.));
#4853 = DIRECTION('',(1.,0.,0.));
#4854 = ADVANCED_FACE('',(#4855),#4861,.T.);
#4855 = FACE_BOUND('',#4856,.T.);
#4856 = EDGE_LOOP('',(#4857,#4858,#4859,#4860));
#4857 = ORIENTED_EDGE('',*,*,#4684,.F.);
#4858 = ORIENTED_EDGE('',*,*,#4637,.F.);
#4859 = ORIENTED_EDGE('',*,*,#4662,.T.);
#4860 = ORIENTED_EDGE('',*,*,#4580,.F.);
#4861 = PLANE('',#4862);
#4862 = AXIS2_PLACEMENT_3D('',#4863,#4864,#4865);
#4863 = CARTESIAN_POINT('',(19.,-40.11358789346,-23.67620330678));
#4864 = DIRECTION('',(0.,0.866025403784,-0.5));
#4865 = DIRECTION('',(0.,0.5,0.866025403784));
#4866 = ADVANCED_FACE('',(#4867),#4886,.F.);
#4867 = FACE_BOUND('',#4868,.F.);
#4868 = EDGE_LOOP('',(#4869,#4870,#4878,#4885));
#4869 = ORIENTED_EDGE('',*,*,#4704,.F.);
#4870 = ORIENTED_EDGE('',*,*,#4871,.F.);
#4871 = EDGE_CURVE('',#4872,#4705,#4874,.T.);
#4872 = VERTEX_POINT('',#4873);
#4873 = CARTESIAN_POINT('',(1.85,18.,3.));
#4874 = LINE('',#4875,#4876);
#4875 = CARTESIAN_POINT('',(1.85,18.,3.));
#4876 = VECTOR('',#4877,1.);
#4877 = DIRECTION('',(0.,0.,1.));
#4878 = ORIENTED_EDGE('',*,*,#4879,.T.);
#4879 = EDGE_CURVE('',#4872,#4872,#4880,.T.);
#4880 = CIRCLE('',#4881,0.85);
#4881 = AXIS2_PLACEMENT_3D('',#4882,#4883,#4884);
#4882 = CARTESIAN_POINT('',(1.,18.,3.));
#4883 = DIRECTION('',(0.,0.,1.));
#4884 = DIRECTION('',(1.,0.,0.));
#4885 = ORIENTED_EDGE('',*,*,#4871,.T.);
#4886 = CYLINDRICAL_SURFACE('',#4887,0.85);
#4887 = AXIS2_PLACEMENT_3D('',#4888,#4889,#4890);
#4888 = CARTESIAN_POINT('',(1.,18.,3.));
#4889 = DIRECTION('',(0.,0.,1.));
#4890 = DIRECTION('',(1.,0.,0.));
#4891 = ADVANCED_FACE('',(#4892),#4911,.F.);
#4892 = FACE_BOUND('',#4893,.F.);
#4893 = EDGE_LOOP('',(#4894,#4895,#4903,#4910));
#4894 = ORIENTED_EDGE('',*,*,#4766,.F.);
#4895 = ORIENTED_EDGE('',*,*,#4896,.F.);
#4896 = EDGE_CURVE('',#4897,#4767,#4899,.T.);
#4897 = VERTEX_POINT('',#4898);
#4898 = CARTESIAN_POINT('',(94.85,-16.,3.));
#4899 = LINE('',#4900,#4901);
#4900 = CARTESIAN_POINT('',(94.85,-16.,3.));
#4901 = VECTOR('',#4902,1.);
#4902 = DIRECTION('',(0.,0.,1.));
#4903 = ORIENTED_EDGE('',*,*,#4904,.T.);
#4904 = EDGE_CURVE('',#4897,#4897,#4905,.T.);
#4905 = CIRCLE('',#4906,0.85);
#4906 = AXIS2_PLACEMENT_3D('',#4907,#4908,#4909);
#4907 = CARTESIAN_POINT('',(94.,-16.,3.));
#4908 = DIRECTION('',(0.,0.,1.));
#4909 = DIRECTION('',(1.,0.,0.));
#4910 = ORIENTED_EDGE('',*,*,#4896,.T.);
#4911 = CYLINDRICAL_SURFACE('',#4912,0.85);
#4912 = AXIS2_PLACEMENT_3D('',#4913,#4914,#4915);
#4913 = CARTESIAN_POINT('',(94.,-16.,3.));
#4914 = DIRECTION('',(0.,0.,1.));
#4915 = DIRECTION('',(1.,0.,0.));
#4916 = ADVANCED_FACE('',(#4917),#4936,.F.);
#4917 = FACE_BOUND('',#4918,.F.);
#4918 = EDGE_LOOP('',(#4919,#4920,#4928,#4935));
#4919 = ORIENTED_EDGE('',*,*,#4816,.F.);
#4920 = ORIENTED_EDGE('',*,*,#4921,.F.);
#4921 = EDGE_CURVE('',#4922,#4817,#4924,.T.);
#4922 = VERTEX_POINT('',#4923);
#4923 = CARTESIAN_POINT('',(94.85,16.,3.));
#4924 = LINE('',#4925,#4926);
#4925 = CARTESIAN_POINT('',(94.85,16.,3.));
#4926 = VECTOR('',#4927,1.);
#4927 = DIRECTION('',(0.,0.,1.));
#4928 = ORIENTED_EDGE('',*,*,#4929,.T.);
#4929 = EDGE_CURVE('',#4922,#4922,#4930,.T.);
#4930 = CIRCLE('',#4931,0.85);
#4931 = AXIS2_PLACEMENT_3D('',#4932,#4933,#4934);
#4932 = CARTESIAN_POINT('',(94.,16.,3.));
#4933 = DIRECTION('',(0.,0.,1.));
#4934 = DIRECTION('',(1.,0.,0.));
#4935 = ORIENTED_EDGE('',*,*,#4921,.T.);
#4936 = CYLINDRICAL_SURFACE('',#4937,0.85);
#4937 = AXIS2_PLACEMENT_3D('',#4938,#4939,#4940);
#4938 = CARTESIAN_POINT('',(94.,16.,3.));
#4939 = DIRECTION('',(0.,0.,1.));
#4940 = DIRECTION('',(1.,0.,0.));
#4941 = ADVANCED_FACE('',(#4942),#4945,.T.);
#4942 = FACE_BOUND('',#4943,.F.);
#4943 = EDGE_LOOP('',(#4944));
#4944 = ORIENTED_EDGE('',*,*,#4842,.F.);
#4945 = PLANE('',#4946);
#4946 = AXIS2_PLACEMENT_3D('',#4947,#4948,#4949);
#4947 = CARTESIAN_POINT('',(1.,-18.,3.));
#4948 = DIRECTION('',(0.,0.,1.));
#4949 = DIRECTION('',(1.,0.,0.));
#4950 = ADVANCED_FACE('',(#4951),#4954,.T.);
#4951 = FACE_BOUND('',#4952,.F.);
#4952 = EDGE_LOOP('',(#4953));
#4953 = ORIENTED_EDGE('',*,*,#4879,.F.);
#4954 = PLANE('',#4955);
#4955 = AXIS2_PLACEMENT_3D('',#4956,#4957,#4958);
#4956 = CARTESIAN_POINT('',(1.,18.,3.));
#4957 = DIRECTION('',(0.,0.,1.));
#4958 = DIRECTION('',(1.,0.,0.));
#4959 = ADVANCED_FACE('',(#4960),#4963,.T.);
#4960 = FACE_BOUND('',#4961,.F.);
#4961 = EDGE_LOOP('',(#4962));
#4962 = ORIENTED_EDGE('',*,*,#4904,.F.);
#4963 = PLANE('',#4964);
#4964 = AXIS2_PLACEMENT_3D('',#4965,#4966,#4967);
#4965 = CARTESIAN_POINT('',(94.,-16.,3.));
#4966 = DIRECTION('',(0.,0.,1.));
#4967 = DIRECTION('',(1.,0.,0.));
#4968 = ADVANCED_FACE('',(#4969),#4972,.T.);
#4969 = FACE_BOUND('',#4970,.F.);
#4970 = EDGE_LOOP('',(#4971));
#4971 = ORIENTED_EDGE('',*,*,#4929,.F.);
#4972 = PLANE('',#4973);
#4973 = AXIS2_PLACEMENT_3D('',#4974,#4975,#4976);
#4974 = CARTESIAN_POINT('',(94.,16.,3.));
#4975 = DIRECTION('',(0.,0.,1.));
#4976 = DIRECTION('',(1.,0.,0.));
#4977 = ADVANCED_FACE('',(#4978),#4988,.T.);
#4978 = FACE_BOUND('',#4979,.T.);
#4979 = EDGE_LOOP('',(#4980,#4981,#4982,#4983,#4984,#4985,#4986,#4987));
#4980 = ORIENTED_EDGE('',*,*,#499,.F.);
#4981 = ORIENTED_EDGE('',*,*,#167,.T.);
#4982 = ORIENTED_EDGE('',*,*,#31,.T.);
#4983 = ORIENTED_EDGE('',*,*,#103,.T.);
#4984 = ORIENTED_EDGE('',*,*,#367,.F.);
#4985 = ORIENTED_EDGE('',*,*,#415,.T.);
#4986 = ORIENTED_EDGE('',*,*,#440,.F.);
#4987 = ORIENTED_EDGE('',*,*,#471,.F.);
#4988 = CYLINDRICAL_SURFACE('',#4989,73.);
#4989 = AXIS2_PLACEMENT_3D('',#4990,#4991,#4992);
#4990 = CARTESIAN_POINT('',(-20.,0.,65.));
#4991 = DIRECTION('',(1.,0.,0.));
#4992 = DIRECTION('',(0.,0.,1.));
#4993 = ( GEOMETRIC_REPRESENTATION_CONTEXT(3) 
GLOBAL_UNCERTAINTY_ASSIGNED_CONTEXT((#4997)) 
GLOBAL_UNIT_ASSIGNED_CONTEXT((#4994,#4995,#4996)) REPRESENTATION_CONTEXT
('Context #1','3D Context with UNIT and UNCERTAINTY') );
#4994 = ( LENGTH_UNIT() NAMED_UNIT(*) SI_UNIT(.MILLI.,.METRE.) );
#4995 = ( NAMED_UNIT(*) PLANE_ANGLE_UNIT() SI_UNIT($,.RADIAN.) );
#4996 = ( NAMED_UNIT(*) SI_UNIT($,.STERADIAN.) SOLID_ANGLE_UNIT() );
#4997 = UNCERTAINTY_MEASURE_WITH_UNIT(LENGTH_MEASURE(1.E-06),#4994,
  'distance_accuracy_value','confusion accuracy');
#4998 = PRODUCT_RELATED_PRODUCT_CATEGORY('part',$,(#7));
ENDSEC;
END-ISO-10303-21;
